id,价格,评价,评价日期,票务类型,评论,
地狱渣女LOVE,165,5,2021.10.14,兰州极地海洋世界门票成人票,「海狮剧场」特别有意思哈，【环境】不错，干净整洁利落【交通】方便 还有停车场    里面还有小孩子玩的东西    娱乐设施 【项目】里面的设计各方面都非常不错的 【餐饮】干净  好吃不腻 强烈推荐过来玩儿 而且现在美团上还有活动    特别的优惠 一家人的话 不到300块钱就可以玩的 很高兴 有时间的话 还会再来的 如果能够再增加一些项目  那肯定会更完美,
byp552590058,165,5,2021.10.09,None, ,
DCQ506311200,165,4,2021.10.25,兰州极地海洋世界门票成人票,特别好玩，甘肃最好玩的海洋世界,
cII330687117,165,4,2021.10.04,兰州极地海洋世界门票儿童/学生/老人/残疾人/军人票,位置还挺好找的，整个店面的话气质并不是很大，里面动物也不算太多，但在内裤地区的兰州来说的话已经很不错了。里面有人鱼表演，海豚还是海狮表演，都挺不错的。只不过海底世界有点小了。价格稍微在便宜一些就更好了。,
匿名用户,165,3,2021.10.12,None, ,
傻傻行家,165,3,2021.12.02,兰州极地海洋世界门票（亲子2大1小票）,【交通】西固往那南山路直达【环境】漂亮，干净【项目】比榆中那边小，设施少【餐饮】只有零食店，烤肠【体验】还行，宝宝挺开心，就是跟海狮合照一次15只是手机拍，有照片就好了,
牛崽哩,165,3,2021.10.18,兰州极地海洋世界门票成人票,带宝宝溜达海洋世界。还不错。虽然不是很大，也有蛮多小动物，进去关注美人鱼和海狮表演时间合理安排时间。这两个我觉得必看。可以喂食，我家宝给鱼和海龟喂食了。工作人员认真负责。,
豆豆晖,165,3,2021.12.01,兰州极地海洋世界门票（亲子2大1小票）,感觉可以    有部分区域在装修   有点味道  其余比较满意,
王德志8605800,165,3,2021.11.09,兰州极地海洋世界门票成人票,节目店里空间非常大，环境氛围非常好，整个过程下来真的非常舒服,
美丽朵77,165,4,2021.11.02,兰州极地海洋世界夜场票成人票,夜场价格划算啊宝宝们玩的很开心！喜欢夜场价格划算啊宝宝们玩的很开心！喜欢夜场价格划算啊宝宝们玩的很开心！喜欢,
AJu861755358,165,4,2021.11.19,兰州极地海洋世界门票儿童/学生/老人/军人/残疾人票,极地海洋世界，是一个值得带孩子去的好地方。,
hZS140038154,165,4,2021.10.22,兰州极地海洋世界门票成人票,感觉还可以吧，主要是去的时候在维修所以好多没看到有点遗憾,
故乡的桥头,165,3,2021.11.30,兰州极地海洋世界门票成人票,五一休假带孩子去玩的，里面很多好玩的很大，还有人鱼海狮表演，就是我们下午去的有点迟，没有参观完工作人员就下班了。,
哈啦德玛西亚,165,1,2021.10.12,兰州极地海洋世界门票成人票, ,
卡尔伯斯！！！,165,3,2021.12.03,兰州极地海洋世界门票成人票,还可以，建议大家不要在里面让他们给你拍照，100块拍的那啥照片啊，心里老不舒服了。,
SRL901832948,165,3,2021.10.03,兰州极地海洋世界门票成人票,本来国庆去的，人比较多，就看看而已，水里的生物很梦幻，有几处地方需要说一下，一个是免费照相，真的是个坑，大家别被忽悠，演出是几个人穿几件美人鱼的衣服游泳的，把大家还羡慕不行了，总体来说，在西北还合算，南方的话，就太low了，一百四还有点贵，感觉不值这个价。,
cTj636077119,165,5,2021.10.06,兰州极地海洋世界门票成人票,感觉很不错 比蹦迪快乐 很有意思,
VnG386607788,165,5,2021.10.17,兰州极地海洋世界门票成人票,环境不错，项目多，表演精彩，鱼类种类很多，让小孩涨知识,
匿名用户,165,2,2021.11.30,兰州极地海洋世界门票成人票,进去都是人工制造，跟门牌不对称，进去感觉像是忽悠似的，不值得推荐去,
RdM374057066,165,3,2021.11.25,兰州极地海洋世界门票儿童/学生/老人/残疾人/军人票,热死了里边，人多拥挤，而且海狮标杆排队 美人鱼表演也没看见人太多了 一直在排队，不舒服,
XpB844879354,165,3,2021.12.02,兰州极地海洋世界门票医护人员免费票,很好玩，带孩子去的还不错，水母比较多，登光有点暗,
FoN594881398,165,4,2021.12.02,兰州极地海洋世界门票成人票,和我们家臭宝一起去的，挺喜欢的，建议改进基础设施。,
开心的哈哈啊,165,2,2021.12.02,兰州极地海洋世界门票成人票,和无缘的人第一次去，里面没什么好看的，收费还不低好像,
qBP586694537,165,3,2021.12.02,兰州极地海洋世界门票成人票,入园前均可购买,我们一家三口一起去的，还可以，挺好的一次体验
Bjn349489036,165,1,2021.11.24,兰州极地海洋世界门票成人票,没多少可看的，门票还超级贵！比起西安成都的，简直就天上与地下的区别,
你好story,165,5,2021.10.15,兰州极地海洋世界门票儿童/学生/老人/军人/残疾人票,非常不错呢，值得一去。,
匿名用户,165,3,2021.11.29,兰州极地海洋世界夜场票儿童/学生/老人/残疾人/军人票,挺好玩的   比较有体验感  弟弟妹妹与小动物们的互动   挺有意思的,
zyg132522147,165,3,2021.11.30,兰州极地海洋世界门票成人票,水母区比较大 周末看表演的人很多,
匿名用户,165,3,2021.11.30,兰州极地海洋世界门票成人票,里面环境一般。动物还可以。服务挺好的,
PHV343842018,165,3,2021.12.01,兰州极地海洋世界门票成人票,很愉快的一天，小贝贝也玩的开心。,
lqi502559188,165,3,2021.11.28,兰州极地海洋世界门票成人票,整体还可以，就是人太多了，选人不多的时候去,
Bjn349489036,165,1,2021.11.24,兰州极地海洋世界门票成人票,去过一次再也不想去第二次的海洋馆，和真真的海洋馆差别太大,
dSm428659710,165,4,2021.12.02,兰州极地海洋世界门票成人票,好,
RdM374057066,165,3,2021.11.25,兰州极地海洋世界门票成人票,应还适当限流，人挤人，太不舒服了，而且空气不好闷,
匿名用户,165,2,2021.11.28,兰州极地海洋世界门票儿童/学生/老人/军人/残疾人票,太少，门票太贵，不值得推荐，主要太贵,
gue680566257,165,2,2021.11.27,兰州极地海洋世界门票成人票,就是进去的太迟了，好多项目表演没看到，下次再去,
土豆041,165,5,2021.12.02,兰州极地海洋世界门票成人票,好评！,
土豆041,165,5,2021.12.02,兰州极地海洋世界亲子门票（1大1小票）,好评！,
BpZ283768952,165,4,2021.10.02,兰州极地海洋世界门票儿童/学生/老人/军人/残疾人票,很棒，一定要和会拍照好朋友去一次！拍照绝美！,
爱佳艺454,165,3,2021.11.28,兰州极地海洋世界门票+海狮表演票成人票(地推),入园前均可购买,还不错，值得去看。孩了很喜欢，以后还会再来。
LIH316182439,165,4,2021.12.01,兰州极地海洋世界门票成人票,还行吧,
hui1227,165,3,2021.11.26,兰州极地海洋世界门票儿童/学生/老人/残疾人/军人票,在大西北能有这么一个也算是可以了,
Bjn349489036,165,1,2021.11.24,兰州极地海洋世界门票儿童/学生/老人/军人/残疾人票,太差劲了！想看的都没有，门票还贵,
sbO57227513,165,2,2021.11.21,兰州极地海洋世界门票成人票,比起上一次  太逊色了  海豚也不见了  没有大型鱼类  水母也变少了,
Wmj330556169,165,4,2021.11.26,兰州极地海洋世界门票儿童/学生/老人/残疾人/军人票,很不错，【环境】很好【交通】便利,
匿名用户,165,2,2021.11.26,兰州极地海洋世界门票成人票,很一般没有什么可期待的。啊啊啊啊啊啊啊啊啊,
耳旁的流星,165,4,2021.11.27,兰州极地海洋世界门票成人票,非常不错，孩子很喜欢，值得看看,
ZdV722559967,165,1,2021.11.19,兰州极地海洋世界门票成人票,简直不值这个钱，啥东西都没有，没有什么可以玩的，海洋鱼类太少,
匿名用户,165,4,2021.10.05,兰州极地海洋世界门票成人票,不错，很喜欢，特别是孩子们玩的挺不错的，也有小小的惊喜！,
羊好,165,3,2021.10.04,兰州极地海洋世界门票成人票,还不错，特点就是有个美人鱼表演孩子挺喜欢的,
ppdadada,165,4,2021.10.07,兰州极地海洋世界门票成人票,挺好的，十一去人多是不可避免的，总得来说还不错，停车也比较方便,
匿名用户,165,2,2021.11.25,兰州极地海洋世界门票成人票,呵呵，就这？ 用两字 “就这”来评价吧,
匿名用户,165,4,2021.11.22,兰州极地海洋世界门票+海狮表演票成人票(地推),入园前均可购买,环境优美，服务周到，介绍跟实际一样，真实！
萱萱耀你美X,165,4,2021.09.13,兰州极地海洋世界门票成人票, ,
nsG783709910,165,2,2021.11.03,兰州极地海洋世界门票成人票,就是海洋生物比较少，空间也小，没啥可玩的,
匿名用户,165,2,2021.10.06,兰州极地海洋世界门票成人票,没想象中那么惊喜，水母应该算是最佳吧,
羊好,165,3,2021.10.04,兰州极地海洋世界门票儿童/学生/老人/军人/残疾人票,还不错，就喜欢那个美人鱼表演，挺喜欢的,
艾米的米朵,165,4,2021.11.21,兰州极地海洋世界门票成人票,带孩子玩挺好,
匿名用户,165,3,2021.09.08,兰州极地海洋世界门票大学生票,140票价有点贵，美人鱼表演不错，海豹活泼，只看到一只企鹅。,
随风飘落的泪花,165,5,2021.11.13,兰州极地海洋世界门票成人票,跟女朋友去的，现在已经是我的老婆了，感谢这个神奇的地方。,
匿名用户,165,3,2021.11.19,兰州极地海洋世界门票成人票,还可以种类多，小孩去特别开心，，，，，，，，,
超摇滚的大叔,165,3,2021.11.19,兰州极地海洋世界女神节门票女士票,还可以 不是特别大 主要是小孩喜欢,
星空下的回望,165,1,2021.11.21,兰州极地海洋世界门票成人票,真心划不来，感觉里面就没有什么。,
刘育,165,5,2021.11.19,兰州极地海洋世界门票儿童/学生/老人/军人/残疾人票, ,
WQE881618858,165,5,2021.11.19,兰州极地海洋世界门票大学生票,很不错哦，很好玩儿，最好是带女朋友一起去,
刘育,165,5,2021.11.19,兰州极地海洋世界门票成人票, ,
考拉的男人,165,3,2021.11.17,兰州极地海洋世界门票儿童/学生/老人/残疾人/军人票,个人感觉还可以，空间再大点就到位了,
Nmk312301092,165,1,2021.10.12,兰州极地海洋世界门票成人票,设施破旧，在底下负一层，空气不流通，里面味道不好闻，也没有出口入口的标识牌，里面的海洋生物特别少，这是我去过最差的一个海洋馆，里面小孩玩的挖沙还有额外消费，不建议购买！游玩体验不好！,
wt070911,165,2,2021.11.15,兰州极地海洋世界门票成人票,一般般，没有惊喜。感觉图片有点夸张了，幅度太大。,
KGd438826884,165,3,2021.11.15,兰州极地海洋世界门票儿童/学生/老人/军人/残疾人票,还可以吧，谈不上很好，也谈不上不好，暑假没地方去,
KGd438826884,165,3,2021.11.15,兰州极地海洋世界门票成人票,没有想象的好，但是也没什么好玩的地方了啊,
yzm811604,165,3,2021.11.14,兰州极地海洋世界门票成人票,离别的心情，跟将要分开的人一块去的。都没怎么好好观看,
rWJ168923120,165,3,2021.09.08,兰州极地海洋世界门票成人票,美人鱼表演不错，其他的海洋动物数量不太多。,
KxO563845496,165,5,2021.10.05,兰州极地海洋世界门票成人票,很漂亮，孩子开心的不得了。大家可以去体验,
FBc456695035,165,2,2021.11.14,兰州极地海洋世界门票儿童/学生/老人/残疾人/军人票,去的时候大多项目都关了，而且就进去半小时，没转完都,
gfi311667086,165,2,2021.11.15,兰州极地海洋世界门票儿童/学生/老人/残疾人/军人票,60分，有点贵。感觉不是很值！！有的景点还在施工,
xxI,165,4,2021.11.16,兰州极地海洋世界门票成人票,环境挺好的,
JEM716963450,165,1,2021.10.03,兰州极地海洋世界门票成人票,真的不值，乱哄哄的，什么都没有，设施又陈旧！谁去谁后悔！服务态度也真是绝了，门口的保安真的比你爸还厉害，吼你那都不算啥，停车费如果不收现金，好好说不可以么，凶的要死，要了停车发票，保安告诉我没有，还是一样凶的一批，这种地方说没有发票合适么？,
Rwh545565147,165,3,2021.11.15,兰州极地海洋世界门票成人票,还不错，里边很多动物，推荐水母区,
gfi311667086,165,2,2021.11.15,兰州极地海洋世界门票成人票,60分，感觉票价还是有点贵，140不是很值。,
Wzn345037562,165,5,2021.11.18,兰州极地海洋世界门票成人票,环境很好,
匿名用户,165,2,2021.11.06,兰州极地海洋世界门票成人票,超级一般，说实话只适合小孩子去看，超过小学的去了都会觉得没啥意思，骗人的一样。,
Iqe986748946,165,4,2021.10.15,兰州极地海洋世界门票成人票,带孩子和母亲来的，母亲说门票太贵，可是再贵我都愿意带她们来看一下，孩子感受很深，我也是很难忘这次旅行，有生之年，我希望带父母和孩子去全国各地旅游，现在正在努力！,
狼行天下700,165,3,2021.11.07,兰州极地海洋世界门票成人票,看到评价还不错就来了，确实跟大家夸的没有出入，希望继续保持噢看到评价还不错就来了。,
匿名用户,165,1,2021.10.24,兰州极地海洋世界门票成人票,去了现场跟宣传和照片推广的根本就不是一个档次的，忽悠人拍照，真的是与140元的门票匹配不到一起，很失望，感觉钱花得很冤枉,
音恋花,165,3,2021.11.11,兰州极地海洋世界门票成人票,还不错，就是有部分区域去的时候在装修，没看到,
匿名用户,165,1,2021.10.18,兰州极地海洋世界门票成人票,里面一大部分装修，能看的地方很少，70块一个人的票价没有性价比，还有部分淡水鱼，花鱼市场就能看到，人鱼表演只有一个人，企鹅只有一只，来了很多次，这是感觉最差的一次。,
王炸脑瓜子嗡嗡的,165,3,2021.11.06,兰州极地海洋世界门票成人票,没有以前的好了，无论是节目还是动物种类！设施也老旧厉害,
Hti824088881,165,1,2021.11.14,兰州极地海洋世界门票儿童/学生/老人/军人/残疾人票,去了正在装修，里面也没啥意思。。,
匿名用户,165,2,2021.10.01,兰州极地海洋世界门票成人票,140元真的不值，什么都没有就简单几个水母和鱼。男美人鱼就时间特别短就回去了,
Hti824088881,165,1,2021.11.14,兰州极地海洋世界门票成人票,去了里面正在装修，没啥意思。。,
aYZ600289879,165,2,2021.11.08,兰州极地海洋世界门票成人票,我们去的时候正在装修，好多都没有参观上，有点儿小失望,
xIc406377629,165,3,2021.11.09,兰州极地海洋世界门票儿童/学生/老人/军人/残疾人票,需要改造，现在人越来越少了，还是祝生意兴隆,
kOU920350396,165,1,2021.10.02,兰州极地海洋世界门票儿童/学生/老人/军人/残疾人票,垃圾，喂海狮，20元就一条小鱼分成四段。10元喂锦鲤，有些奶瓶里没有鱼食，服务态度特别恶劣。比大名城差多了！一点不值！黑乎乎的，体验一点不好。美人鱼表演，人全部一拥而上，根本看不见，厕所又黑又脏。,
PUk278657674,165,2,2021.11.09,兰州极地海洋世界门票成人票,设施还不错，服务非常周到，环境也不错，,
匿名用户,165,1,2021.10.28,兰州极地海洋世界门票成人票,70就进去转了一圈不到两分钟全走完  后悔死了  两个大人买了票  我老公走了一圈门口坐着去等我们了  太不划算了,
匿名用户,165,3,2021.11.04,兰州极地海洋世界门票成人票,兰州极地海洋世界仍需努力改善娱乐项目，增加互动体验式项目,
匿名用户,165,5,2021.09.02,兰州极地海洋世界门票成人票,没有白来，动物们都很机灵可爱，推荐大家前往！,
陈晨6092,165,3,2021.11.10,兰州极地海洋世界门票成人票,还可以吧！呵呵呵呵，下次反正我是不去了。,
匿名用户,165,2,2021.11.05,兰州极地海洋世界门票成人票,环境一般，「梦幻水母区」，味道有点大,
野狼麦克,165,3,2021.11.04,兰州极地海洋世界门票成人票,可以，带孩子去玩，很满意，推荐，价格还可以,
匿名用户,165,1,2021.10.24,兰州极地海洋世界门票儿童/学生/老人/军人/残疾人票,纯属浪费钱没有一点意思，脏乱差，还用的是很久以前的老套路免费拍超出口拿照片又要钱,
hqd5208,165,2,2021.11.04,兰州极地海洋世界门票成人票,没有想的那么好，不会再去了，不值得,
mKP580358036,165,3,2021.11.05,兰州极地海洋世界门票成人票,一般，也可以去一下，价格有些高,
duC189199243,165,3,2021.10.16,兰州极地海洋世界门票成人票,里面有一部分是宠物，自己也有养过。再就是那些狐狸呀，猴子呀，看着看着吧，就觉得大自然森林才是它们的家园。在笼子里，它们那种无奈，看着心酸。,
三只企鹅123,165,5,2021.11.07,兰州极地海洋世界门票成人票,很有意思，建议带孩子去看看！,
RDp197780158,165,2,2021.10.03,兰州极地海洋世界门票成人票,里面不大，一个小时可以转完，就海狮表演可以看一会，,
kOU920350396,165,1,2021.10.02,兰州极地海洋世界门票成人票,差评！里面腥臭，肮脏。服务态度特别恶劣，不建议。厕所又黑又臭。骗钱的。海龟的水上一层油腻的脏东西。海狮的地方一股腥臭味，20元喂一次，就一条小鱼剁了几段。垃圾。,
Jbb666513524,165,3,2021.11.04,兰州极地海洋世界门票成人票,带妈妈和儿子去的，妈妈觉得也不是错,
OVN715106369,165,5,2021.11.02,兰州极地海洋世界门票成人票,有宝宝的真的建议去看看。孩子会很喜欢的,
爱喝酸奶的蓝莓,165,4,2021.08.15,兰州极地海洋世界金榜题名双一流（学生两人门票）,还可以，美团的价格比较良心，里面有美人鱼表演还有一个什么表演来着忘记了，因为错过了没有赶上，里面动物还是挺多的，地方也挺大，就一直走一直拍照，浪了一个下午，和好朋友以前去的，个人觉得还OK啦。值得去一趟哦,
TYH843646037,165,2,2021.11.01,兰州极地海洋世界女神节门票女士票,一点也不好，什么也没有，带娃去啥也看不上,
孑立00,165,3,2021.09.22,兰州极地海洋世界门票成人票,总体来说还可以，适合带小朋友来,
Hvx145539605,165,3,2021.10.24,兰州极地海洋世界门票亲子（1大1小）票,小孩子们的天堂，大人去实现是没什么意思、去那种地方主要是为了小孩,
rKK251586965,165,4,2021.11.02,兰州极地海洋世界成人票,挺好的，就是票价高点,
匿名用户,165,5,2021.11.02,兰州极地海洋世界门票成人票,好评,
匿名用户,165,5,2021.11.02,兰州极地海洋世界门票成人票,好评,
DK安先生,165,4,2021.11.01,兰州极地海洋世界女神节门票女士票,有机会一定要去看看海底世界,
匿名用户,165,3,2021.10.25,兰州极地海洋世界门票成人票,很不错    进去孩子玩的很开心   就是里面没有自助饮料机,
银花镯,165,2,2021.10.04,兰州极地海洋世界门票儿童/学生/老人/军人/残疾人票,节目太少，尤其冰河世纪区啥都没有，光走了一个过道，没看到企鹅，卫生很差，到处是垃圾。不过水母区还是很不错的。希望能得到改善。,
匿名用户,165,4,2021.11.01,兰州极地海洋世界门票成人票,适合小朋友们去探索,
boy2006yh,165,3,2021.09.26,兰州极地海洋世界门票成人票,去的时候正在装修，动物有点少，交通还算便利,
AFz263934370,165,3,2021.11.01,兰州极地海洋世界门票成人票, ,
米米米ggv,165,2,2021.10.26,兰州极地海洋世界门票成人票,小，不是很好玩，设备很老，没啥意思,
bMA106811474,165,2,2021.10.24,兰州极地海洋世界门票成人票,门票有点贵，性价比不高，其他还好吧,
tDJ868552734,165,3,2021.10.25,兰州极地海洋世界门票成人票,【环境】【交通】【项目】【餐饮】「热带海洋区」,
hHn149139005,165,2,2021.10.26,兰州极地海洋世界门票成人票,感觉一般吧，出门还不好打车，。还，，，,
方得之音,165,3,2021.10.22,兰州极地海洋世界门票儿童/学生/老人/残疾人/军人票,姐，驾驶去的，去的时候人山人海，非常拥挤，里面的东西还可以吧！,
Bjd537515541,165,1,2021.10.21,兰州极地海洋世界门票成人票,不是想象中的好，环境各方面一般，有一段还在维修，失望,
Man248802991,165,4,2021.10.23,兰州极地海洋世界儿童/学生/老人/军人/残疾人票门票,总体很漂亮，是个令人放松的地方,
liumeilan18,165,3,2021.10.20,兰州极地海洋世界门票成人票,还可以，孩子比较喜欢。因为是假期，人太多，有些闷热,
zzE395141593,165,3,2021.07.02,兰州极地海洋世界门票成人票,整体不错，去的时候赶上有一项维护装修，也不影响我感受那十几米的海洋馆玻璃通道，毕竟第一次身临其境，不惊喜也不失落，主要孩子们很开心，有好多没照片。如果是陪孩子，老人还是不错的景区，里面有吃饭的地方，还有额外的表演节目，有动物零距离照相。,
晓晓的人儿,165,2,2021.10.04,兰州极地海洋世界门票成人票,【项目】太少    等了好久都没有人鱼表演   太坑   而且一半都是游戏厅之类的【环境】还行【交通】方便不推荐,
逍遥小坚坚,165,3,2021.10.23,兰州极地海洋世界门票成人票,还行。总体凑合，就是价钱再透明点。,
只求一份安定559,165,3,2021.10.25,兰州极地海洋世界门票成人票,还不错，宝宝玩的很开心，！！！！！,
一切向好676,165,3,2021.10.16,兰州极地海洋世界门票成人票,检票口拍照都不要拍了，不是免费的，出来取相片的时候要20块钱，直接选择不拍就行,
晴天0208_wo,165,3,2021.10.15,兰州极地海洋世界门票儿童/学生/老人/残疾人/军人票,挺好，带着两宝贝去的，孩子们很新奇，海洋物种也丰富,
fXt363929580,165,1,2021.10.01,兰州极地海洋世界门票成人票,不建议去140元，什么没有时间太短一小时完事,
殇染漠,165,2,2021.10.19,兰州极地海洋世界门票成人票,去了一次你就在不会想要再去 也就是一锤子买卖,
zyzy九月,165,3,2021.10.22,兰州极地海洋世界门票成人票,周边游，出行方便便利设施齐全！,
温柔的冲动,165,5,2021.10.21,兰州极地海洋世界门票成人票,好评，不错，值得推荐，强烈推荐,
海涛91889,165,3,2021.10.15,兰州极地海洋世界门票儿童/学生/老人/残疾人/军人票,挺好的，大西北搞了个这玩意。就是下面比较冷。小孩子要注意。,
rgF216943937,165,3,2021.10.21,兰州极地海洋世界大学生专属票,【环境】【交通】【项目】【餐饮】【项目】【交通】,
匿名用户,165,3,2021.10.18,兰州极地海洋世界女神节门票女士票,还可以，里面环境和空气质量指数很不错,
匿名用户,165,2,2021.10.17,兰州极地海洋世界门票成人票,一般 生物也少一般一般一般一般一般一般一般,
匿名用户,165,3,2021.10.18,兰州极地海洋世界门票成人票,设施完善，适合各个年龄阶段的朋友们加入,
丶张小明,165,2,2021.10.13,兰州极地海洋世界门票成人票,真的很一般，不算差，不值得专门跑一趟，实在闲得无聊可以来一次,
匿名用户,165,1,2021.10.17,兰州极地海洋世界门票成人票,太糟糕了，还没到时间工作人员就一直催促你离开。,
团团吧2011,165,4,2021.10.19,兰州极地海洋世界门票成人票,非常棒，去的人很多,
匿名用户,165,3,2021.10.22,兰州极地海洋世界门票成人票,还行12345678901234567890,
G小x,165,3,2021.10.15,兰州极地海洋世界门票儿童/学生/老人/军人/残疾人票,地方小价位高这就是我的总体感觉,
LnV548508732,165,4,2021.06.30,兰州极地海洋世界门票成人票, ,
tLF946431389,165,3,2021.10.20,兰州极地海洋世界门票成人票, ,
uht556148634,165,3,2021.10.17,兰州极地海洋世界儿童/学生/老人/军人/残疾人票门票,服务态度很好，环境不错不错，值得去哪里看看。,
VWq590265588,165,3,2021.10.15,兰州极地海洋世界门票成人票,去的时候正在装修，场馆还是小一些，还不错吧！,
Hmz225133102,165,3,2021.10.15,兰州极地海洋世界门票成人票,整体还可以吧，就是门票有点贵，希望门票能稍微降下,
LoS811431019,165,4,2021.10.02,兰州极地海洋世界门票成人票,环境不错，就是人太多了，看个美人鱼表演，差点挤掉我半条命，不是节假日的时候可以带孩子去，适合小孩子,
VNJ535441553,165,3,2021.10.15,兰州极地海洋世界门票成人票,入园前均可购买,服务很好，项目也多，孩子玩的很开心，对这次活动很满意
Oyu209980636,165,5,2021.08.30,兰州极地海洋世界门票儿童/学生/老人/军人/残疾人票,很不错，带孩子们去玩的，美人鱼表演好美，很值得去看，,
OhV985987617,165,1,2021.10.03,兰州极地海洋世界门票成人票,体验感极差，里面不通气，特别难受！没法和西安曲江海洋公园比。但是票价和曲江的差不多！不值得一去！,
麦洛条,165,3,2021.10.18,兰州极地海洋世界门票儿童/学生/老人/残疾人/军人票,体验还可以吧，总之去过两次了！还是不错！,
G小x,165,3,2021.10.15,兰州极地海洋世界门票成人票,还好吧，实话实说就是地方小价位高,
HHV113195145,165,5,2021.10.11,兰州极地海洋世界门票成人票,只有我一个觉得zzy的哭戏很是尴尬吗？吴京的内心戏太棒了，也很感动。,
wht520lb,165,2,2021.10.16,兰州极地海洋世界门票成人票,里面很小，没有什么可看的，一般般。,
小豹脾气MT,165,3,2021.10.17,兰州极地海洋世界门票成人票,带上孩子去玩挺不错的   周末可以领上去,
沐沐吃巴掌,165,2,2021.10.14,兰州极地海洋世界门票成人票,就那样，挺小的，我觉得还不如去兰州中心看那里的免费的呢,
QyX105910233,165,3,2021.07.28,兰州极地海洋世界门票儿童/学生/老人/军人/残疾人票, ,
匿名用户,165,3,2021.10.16,兰州极地海洋世界门票儿童/学生/老人/军人/残疾人票,检票口拍照都不要拍，免费的是没有背景的，有背景的20块，,
lYP244085683,165,2,2021.09.11,兰州极地海洋世界门票成人票,感觉很一般，票价还很贵，北极绒，海豚都是假的，工作人员的服务态度很差，感觉就牛的，最可笑的是极地海洋世界，把猴子，黄金蟒蛇，鹦鹉等等的都搞来了。肯定不会来第二次。,
fWC230714266,165,3,2021.10.16,兰州极地海洋世界门票儿童/学生/老人/军人/残疾人票,服务质量好，态度热情，值得推荐。谢谢啦！,
uht556148634,165,4,2021.10.17,兰州极地海洋世界门票医护人员免费票,好好好，值得游玩一天，不去会后悔的，玩的开心,
贺欣月,165,3,2021.10.09,兰州极地海洋世界门票成人票,还行吧 就是去的时候人太多了 里面的小零食卖的有点贵 其他都还好,
自由自在337,165,3,2021.09.11,兰州极地海洋世界门票儿童/学生/老人/残疾人/军人票,带孩子去玩的，感觉还可以，里面挺干净的，电脑合成海洋馆照相的其实可以说清楚，带孩子多数人都愿意给孩子留个纪念，没必要照完了再说要钱，这个顺序很重要！提前告知！,
xtl210266548,165,1,2021.10.14,兰州极地海洋世界门票成人票,太小了，没有海豚，就几条鱼，没意思，太贵了,
jKu817990736,165,1,2021.10.06,兰州极地海洋世界门票成人票,别的都不说了，服务态度特别差，小孩玩沙区域卖烤肠的小伙特别牛逼，服务态度特别恶劣,
rgO914549727,165,2,2021.10.12,兰州极地海洋世界门票成人票,里面鲨鱼太小了，一般般吧！个人感觉没意思,
yyz969,165,3,2021.10.13,兰州极地海洋世界亲子门票（1大1小票）,还不错，不大，带孩子可以看看……,
Lg同学,165,2,2021.10.05,兰州极地海洋世界门票成人票,天水专程过来的，地方太小了，鱼的种类太少，跟西安的没法比，表演也没西安的好看！,
yMi473793424,165,4,2021.10.18,兰州极地海洋世界门票成人票,满意好玩,
匿名用户,165,2,2021.10.10,兰州极地海洋世界门票成人票,140的门票，就看了10分钟的人学表演，确实越来越不行了,
anranxiaomei,165,3,2021.09.11,兰州极地海洋世界门票成人票,能让孩子感受到海洋动物的奇妙，还不错的选择！,
匿名用户,165,1,2021.10.08,兰州极地海洋世界门票儿童/学生/老人/军人/残疾人票,我们去的时候感觉没什么好看的，门票还比较贵,
静默167,165,2,2021.10.05,兰州极地海洋世界门票成人票,多数都是消费的，除了美人鱼，再没啥亮点，海豚，海狮那些都没有，等表演要等很久,
匿名用户,165,2,2021.09.20,兰州极地海洋世界门票成人票,地方太小了，设施简陋，在这样小的环境里面动物们还能养的这么好真的不容易，没看过海洋生育的可以去体验。去过大地方的就不推荐了。,
少爷1034,165,2,2021.10.13,兰州极地海洋世界门票成人票,设施可以，服务一般，整体感觉一般！,
Eva丶良人,165,3,2021.10.14,兰州极地海洋世界门票成人票,总体还行吧，总体来说还可以吧！,
可可爱爱王甜甜,165,5,2021.09.27,兰州极地海洋世界门票儿童/学生/老人/军人/残疾人票,孩子喂小鸟非常开心,
UFd318786968,165,5,2021.10.17,兰州极地海洋世界门票成人票,不错,
匿名用户,165,3,2021.10.10,兰州极地海洋世界门票成人票,水母区，热带海洋区，海狮表演都不错,
zJs758595269,165,1,2021.09.21,兰州极地海洋世界门票成人票,140的票价真的是骗钱的吧 20块钱我都嫌贵 全程无看点 感觉像是建在小区里的一个小作坊 还敢叫极地海洋世界？哪里来的勇气？,
NlX550833046,165,2,2021.10.09,兰州极地海洋世界成人票,就是个坑，照相比较贵，地方不是很大，海豚表演不错。,
我们在一起就是爱,165,3,2021.10.06,兰州极地海洋世界门票儿童/学生/老人/残疾人/军人票,带小孩她们喜欢就行，大人觉得不怎么样，太小了美人鱼表演的不怎么样,
匿名用户,165,4,2021.10.15,兰州极地海洋世界门票成人票,孩子玩的很开心,
匿名用户,165,4,2021.10.15,兰州极地海洋世界门票儿童/学生/老人/军人/残疾人票,孩子玩的很开心,
FtL485677789,165,3,2021.08.26,兰州极地海洋世界门票儿童/学生/老人/军人/残疾人票,看到蟒蛇以后 回来做了一晚上的梦,
HRl730960863,165,3,2021.10.14,兰州极地海洋世界门票成人票,对于第一次去的人还是可以的，。。。。。。。。,
风吹淡淡凉885,165,1,2021.10.11,兰州极地海洋世界门票成人票,除了表演，其它都是坑！不值140的门票！,
匿名用户,165,2,2021.10.10,兰州极地海洋世界门票成人票,花140，只看了10的人鱼表演，也没什么特别的,
Oky70741562,165,3,2021.10.08,兰州极地海洋世界门票成人票,门票价格偏贵，场馆综合体验和规模有待提高。,
iui251161801,165,2,2021.10.11,兰州极地海洋世界门票成人票,好垃圾的地方，除了水母就是水母,
PWR869632278,165,3,2021.10.09,兰州极地海洋世界门票成人票,还可以，服务员会主动打招呼，非常贴心，为服务好评,
匿名用户,165,3,2021.10.10,兰州极地海洋世界门票儿童/学生/老人/军人/残疾人票,环境还可以，还有海狮演出也很出色,
匿名用户,165,4,2021.06.02,兰州极地海洋世界（儿童节活动）门票亲子（1大1小）票,挺好的玩的开心就是出了点小差完了把手机丢了前台很热心帮我呼叫有帮忙打点电话，监控人员也不错帮忙调监控，虽然出了点以外手机被人拿走有送回来了前台有给我打电话我有去拿回来，虽然手机不值钱也不好，可里面有家人照片还有各种信息啥的找不回来很麻烦所以很感谢工作人员工作认真待人热情，下次有家人或朋友来会继续光临把海洋世界的美景以及表演介绍给大家。感恩感谢漂亮的前台美女还有监控的帅哥,
jKu817990736,165,1,2021.10.06,None,服务差，态度恶劣，卖烤肠的小伙特别牛逼，千万不要来。,
A张先生111,165,1,2021.10.08,兰州极地海洋世界门票儿童/学生/老人/军人/残疾人票,多少有点差，没几样值得欣赏，里面环境也不咋地,
杨石平,165,1,2021.07.16,兰州极地海洋世界夜场票成人票,原本是专门冲着夜场去的，结果啥啥都没有，就几分钟的美人鱼表演糊弄人呢。检票口的工作人员态度极差，问一下表演时间还不乐意说，让我自己听广播。给乌龟吃的剩饭残羹不说，又腥又脏。进去不到20分钟就转完了，感觉很不值。,
eIc146221434,165,1,2021.10.05,兰州极地海洋世界门票儿童/学生/老人/军人/残疾人票,没啥转的，进去半小时就出来了，海洋馆里还有兔子，我也是醉了,
hanyeC803,165,4,2021.10.11,兰州极地海洋世界门票儿童/学生/老人/残疾人/军人票,服务周到，环境优美，值得一游。,
Wld944849873,165,3,2021.10.03,兰州极地海洋世界门票儿童/学生/老人/残疾人/军人票,还不错服务非常贴心一级棒，毛巾也是消过毒的，可以放心大胆用^qUxJg$c'',
better7532,165,3,2021.10.10,兰州极地海洋世界门票成人票,140的门票，不太值得，慎重考虑,
WeS429560237,165,2,2021.09.21,兰州极地海洋世界门票成人票,一般般吧！价格太贵了，性价比不高！,
匿名用户,165,1,2021.07.16,兰州极地海洋世界夜场票成人票, ,
PeS735783836,165,2,2021.10.05,兰州极地海洋世界门票儿童/学生/老人/军人/残疾人票,一般，反正不会去第二次……没有地方去了可以转一下……不值那个钱……,
KOU954505581,165,3,2021.10.10,兰州极地海洋世界门票医护人员免费票,还不错，可以的，可以去看看，娃娃去挺好的。,
jRi130343627,165,3,2021.10.08,兰州极地海洋世界门票成人票, ,
tghappymm,165,3,2021.10.05,兰州极地海洋世界门票成人票,这次刚好碰到表演，两只海狮萌萌哒，还不错。,
Tae576230965,165,1,2021.10.04,兰州极地海洋世界门票儿童/学生/老人/军人/残疾人票,建议大家不要去，基本啥也没有，不值得去，想去还是大名城的海洋馆,
zLK882790263,165,2,2021.10.08,兰州极地海洋世界门票成人票,服务可以，里面不怎么样，种类太少，没什么可看的,
翕,165,3,2021.10.07,兰州极地海洋世界门票成人票,妥妥智商税啊，一般般，不能好评,
夜色阑珊66607,165,4,2021.10.08,兰州极地海洋世界门票成人票,还不错  第一次去  挺好的,
宸G宸,165,5,2021.08.14,兰州极地海洋世界门票儿童/学生/老人/军人/残疾人票,三个孩子玩美了，第一次去，感觉特别好，孩子们非常喜欢,
匿名用户,165,4,2021.10.12,兰州极地海洋世界门票成人票,还可以,
KANG072364,165,4,2021.10.12,兰州极地海洋世界亲子门票（1大1小票）,还可以,
生如夏花49502,165,4,2021.10.08,兰州极地海洋世界门票（儿童/学生/老人/残疾人/记者/军人票）,【环境】很好，表演也很美，期待下次有更好的表演,
mea196796336,165,1,2021.10.08,兰州极地海洋世界门票成人票,啥也没有，门票还那么贵，一点都不值,
EkW124000210,165,2,2021.10.06,兰州极地海洋世界门票儿童/学生/老人/军人/残疾人票,期望很高，去了感觉不值140元的票价。一般般,
ZSv246261461,165,3,2021.10.04,兰州极地海洋世界门票成人票, ,
慕如君,165,3,2021.10.03,兰州极地海洋世界门票成人票,还不错，孩子很喜欢，如果再引进海豚就更好了,
raq649475422,165,3,2021.10.07,兰州极地海洋世界成人票,还行，如果在能进变大一点就好了，,
Zuq324363200,165,4,2021.10.08,兰州极地海洋世界门票成人票,这服务，确实没得说，推荐推荐推荐,
单调的大叔,165,1,2021.10.03,兰州极地海洋世界门票成人票,到点的人鱼表演等半天也不演，人多的要死，小孩等半天很失望,
匿名用户,165,1,2021.10.06,兰州极地海洋世界门票成人票,超级不推荐去 门票死贵 里面没一点意思,
yuT869248212,165,2,2021.10.06,兰州极地海洋世界门票儿童/学生/老人/军人/残疾人票,馆比较小，表演场地也很小，门票有些贵,
tghappymm,165,3,2021.10.05,兰州极地海洋世界门票成人票,水母区有好多水母，介绍也比较详细。,
生如夏花49502,165,3,2021.10.08,兰州极地海洋世界门票成人票,环境很好，表演也很美，期待下次光临,
mcx0715,165,5,2021.10.07,兰州极地海洋世界门票成人票,特别好，玩的很开心！！！！！,
raq649475422,165,3,2021.10.07,兰州极地海洋世界儿童/学生/老人/军人/残疾人票门票,还行，还需要改进，在大一点吧，还行。,
nEB144378478,165,3,2021.10.03,兰州极地海洋世界门票成人票,还可以吧，去的时候有一部分在装修，水母很漂亮,
vJC256736796,165,1,2021.10.07,None,两大两小呢？一大两小呢？现在开放开三胎了呢,
匿名用户,165,2,2021.10.05,兰州极地海洋世界门票成人票,很一般吧，很多设施还在施工中，没法参观,
love宝鸿,165,1,2021.10.03,兰州极地海洋世界门票成人票,人太多，美人鱼表演打折，很没意思，价格还高,
匿名用户,165,2,2021.10.04,兰州极地海洋世界门票成人票,门票价位太高了，项目与价位不符！有点划不来！,
辣先生1314,165,4,2021.10.03,兰州极地海洋世界门票儿童/学生/老人/军人/残疾人票,其他还不错 ，就是海狮表演场地有些不大 人一多  坐不下。,
PeS735783836,165,3,2021.10.05,兰州极地海洋世界门票成人票,实在没有地方去，可以转一下……一般，不会再去第二次……,
四海潮生yz,165,1,2021.10.04,兰州极地海洋世界门票成人票,没话说 很失望 我觉得什么都没有   照片都是骗人的,
CwF120721228,165,2,2021.10.07,兰州极地海洋世界门票成人票,设备维修中，场地维修中，整体装修中。,
匿名用户,165,4,2021.10.03,兰州极地海洋世界门票儿童/学生/老人/残疾人/军人票,还算可以吧，我们去的时候有一部分在装修，就还好,
ngS511646130,165,1,2021.10.02,兰州极地海洋世界门票成人票,我可能家里有矿才回去那个地方吧，要啥没啥。真的不推荐,
匿名用户,165,3,2021.10.02,兰州极地海洋世界门票成人票,很不错的选择，建议亲子出行，票价合适，设施完善,
匿名用户,165,2,2021.10.03,兰州极地海洋世界门票成人票,就是有点贵，但是里边互动真的少，就是值个半价吧就是说。,
匿名用户,165,2,2021.10.06,兰州极地海洋世界门票大学生票,说真的，很小，没有什么特别的，一般般吧,
顺风顺水549,165,2,2021.10.04,兰州极地海洋世界门票成人票,没有以前好了，有些都没有了，价位有点高,
爱情睡醒了664,165,3,2021.10.04,兰州极地海洋世界门票儿童/学生/老人/军人/残疾人票,还可以，祝生意兴隆，财源滚滚，和气生财,
MpC209727307,165,3,2021.10.05,兰州极地海洋世界门票儿童/学生/老人/军人/残疾人票,不是有节目哇，节目在哪呢，完全没看到啊。,
cjh765899834,165,3,2021.10.03,兰州极地海洋世界门票儿童/学生/老人/军人/残疾人票,刚进门拍照片是套路，设施没有一点变化,
爱情睡醒了664,165,3,2021.10.04,兰州极地海洋世界门票成人票,还不错，生意兴隆，财源滚滚，和气生财。,
无所不能小仙女,165,4,2021.08.21,兰州极地海洋世界门票成人票,很不错的亲子游玩地，美人鱼表演很漂亮，孩子见识也增长了！,
伊一chen,165,4,2021.10.05,兰州极地海洋世界夜场门票（成人票）,入园前均可购买,美人鱼表演不错
清风挽心4395,165,2,2021.10.03,None,能有个客服接一下电话嘛？，打半天了,
jFV910387060,165,4,2021.10.06,兰州极地海洋世界门票儿童/学生/老人/军人/残疾人票,不错,
匿名用户,165,3,2021.09.19,兰州极地海洋世界门票儿童/学生/老人/残疾人/军人票,挺好的还是很不错的适合情侣出游，就是价格不太合理挺好的还是很不错的适合情侣出游，就是价格不太合理挺好的还是很不错的适合情侣出游，就是价格不太合理挺好的还是很不错的适合情侣出游，就是价格不太合理嗯嗯，就这样,
qCL257865174,165,5,2021.10.05,兰州极地海洋世界门票成人票,特别棒，满足对海洋的向往,
WmJ780789793,165,1,2021.10.05,兰州极地海洋世界门票成人票,最多50元，太亏了，不如去吃个火锅,
水娟娟427,165,3,2021.09.28,兰州极地海洋世界门票成人票,还不错，环境好，美人鱼表演的时间有点短了,
匿名用户,165,3,2021.10.03,兰州极地海洋世界门票儿童/学生/老人/军人/残疾人票,设施齐全，服务尚可，景观不错。,
匿名用户,165,3,2021.10.01,兰州极地海洋世界门票成人票,一般般，还没有榆中的好，票价还贵。,
吃货不m,165,4,2021.08.10,兰州极地海洋世界门票成人票,不错不错！,
遇见gaga,165,4,2021.10.06,兰州极地海洋世界门票亲子（1大1小）票,不e,
PcO494138577,165,4,2021.10.04,兰州极地海洋世界门票（儿童/学生/老人/残疾人/记者/军人票）,好,
wzh蓉宝宝,165,4,2021.09.27,兰州极地海洋世界门票成人票,设施挺好的，我家的宝贝挺喜欢玩耍，服务态度也很好哦。,
匿名用户,165,1,2021.10.01,兰州极地海洋世界门票成人票,太坑了！根本不值140一张票！,
匿名用户,165,1,2021.09.30,兰州极地海洋世界门票成人票,里面装修也不说，啥意思都没有，白花钱,
Rht676354443,165,5,2021.10.04,None,有没有停车场,
cCD358067546,165,1,2021.09.29,兰州极地海洋世界门票儿童/学生/老人/残疾人/军人票,项目一般，环境一般。交通不便。,
QHV857731168,165,4,2021.10.02,兰州极地海洋世界门票成人票,不错，带孩子去，非常好,
PcU251471294,165,4,2021.10.04,兰州极地海洋世界门票成人票,入园前均可购买,非常不错。
sYs845838628,165,4,2021.10.04,兰州极地海洋世界门票成人票,还不错吧。,
HTs433386752,165,4,2021.10.02,兰州极地海洋世界门票成人票,带孩子值得一去的地方,
swat魏,165,1,2021.09.25,兰州极地海洋世界门票成人票,好多景区都没有开，门票还是原价，死贵死贵，不值得去,
wdw6733,165,2,2021.10.01,兰州极地海洋世界门票成人票,第二次来16.30的海狮表演一直不开始。。。。。。。。。。。。。。,
Eri667255526,165,1,2021.09.27,兰州极地海洋世界门票成人票,环境卫生设备点少，养殖动物也少,
ttttaotao,165,4,2021.08.14,兰州极地海洋世界门票儿童/学生/老人/军人/残疾人票, ,
cCD358067546,165,1,2021.09.29,兰州极地海洋世界门票成人票,一边施工一边开放，能看到的项目很少,
bzo125827155,165,3,2021.09.28,兰州极地海洋世界门票成人票,挺好的，带孩子老婆去玩玩散散心,
BuA796745857,165,2,2021.09.11,兰州极地海洋世界门票成人票,买票的时候人家告诉我们里面有好多表演，所以就买票进去看看，结果进去了又说只有一个表演，说其他的都过时间了，那我140买票进去干嘛去了？,
WPX278716116,165,3,2021.08.01,兰州极地海洋世界门票成人票,就是门票有点贵，整体效果还不错，门票便宜点，下次还会光临的,
songjie32122,165,4,2021.09.26,兰州极地海洋世界门票成人票,带老妈去转了转，挺好还有节目！,
swat魏,165,1,2021.09.25,兰州极地海洋世界门票成人票,好多景区没开，门票还是原价，真是坑人,
Spq495285308,165,3,2021.09.23,兰州极地海洋世界门票儿童/学生/老人/军人/残疾人票,嗯  一般般啦  人不是特别多  里面正在建设  以后估计就好了,
tda925241905,165,5,2021.09.29,兰州极地海洋世界门票儿童/学生/老人/军人/残疾人票,就是表演的有点少,
Ypk594717116,165,5,2021.09.09,兰州极地海洋世界门票成人票,好玩的好看的好多好多，孩子喜欢去。,
花儿8594,165,1,2021.08.07,兰州极地海洋世界门票成人票,票价巨贵，关键是要值得对吧？啥啥都没有还这么贵的票价，一到地方就感觉上当了，所谓的极地海洋世界是在一个貌似楼盘售楼处的地方，前台服务员爱答不理，进去了才知道彻底上当了，非常糟糕的地方，很努力的磨叽了半小时就看完了几乎没看点。,
KIKO大羽子,165,1,2021.08.08,兰州极地海洋世界门票成人票,就这么说吧，还没有兰州中心的鱼缸种类多，我是一条小鲨鱼也没见到，小海豚没见到，我只为那两只企鹅可怜，那是一般吗？那是相当的可怜啊，票价要140，我就觉得你也配要140？良心呢？,
Wwwww瑶.,165,4,2021.07.07,兰州极地海洋世界门票儿童/学生/老人/军人/残疾人票,还可以，动物没有想象的那么多，但是场馆挺大的，去的晚只看到了一个表演，里面可以逛两个小时左右吧。,
糖糖62404,165,3,2021.08.03,兰州极地海洋世界门票成人票,还不错，去不了远处可以带孩子来这里转转,
匿名用户,165,1,2021.07.15,兰州极地海洋世界夜场票成人票, ,
VFg546395731,165,2,2021.09.21,兰州极地海洋世界门票儿童/学生/老人/军人/残疾人票,环境各方面太一般了，门票还贵，没意思,
佩溶,165,3,2021.09.20,兰州极地海洋世界门票儿童/学生/老人/残疾人/军人票,我们带宝宝，和老人，去了三次了还不错很满意五星好评,
DloveYao,165,3,2021.09.20,兰州极地海洋世界门票成人票,总体还可以，环境良好，中小型也算不错了。,
兔小姐的美食店,165,2,2021.09.21,兰州极地海洋世界门票成人票,太小了。十几分钟就能转完。只有美人鱼表演值得看,
NuX668335607,165,2,2021.09.25,兰州极地海洋世界门票成人票,一般般吧，没有啥意思啊啊啊，啊啊啊啊啊,
自由自在337,165,3,2021.09.11,兰州极地海洋世界门票成人票,主要带孩子玩，美人鱼，海豹表演都不错，但我们大西北海洋馆还是有局限性！,
一碗米饭盖个菜,165,2,2021.09.21,兰州极地海洋世界门票成人票,对于140的门票来说，综合下来体验很一般，不值的。,
LJ阿西吧,165,1,2021.09.19,兰州极地海洋世界夜场票成人票,总体的体验感比较差，没有新意，逛半个小时就完事了,
妙妙＊520,165,2,2021.09.20,兰州极地海洋世界门票成人票,这个价格是，看到大多像花鸟市场一样,
的独白968,165,4,2021.07.25,兰州极地海洋世界门票成人票,服务热情，里面还有儿童乐园。美人鱼表演，海狮表演，和小孩子互动，还可以留影。是一次不错的，带孩子去玩的地方。,
匿名用户,165,1,2021.09.09,兰州极地海洋世界门票成人票,里面真的老实差而且基本没什么可以观赏的东西，差不多半个小时都不要就全部走完了可以出去了,
文武晶,165,5,2021.09.19,兰州极地海洋世界门票成人票,动物挺多的，在兰州来说，是个不错的的海洋馆,
闫君起,165,1,2021.07.18,兰州极地海洋世界门票成人票,陈旧，门口保安有车位都不让你进，地下停车场一样不让进，都说停满了，都给你指到对面！进门一个玩手机的小伙子说不戴口罩不让进，可是进到里面一看，工作人员基本都没有戴口罩！,
匿名用户,165,3,2021.09.19,兰州极地海洋世界成人票,还行，带孩子去玩玩。就是海洋动物有点少。,
婷儿大宝贝吖～,165,2,2021.09.07,兰州极地海洋世界门票儿童/学生/老人/军人/残疾人票,东西太少了，价格太贵了。好几个都是空的，我感觉价格100稍微贵点儿就行了，感觉有些太贵，太贵了。,
珍惜命中有你,165,2,2021.09.18,兰州极地海洋世界门票成人票,一般般吧，好多项目都还没有，希望下次去能好一点,
犯二小胖,165,1,2021.09.18,兰州极地海洋世界门票成人票,没有啥好玩的，太小了，门票还贵,
匿名用户,165,1,2021.07.22,兰州极地海洋世界门票成人票,进门就说水母区可以拍照，结果拍出来的人面部扭曲，很差劲，这个白狐没精打采的，海洋馆居然还有龙猫，,
匿名用户,165,1,2021.08.27,兰州极地海洋世界门票成人票,设施还可以，不过单人一百四的门票偏贵。里边的服务就一言难尽，尤其是照相的，还口口声声说旅游一次免费送一张照片，送的照片还真够恶心人的，不如不送,
小寒寒0528,165,3,2021.07.23,兰州极地海洋世界门票成人票,里面太小了不太好玩，鱼也不好看好小的鱼，什么活动都没有，一进去有个拍照的结果要海洋鱼背景相片还得加钱,
珍惜命中有你,165,2,2021.09.18,兰州极地海洋世界门票儿童/学生/老人/军人/残疾人票,没什么东西看，就是鱼种类多一点,
小~子！,165,1,2021.09.18,兰州极地海洋世界门票成人票,真心不怎么样，不值那140的门票，我看40还差不多！浪费,
zZB502333075,165,1,2021.09.13,兰州极地海洋世界夜场票成人票,服务态度不是很好，并且是暑假的下午去的，没有什么表演，真的不怎么推荐去,
燕燕的单眼皮,165,2,2021.09.18,兰州极地海洋世界门票成人票,不是特别吸引人，设施陈旧，冷冷清清,
思考808,165,3,2021.09.16,兰州极地海洋世界门票成人票,环境干净卫生，里面品种多样，深受孩子们喜欢,
晨雪夜雨,165,3,2021.09.17,兰州极地海洋世界门票亲子（1大1小）票,还不错，孩子们就喜欢玩里面沙子,
ICH428491260,165,2,2021.09.15,兰州极地海洋世界门票成人票,逛一会就到走到头了  不是很大 表演的节目也比较少,
tao1024976788,165,5,2021.09.21,兰州极地海洋世界门票成人票,好,
抹茶圆圈圈,165,3,2021.07.16,兰州极地海洋世界门票成人票,不错，表演的可以，但表演项目有点少，只有海狮表演，美人鱼表演，和海底喂食，时间也比较短，应该添加一点互动环节，或者增加点项目，不然，太少。,
佩溶,165,4,2021.09.20,兰州极地海洋世界门票成人票,还不错，孩子很喜欢去,
思考808,165,3,2021.09.16,兰州极地海洋世界门票（儿童/学生/老人/残疾人/记者/军人票）,环境不错干净卫生，小孩子玩的很开心,
dIC689898498,165,3,2021.09.18,兰州极地海洋世界门票成人票,着心还不错，有机会了再去一次。,
SUv634263955,165,2,2021.06.03,兰州极地海洋世界门票成人票, ,
星星划过夜,165,2,2021.09.03,兰州极地海洋世界门票成人票, ,
婷儿大宝贝吖～,165,2,2021.09.07,兰州极地海洋世界门票成人票,上一条评论过了，最多的就是水母，海狮还行，价格偏高，划不来。,
匿名用户,165,1,2021.09.09,兰州极地海洋世界门票大学生票,老实差没什么好评价的，一百多块换在里面走十多分钟，而且里面好多鱼都没有展出,
奔跑的犀牛1223,165,2,2021.09.18,兰州极地海洋世界门票成人票,一般，一般，没有什么特色！！！,
wangqrzhudi,165,3,2021.09.11,兰州极地海洋世界门票成人票,一般般！就是感觉一般，表演也一般，价格也贵，去一次也就够了。,
XNN851724766,165,3,2021.09.12,兰州极地海洋世界门票儿童/学生/老人/军人/残疾人票,带着孩子去玩，还有小海狮表演，美人鱼跳舞，都很好,
gKp554702702,165,4,2021.09.20,兰州极地海洋世界门票成人票,推荐,
匿名用户,165,2,2021.09.15,兰州极地海洋世界门票成人票,嗯。。。怎么说呢，一百四十块钱，感觉不值。,
juq364196774,165,2,2021.09.14,兰州极地海洋世界成人票,啥也没有，门票有贵。不建议去。真的很一般,
匿名用户,165,1,2021.07.17,兰州极地海洋世界门票成人票,本人极少给商家差评，除非忍无可忍！首先，140的票价在西北地区海洋馆可以说数一数二了，但是进去最多1小时就能逛完（包括看表演的时间）；第二，进去后至少有3个二次收费的项目，要想都体验至少再花40左右；第三，表演真是差强人意，可以说是应付，几乎没啥观赏性可言，也就是没看过的人会觉得有点新鲜。综上所述，这地方是我去过的海洋馆中体验感最差的，根本不值140的票价！,
几分老友263,165,5,2021.08.14,兰州极地海洋世界门票成人票,很棒，带宝宝一起去的，很适合亲子，情侣去玩,
妮妮0906,165,3,2021.09.12,兰州极地海洋世界门票儿童/学生/老人/军人/残疾人票,地方有限，感觉一般，只能说还不错,
元一君,165,3,2021.09.11,兰州极地海洋世界门票儿童/学生/老人/军人/残疾人票,挺不错的，环境也挺好，喜欢，下次还会去玩哦,
非儿202525,165,3,2021.09.03,兰州极地海洋世界门票成人票,带孩子一起来的，里面没有小孩玩的，好像不是很感兴趣，不过外面的孩子乐园还不错适合小孩,
anranxiaomei,165,3,2021.09.11,兰州极地海洋世界门票成人票,挺不错的地方，可以带孩子去看看，感受一下！,
匿名用户,165,2,2021.09.12,兰州极地海洋世界门票成人票,就那样吧啊没什么可以说的。只能说一般般,
FvL660725305,165,3,2021.09.10,兰州极地海洋世界门票大学生票,环境还可以，就是小了点，没转多久就看完了,
FUa524765147,165,3,2021.09.08,兰州极地海洋世界成人票,里面服务态度很好，环境不错，介绍盆友过来的,
饿了死快点送过来,165,2,2021.09.09,兰州极地海洋世界大学生专属票,个人觉着很一般 不过票价也就只能做到这le,
武威山里娃,165,3,2021.09.12,兰州极地海洋世界门票成人票,还可以吧，有小孩的可以来看一看,
邱维峰,165,5,2021.09.14,兰州极地海洋世界门票成人票,还可以,
青葱的资本,165,5,2021.07.25,兰州极地海洋世界门票成人票,宝贝很喜欢，这里的动物和海洋生物比极地的多，值得一看，娃娃很喜欢，值得带孩子来玩,
贫僧法号尼姑s,165,3,2021.09.10,兰州极地海洋世界门票成人票,为什么非要十五个字，没有什么要说的，还可以,
zhiguang6818,165,3,2021.09.07,兰州极地海洋世界门票亲子（1大1小）票,老婆和孩子一起去的。具体没有去现场，不知道。,
ydm482746884,165,2,2021.09.08,兰州极地海洋世界门票成人票,也就那样，一般吧，没有多好，价格偏贵，,
mqE871688954,165,2,2021.09.10,兰州极地海洋世界门票儿童/学生/老人/残疾人/军人票,偷工减料！海豹表演取消了！气的我！,
射手座的手,165,2,2021.09.07,兰州极地海洋世界门票成人票,一百四十块钱，半个小时就考完了，哎,
Uab796454733,165,4,2021.09.09,兰州极地海洋世界门票儿童/学生/老人/残疾人/军人票,总体感觉还是比较不错的，推荐！,
匿名用户,165,2,2021.08.25,兰州极地海洋世界夜场票成人票,环境一般，服务太差了，进去买票，忽悠人。大门口守的人，让去里面买票，里面的人拒绝现场买票。太乱了，影响人的心情,
Uab796454733,165,4,2021.09.09,兰州极地海洋世界大学生专属票,非常好，和女朋友一起去的，很好！,
fNx246408264,165,3,2021.09.06,兰州极地海洋世界夜场票（儿童/学生/老人/军人/残疾人票）,长见识还可以，推荐去看美人鱼表演,
幕后光遇,165,3,2021.09.05,兰州极地海洋世界门票儿童/学生/老人/军人/残疾人票,总体还行，美人鱼表演不错，其他的比较一般了,
oCG87108301,165,3,2021.09.03,兰州极地海洋世界门票成人票,还不错，就是门票有点贵，五一带孩子去玩的,
天魔李傲,165,4,2021.08.02,兰州极地海洋世界成人票,可以，潜水也好玩,
gUa644430680,165,5,2021.08.20,兰州极地海洋世界门票成人票,很好，很享受，住宿环境，酒店设施都不错，很适合公办出差、居家旅游，性价比很好，前台服务热情，各类服务保障到位,
FUa524765147,165,3,2021.09.08,兰州极地海洋世界儿童/学生/老人/军人/残疾人票门票,真的不错，还会介绍朋友过来玩，还会来哦,
匿名用户,165,2,2021.09.07,兰州极地海洋世界门票成人票,不怎么样 很少地方也小  没什么可转的,
QCF712902598,165,4,2021.09.06,兰州极地海洋世界门票成人票,不错，挺好，对象很喜欢，值得一看,
YVm890500565,165,4,2021.09.07,兰州极地海洋世界门票成人票,不错  带孩子去是个好地方,
幕后光遇,165,3,2021.09.05,兰州极地海洋世界门票成人票,总体一般，没有想的那么好，比较无聊,
匿名用户,165,1,2021.09.01,兰州极地海洋世界门票成人票,没意思，不值得。东西很少，环境一般！,
dSO392637124,165,2,2021.08.27,兰州极地海洋世界门票成人票,没什么好看的，更不吸引人，门票价格稍微高了点，毕竟里面没什么开心吸引我的,
Yevil6400,165,2,2021.08.29,兰州极地海洋世界门票成人票,物不超所值，适合小朋友。停车不好停，好多地方没有东西。挺小的,
饿疯了！？！,165,3,2021.09.04,兰州极地海洋世界门票亲子（1大1小）票,不错吧，人多，后面照照片的有点肯人,
卡尔伯斯！！！,165,2,2021.09.04,兰州极地海洋世界门票儿童/学生/老人/残疾人/军人票,建议去了不要让他们给你照相，不划算,
Gzv120337900,165,5,2021.07.23,兰州极地海洋世界门票成人票,「热带海洋区」「河流湖泊区」「沙滩海洋区」,
JMW9035551,165,5,2021.09.04,兰州极地海洋世界亲子门票（1大1小票）,很好 亲子一家人去,
哒达嗒,165,2,2021.08.27,兰州极地海洋世界门票成人票,这个价位场地却这么小，进去半小时就看完了，跟别的海洋馆差远了,
飞龙424,165,2,2021.09.02,兰州极地海洋世界门票成人票,一般的很，性价比高，项目少，凑合吧,
Phf569790420,165,2,2021.09.01,兰州极地海洋世界门票成人票,里面动物少，没什么看的，孩子一会儿就出来了,
匿名用户,165,4,2021.08.24,兰州极地海洋世界门票儿童/学生/老人/残疾人/军人票,有幸看到海豹表演虽然短暂但是还是不错的就是里面味道真心不好闻,
vPM250734036,165,4,2021.09.06,兰州极地海洋世界门票成人票,入园前均可购买,很好，点赞！
撒拉小伙2005,165,5,2021.09.06,兰州极地海洋世界门票成人票,很好的,
旧人过客,165,3,2021.09.02,兰州极地海洋世界门票儿童/学生/老人/残疾人/军人票,比期待中的小了点，不过馆内设置都比较健全,
觅月淞,165,2,2021.08.29,兰州极地海洋世界门票成人票,地方不大，动物也不多，但很贵，实在有点不值得,
大可玄,165,2,2021.08.30,兰州极地海洋世界门票成人票,里边项目和价格不相匹配，性价比不高。,
BuJ162754112,165,3,2021.08.28,兰州极地海洋世界门票儿童/学生/老人/军人/残疾人票,感觉一般般吧，东西少门票还贵，有点不值！,
十年又怎样,165,3,2021.08.29,兰州极地海洋世界门票成人票,好像没有以前的种类多了，不过还可以吧,
Phf569790420,165,2,2021.09.01,兰州极地海洋世界门票儿童/学生/老人/军人/残疾人票,孩子没玩一会儿就出来了，觉得没意思,
快马加鞭送来。,165,2,2021.08.28,兰州极地海洋世界门票成人票,服务一般     工作人员态度极差       里面也就那样吧,
吃货万岁0331,165,3,2021.08.26,兰州极地海洋世界门票成人票,还可以吧！至少没有失望。【项目】挺多的【交通】方便【环境】还可以,
bio698251184,165,2,2021.09.03,兰州极地海洋世界门票大学生票,适合小朋友，冷清清的，。， ， ， ， ， ，,
蕾蕾0001,165,4,2021.08.29,兰州极地海洋世界门票儿童/学生/老人/军人/残疾人票,孩子很喜欢，合适孩子观看。。,
BuJ162754112,165,3,2021.08.28,兰州极地海洋世界门票成人票,一般般，门票贵东西少，感觉不值！,
xBO946605932,165,4,2021.09.03,兰州极地海洋世界门票儿童/学生/老人/残疾人/军人票,非常好的~,
xBO946605932,165,4,2021.09.03,兰州极地海洋世界门票亲子（1大1小）票,很好~,
hiV593066216,165,3,2021.08.28,兰州极地海洋世界门票成人票,门票太贵，里面设施比较简陋，不太满意,
M麋鹿X,165,3,2021.08.22,兰州极地海洋世界门票成人票,一般吧！馆内面积太小了，对不起这个价格，海豚鲨鱼的都没有,
eBA799735835,165,3,2021.08.29,兰州极地海洋世界大学生专属票,好玩的，不错不错，值得推荐下次还去。,
孤云750,165,3,2021.08.07,兰州极地海洋世界成人票,海洋物种应有尽有身临其境乐在其中视觉冲击感真棒,
雨莫,165,5,2021.08.26,兰州极地海洋世界门票儿童/学生/老人/军人/残疾人票,票价太贵，不过挺好玩的,
aurora71945,165,4,2021.08.29,兰州极地海洋世界门票儿童/学生/老人/残疾人/军人票,实惠好看，玩儿的挺开心,
女士352,165,3,2021.08.11,兰州极地海洋世界门票成人票,西北有这样的开阔眼界场所实属不易，就是空气流通性差，小动物们也机灵可耐,
kongqian19891002,165,3,2021.08.29,兰州极地海洋世界门票成人票,不错，孩子挺喜欢！！！！！！！,
刘晶0619,165,4,2021.06.20,兰州极地海洋世界门票成人票,这是我们村第一个在淘宝上买东西的人，这里大部分人是不网购的。他们买东西价格一般不超过五块，听说我在淘宝买东西之后，全村都震惊了，村长跑来我家里对我的爸说我疯了! 媳妇跟我闹离婚，说这日子没法过了! 面对重重压5力，我坚持买、买!我相信这个月的工资不会白花的。终于快递到了，我怀揣这激动的心情，颤抖着打开包裹，那一刹那，我感觉我的眼睛要亮瞎了，啊..这颜值这,
拈花一笑呵呵呵,165,3,2021.08.21,兰州极地海洋世界门票成人票,设施很旧了，兰州这个地方已经没有什么玩的了。只有这一家,
YfH509415612,165,3,2021.08.24,兰州极地海洋世界门票儿童/学生/老人/残疾人/军人票,其它都挺好的就是表演节目的时间不好。有时候赶不上,
YfH509415612,165,3,2021.08.24,兰州极地海洋世界门票儿童/学生/老人/残疾人/军人票,陪孩子去的。就是表演节目的时间没赶上。太可惜了,
pWw146388585,165,2,2021.08.25,兰州极地海洋世界门票成人票,设施环境一般，票价和实际不符合,
ZvC592221196,165,1,2021.07.20,兰州极地海洋世界夜场票成人票,服务太差，当天晚上带孩子去，检票囗的工作人员态度极其不好，问她表演时间直接很不耐烦的回了一句自己听广播，我们进去美人女表演己经开始，让我们自己听广播，请问我去哪里听广播。检票口卫生间的臭味太大。,
TSi977710248,165,2,2021.07.24,兰州极地海洋世界门票成人票,挖沙区越来越大，动物区全方面缩水，美人鱼表演由原来的三人变成一人，敷衍到不忍直视，园区三个女厕所，不是堵就是锁，唯一能用的两个蹲位排长龙……唯一不变的就是价格，还有越来越少的优惠。,
nTl250067440,165,4,2021.08.12,兰州极地海洋世界门票成人票, ,
VqP170520982,165,3,2021.08.19,兰州极地海洋世界女神节门票女士票,还不错，孩子玩的很高兴，就是门口连个休息的椅子都没有，有些差劲,
JPJ456653926,165,1,2021.08.14,兰州极地海洋世界门票成人票,8月14日售票窗口工作人员服务态度差，背完身份证还说不能用，让美团重新买票。,
花儿8594,165,1,2021.08.07,兰州极地海洋世界门票儿童/学生/老人/军人/残疾人票,非常糟糕的海洋世界，环境灰暗空气污浊，几乎啥啥海洋动物都没有就敢叫极地海洋世界太可笑了，很上当的一次出游。,
花絮纷飞，蝶成双,165,1,2021.08.21,兰州极地海洋世界门票成人票,没啥看的，里面环境也比较差，味道较大,
JMp霖,165,2,2021.07.14,兰州极地海洋世界门票儿童/学生/老人/军人/残疾人票,设施完备，服务良好，项目多，大,
匿名用户,165,2,2021.08.18,兰州极地海洋世界门票成人票,很一般的，相比其他的价格偏高，没有表演。不划算。,
SPF759425228,165,5,2021.08.25,兰州极地海洋世界成人票,挺好玩，孩子特别喜欢,
匿名用户,165,3,2021.08.21,兰州极地海洋世界大学生专属票,非常不错的一次体验，推荐大家，就是有点小贵,
Mirrorystal,165,3,2021.08.04,兰州极地海洋世界门票儿童/学生/老人/残疾人/军人票,还行，学生票还算实惠吧，不算特别大，有点潮湿，比较好看的就是海豹，海狮，水母种类比较少，雪狐好看，还有龙猫,
花絮纷飞，蝶成双,165,1,2021.08.21,兰州极地海洋世界门票成人票,一般般，只是为了陪小孩来的，划不来,
CyW170047213,165,4,2021.08.26,兰州极地海洋世界门票（儿童/学生/老人/残疾人/记者/军人票）,很好,
CTm146663398,165,1,2021.08.21,兰州极地海洋世界门票成人票,服务不好，体验一般，感觉不值这个钱，,
bMC598316752,165,1,2021.07.22,兰州极地海洋世界门票成人票, ,
枫林残忆718,165,3,2021.08.17,兰州极地海洋世界门票儿童/学生/老人/残疾人/军人票,今天去了一趟兰州极地海洋世界感觉还不错  环境也不错,
匿名用户,165,2,2021.08.15,兰州极地海洋世界门票成人票,价格高，尤其是小孩！项目少，还没有买吃的东西，除了泡面！,
Posion134,165,1,2021.08.19,兰州极地海洋世界门票成人票,比青岛的还贵，关键里面可以看的很少,
行者8535,165,2,2021.08.21,兰州极地海洋世界门票成人票,5年后再游览，还是一成不变，北极狐抑郁了,
可乐儿Y,165,5,2021.06.20,兰州极地海洋世界门票成人票,好看～小动物种类非常多,
mdU359257696,165,3,2021.06.13,兰州极地海洋世界门票儿童/学生/老人/残疾人/军人票, ,
匿名用户,165,1,2021.07.24,兰州极地海洋世界夜场票成人票,很小，走慢点十分钟转完，走快点五分钟，要价140，没内容全是雕塑造景，其他自行脑补,
杨军伟yangjunwei,165,2,2021.08.19,兰州极地海洋世界门票成人票,里面没什么东西，下次不会带孩子再来。,
匿名用户,165,2,2021.06.29,兰州极地海洋世界门票成人票,今天场馆内装修很多都没有开放从头走到尾十分钟就结束了，美人鱼表演和海狮表演都看了，总体来说一般吧，有点失望。。。,
CVq571077373,165,5,2021.08.20,兰州极地海洋世界门票医护人员免费票,挺不错的。,
lWc283429019,165,4,2021.08.08,兰州极地海洋世界门票成人票,里面的56六个建筑很美，很有特色，街道也有特色，孩子很喜欢，海洋馆的动物也多，玩的设施也不错，,
匿名用户,165,2,2021.08.17,None,看了很多鱼缸的感觉，没有意思，门票还贵,
匿名用户,165,1,2021.08.02,None,非常垃圾，很不值得一看，纯粹骗钱的,
iyN769146991,165,2,2021.08.15,兰州极地海洋世界门票成人票,价格与品质相差太大，希望兰州有真正的海洋世界,
匿名用户,165,2,2021.08.19,兰州极地海洋世界门票儿童/学生/老人/军人/残疾人票,只有海豹表演好看，其他都很一般,
onn383077098,165,5,2021.08.15,兰州极地海洋世界门票成人票,遗憾的事是没有具体的表演时间表，错过美人鱼表演,
杨军伟yangjunwei,165,2,2021.08.19,兰州极地海洋世界门票儿童/学生/老人/军人/残疾人票,没什么东西可看，下次不会再去。,
tpp101717458,165,2,2021.08.16,兰州极地海洋世界门票成人票, ,
匿名用户,165,2,2021.04.16,兰州极地海洋世界成人票,价格太偏高，不也就在兰州这个低收入城市这么高的价格我也是醉了，主要拉着生病的舅舅，想着他身体每况愈下，在他有生之年让他开心一下，我们还明确告诉工作人员，舅舅是聋哑人，能不能购买残疾票，但工作人员口气很生硬的说必须有残疾证，一个面朝黄土背朝天的农民 哪有残疾证，即使有，谁还会每天随身携带，真是搞笑，，而且说白了，什么看点都没有，相当于转了高档的花鱼市场的感觉，不值得推荐,
tIg202797700,165,1,2021.08.20,兰州极地海洋世界门票成人票,没去，也没买过票，怎么会有待评价,
Geek秦,165,3,2021.06.18,兰州极地海洋世界门票儿童/学生/老人/残疾人/军人票,「海狮剧场」「梦幻水母区」「热带海洋区」「沙滩海洋区」,
sxl750328,165,3,2021.07.25,兰州极地海洋世界门票儿童/学生/老人/军人/残疾人票,环境可以，小朋友喜欢，海底动物中队角多，值得推荐,
cWv892900946,165,3,2021.08.17,兰州极地海洋世界门票成人票,带小孩长见识，挺好，可以去看看,
吃铜锣烧的小叮当,165,3,2021.08.11,兰州极地海洋世界门票成人票,还可以，每次去兰州小孩都要去，比较喜欢看表演,
Fxq734205197,165,5,2021.07.11,兰州极地海洋世界门票成人票,还是值得一去,
匿名用户,165,4,2021.07.09,兰州极地海洋世界门票儿童/学生/老人/残疾人/军人票,好看，海洋生物种类多,
璐璐baby！,165,3,2021.08.13,兰州极地海洋世界夜场票成人票,还不错，适合小孩子。还是能学到很多东西的,
Hed549407394,165,4,2021.05.15,兰州极地海洋世界门票成人票, ,
对方已是你的好友,165,3,2021.08.15,兰州极地海洋世界门票儿童/学生/老人/军人/残疾人票,怎么说，孩子喜欢就行，就是项目有点少,
iui251161801,165,2,2021.07.29,None,除了海豚表演和喂鹦鹉就没什么亮点了,
本地钢炮一枚,165,4,2021.06.10,兰州极地海洋世界门票儿童/学生/老人/残疾人/军人票,很推荐，各种动物都有，热带、寒带、温带的动物都有，许多大型动物（例如海狮、水獭）。,
EfO949885732,165,3,2021.08.14,兰州极地海洋世界门票成人票,还不错哈  项目单一  细节不够    路线不优,
冰THc839194831,165,3,2021.08.11,兰州极地海洋世界门票成人票,还是不错的，对于甘肃来说，有这样的海洋馆也算可以了。,
匿名用户,165,2,2021.07.30,兰州极地海洋世界门票成人票,票价稍微感觉有点贵，最主要里面刚进去说拍照片的，你稍微便宜点，游客可能会拍，5箱相片100，疯了吧，差差差,
尼古拉斯孙三,165,2,2021.08.14,兰州极地海洋世界门票成人票,还可以，就是门票太贵了 ，带孩子去一次就可以了,
爱美丽574,165,3,2021.07.12,兰州极地海洋世界（儿童节活动）门票亲子（1大1小）票,总体感觉，还好吧。毕竟在兰州像这样的规模和项目已经很不容易了，很遗憾的是没看上表演。,
vQf287383230,165,2,2021.08.14,兰州极地海洋世界门票成人票,感觉很一般，里面不是很大，去一次，肯定不会去第二次,
吃铜锣烧的小叮当,165,3,2021.08.11,兰州极地海洋世界门票（儿童/学生/老人/残疾人/记者/军人票）,还可以吧，小孩没回去都要去海洋馆。,
匿名用户,165,2,2021.08.06,兰州极地海洋世界亲子年卡（2大1小）,小孩玩的淘气堡里有大人的臭袜子，你们应该加强一下基础卫生！,
匿名用户,165,1,2021.08.12,兰州极地海洋世界门票成人票,啥都在修，没意思，门票还是那样贵,
cWk427474580,165,1,2021.07.25,兰州极地海洋世界门票儿童/学生/老人/军人/残疾人票,没意思，好多地方在装修，看点有点少，价格较高,
吃铜锣烧的小叮当,165,3,2021.08.11,兰州极地海洋世界门票成人票,还可以吧啊，去了好几回了。疫情就在没去,
冰THc839194831,165,3,2021.08.11,兰州极地海洋世界门票儿童/学生/老人/军人/残疾人票,地方有点小，不过对于甘肃来说，这个也不错了。,
不善挽留522,165,3,2021.06.19,兰州极地海洋世界门票儿童/学生/老人/军人/残疾人票,设施一般，想玩的设施在维修，鱼类种类较少，景色还行，魔鬼鱼和北极狐很可爱，海狮表演很有趣,
匿名用户,165,2,2021.06.27,兰州极地海洋世界门票成人票,和兰州海洋公园比差太多了，小且旧！附近住的人随便溜溜娃还可以去，专门去就不值得了，水族的玻璃都旧了，看鱼都不是很清晰了！都什么年代了，里面还有用免费拍照引诱消费的，虽然每个人可以自己选择，可这种形式让人觉得厌恶,
qOJ580584693,165,3,2021.08.12,兰州极地海洋世界门票成人票,还行吧，没时间外面去的时候，带孩子转转挺好的。,
fgb523365332,165,3,2021.05.25,兰州极地海洋世界大学生专属票,看了海狮表演美人鱼表演，但是门票是真的贵，军人的话得要现役军人才算哦，退役或者转业的不算，里面会有点海腥味，所以带好口罩，游玩两个多小时就能出来了，建议不去蛟龙里，一分钟就已经头晕目眩了。,
vDC737518740,165,1,2021.08.04,兰州极地海洋世界门票儿童/学生/老人/军人/残疾人票,差到极致，我花了180买票，进去半个小时不到转完了，什么玩意儿，动物快给你养死了,
对方已是你的好友,165,3,2021.08.15,兰州极地海洋世界门票成人票,为什么说了一遍又一遍还要在说一遍啊,
EZu765019449,165,2,2021.08.10,兰州极地海洋世界门票成人票,性价比不高，海洋动物太少了，而且介绍很少,
匿名用户,165,4,2021.08.15,兰州极地海洋世界门票儿童/学生/老人/军人/残疾人票,挺好的，就是地方有点小,
koZ119038586,165,2,2021.08.16,兰州极地海洋世界门票成人票,不想去了，不好看，下次不去了，一定不去了,
feJ568225134,165,3,2021.08.06,兰州极地海洋世界门票成人票,设施不错，就是感觉小了点，我是和我爸妈弟弟一起去的，我感觉还可以,
Friendlies101,165,3,2021.08.08,兰州极地海洋世界门票成人票,第一次去，兰和乌比较都大同小异，设施可以，还可以看到小鸟。,
文丞小哥,165,2,2021.08.13,兰州极地海洋世界门票成人票,和想象不一样 有点小失望 继续努力吧！,
匿名用户,165,3,2021.08.13,兰州极地海洋世界门票儿童/学生/老人/残疾人/军人票,挺好的，很有感觉,很喜欢水母区
吃货万岁0331,165,3,2021.08.11,兰州极地海洋世界门票儿童/学生/老人/军人/残疾人票,感觉演出花样太少了，没有海豚，章鱼,
彤嘛嘛206,165,2,2021.08.12,兰州极地海洋世界门票儿童/学生/老人/残疾人/军人票,还可以，就是东西啥都只有几个，少死,
九辞8727,165,4,2021.08.14,兰州极地海洋世界门票儿童/学生/老人/残疾人/军人票,防控疫情很到位，都很好,
EZu765019449,165,2,2021.08.10,兰州极地海洋世界门票（儿童/学生/老人/残疾人/记者/军人票）,海洋动物太少了，价格与感受不匹配,
匿名用户,165,2,2021.08.09,兰州极地海洋世界门票儿童/学生/老人/军人/残疾人票,价格太高，不值那个价钱！项目还是少了些！,
Abal果冻,165,4,2021.08.15,兰州极地海洋世界门票儿童/学生/老人/军人/残疾人票,挺好,
匿名用户,165,4,2021.08.15,兰州极地海洋世界门票儿童/学生/老人/军人/残疾人票,挺好,
匿名用户,165,3,2021.07.25,兰州极地海洋世界门票成人票, ,
FSh108772297,165,2,2021.08.10,兰州极地海洋世界门票（儿童/学生/老人/残疾人/记者/军人票）,あなたと一wにSしい星に逃げたいです 想和你一起逃往快乐星球,
rQd245149082,165,3,2021.07.19,兰州极地海洋世界门票成人票,价钱太贵，我在洛阳看的比这里地方大，才60多的门票钱,
枫影A,165,3,2021.08.08,兰州极地海洋世界门票成人票,还可以，值得推荐去一趟。和好友打卡的一个好地方,
FSh108772297,165,2,2021.08.10,兰州极地海洋世界门票成人票,做人要昂首挺胸，这样才能隐藏双下巴,
yio563522313,165,3,2021.08.10,兰州极地海洋世界女神节门票女士票,服务态度很好还需努力，项目有点少,
Gfa653995683,165,4,2021.08.15,兰州极地海洋世界门票亲子（1大1小）票,满意,
mwn715243858,165,3,2021.08.07,兰州极地海洋世界大学生专属票,环境不错！有的游客素质不太好，希望加强巡查管理！,
Ucz535757056,165,3,2021.07.18,兰州极地海洋世界门票成人票,都是透着大玻璃观看，敞开的区域旁边都是买饲料的。没啥感觉,
wm546474,165,2,2021.07.29,兰州极地海洋世界门票成人票,设施比较旧，里边的玻璃上也不干净，表演也没有看到。门票优惠价138元/人。感觉不值。,
rLE784730989,165,5,2021.08.14,兰州极地海洋世界门票成人票,好,
期待的曙光,165,3,2021.08.13,兰州极地海洋世界夜场票成人票,很不错下次还来！6666666666,
头快要秃了,165,1,2021.07.23,兰州极地海洋世界儿童/学生/老人/军人/残疾人票门票,一点也不值这个票价，里面也没有什么稀奇古怪的鱼，就是一些深海鱼。还有什么美人鱼表演啥的，都是打个噱头。完全对不起这个票价！,
MT小芭比,165,5,2021.04.29,兰州极地海洋世界门票成人票,和妈妈带宝宝去的，环境很好，有美人鱼表演，海狮表演，强烈推荐，有很多好看的鱼，宝宝特别喜欢水母，特好看，团购的票，很优惠，已经推荐好多同事带小孩去了，都说环境很好，想去的亲们不要犹豫，一定要去，很不错。,
yZk116494480,165,4,2021.08.13,兰州极地海洋世界女神节门票女士票,服务可以,
briecial,165,3,2021.08.08,兰州极地海洋世界门票成人票,环境挺不错的，各种海洋鱼类挺多的,
ejj349879581,165,5,2021.08.11,兰州极地海洋世界门票成人票,特别好 谁不去谁后悔,
Yzonly8,165,1,2021.08.05,兰州极地海洋世界门票儿童/学生/老人/残疾人/军人票,环境也就那样子吧  不是很好  预想的差多了,
GLT759380162,165,2,2021.08.08,兰州极地海洋世界门票成人票,周围设施，周围环境，卫生环境都还行,
匿名用户,165,2,2021.08.08,兰州极地海洋世界成人票,小孩去玩的比较多，设施一般般吧,
ejj349879581,165,5,2021.08.11,兰州极地海洋世界门票儿童/学生/老人/残疾人/军人票, ,
Gaw507665834,165,1,2021.08.08,兰州极地海洋世界门票（儿童/学生/老人/残疾人/记者/军人票）,垃圾直接没什么意思，去了就后悔,
白色的槐香,165,2,2021.08.05,兰州极地海洋世界门票亲子（1大1小）票,设施不齐，动物很少，只是水母很多。,
半醉半醒半疯癫灬,165,3,2021.07.27,兰州极地海洋世界门票成人票,总体还不错，但是又没想象中那么好，而且去的时候淘气堡也没开，孩子都没玩上,
GLT759380162,165,2,2021.08.08,兰州极地海洋世界门票成人票,周围环境，周围设施，卫生都还行,
匿名用户,165,2,2021.07.26,兰州极地海洋世界门票成人票,没有想象的那么好，也没有之前去过的其他地方的好，这个确实价格高了，性价比不匹配,
白色的槐香,165,2,2021.08.05,兰州极地海洋世界门票成人票,其它的动物很少，水母很多，很一般吧！,
faN464179463,165,4,2021.08.07,兰州极地海洋世界门票成人票,设施齐全，很有感觉的一天！,
mMg698404006,165,3,2021.08.05,兰州极地海洋世界门票成人票,有真的企鹅，有小丑表演，孩子玩的很开心,
Edh997032357,165,3,2021.06.20,兰州极地海洋世界门票成人票,整体感觉还不错，虽然没有很惊艳的样子，馆内总体规划还是可以的。,
匿名用户,165,3,2021.08.01,兰州极地海洋世界门票儿童/学生/老人/残疾人/军人票,其它都挺好就是不明情况下照的照片贵的要死，照片太坑人了,
思念不过是一场梦,165,5,2021.08.08,兰州极地海洋世界门票成人票,景色秀丽,
FJN479361155,165,1,2021.08.03,兰州极地海洋世界门票成人票,感觉很一般，不划算，门票还那么贵,
碧海蓝天1283,165,4,2021.08.03,兰州极地海洋世界门票成人票,吃了味道也不错，商家服务周到,
Mirrorystal,165,2,2021.08.04,兰州极地海洋世界海狮合影不限人群票,摸着海狮的爪子拍了一张素颜照。。,
轩木辛,165,3,2021.05.17,兰州极地海洋世界门票成人票,地方很好找，出行也很方便，地方虽不是很大，但区域划分的很清楚，总体来说不错的，值得一去~,
匿名用户,165,1,2021.07.25,兰州极地海洋世界门票儿童/学生/老人/军人/残疾人票,没有性价比可言。。。里面地方小，种类少，不到半个小时就参观结束了。,
忘川之尽,165,2,2021.07.27,兰州极地海洋世界门票儿童/学生/老人/残疾人/军人票,一般吧，还是有点小，海豚什么的都没了，尤其这个拍照业务，，，，无奈了,
zhenzi3053,165,2,2021.07.26,兰州极地海洋世界门票成人票,没意思    工作人员态度又差   门票根本不值140  浪费时间 浪费钱,
匿名用户,165,2,2021.07.09,None,夜场也是个糊弄，海狮表演没有的，美人鱼表演区，乱糟糟的没人管，前面全是不排队的大人小孩，一点都不安全，管理混乱，以为升级多好呢，没啥变化。,
小小小小葩,165,3,2021.08.01,兰州极地海洋世界门票成人票（夜场）,入园前均可购买,整体很好的，海底世界很美丽的。
温熙晨,165,2,2021.07.30,兰州极地海洋世界门票成人票,一般一般，价格有点贵，不如大名城的好,
艳艳萌宝儿,165,2,2021.07.30,兰州极地海洋世界门票成人票,来了好几次 没一点新意，希望改进各方面,
Knu903758313,165,1,2021.07.31,兰州极地海洋世界夜场票儿童/学生/老人/残疾人/军人票,设施老旧，卫生差，老板：需要装修升级了,
eIf383239042,165,3,2021.08.02,兰州极地海洋世界门票成人票,和家人孩子一起去的，孩子玩的很开心。,
pzN719980752,165,5,2021.05.19,兰州极地海洋世界门票成人票,很不错，「热带海洋区」「河流湖泊区」「沙滩海洋区」「梦幻水母区」「海底潜游区」「海狮剧场」「冰河世纪区」「热带雨林区」,
序雪轩阳409,165,1,2021.07.29,兰州极地海洋世界门票成人票,门票台高，进去太乱卫生差，乱收费照相馆套路太深乱收费,
匿名用户,165,2,2021.07.18,兰州极地海洋世界夜场票成人票,一进门厕所的味道太大了，场馆大小，生物种类比起大名城的海洋公园还是差很远,
wendImj,165,5,2021.06.20,兰州极地海洋世界门票成人票,里面环境特别棒，特别推荐景区项目，里面动物齐全，特推特推,
匿名用户,165,2,2021.07.10,兰州极地海洋世界门票成人票,不划算，里面的动物少，一个小窗户就那么几条小鱼，转一会会儿就完了。感觉还不如五泉山动物园有意思，门票还那么高，就当是扔钱了。,
QqE226126515,165,1,2021.07.27,兰州极地海洋世界女神节门票女士票,除了票价很贵真的没有什么看点，真不值得去，很不推荐浪费钱,
KkE361169020,165,3,2021.07.29,兰州极地海洋世界门票成人票,孩子玩的很开心，照相的是个坑!人多有点挤!,
踏雪无痕966,165,5,2021.06.12,兰州极地海洋世界周年庆成年人生日票,很适合带老人和幼儿一起去。场馆工作人员很热情，需要走的路程短，但馆内可以参观的品种相对比较多。还有可以付费让老人动手的项目。能陪老人度过愉快的假期也可以给孩子增长知识，关键是不太累。出门交通也很方便。,
小团子好可爱,165,3,2021.08.04,兰州极地海洋世界大学生专属票,直播间不至于不至于不会忠贞不渝,
匿名用户,165,2,2021.08.01,兰州极地海洋世界门票成人票,感觉没有想象中那么好……一般。,
藏区人,165,2,2021.07.26,兰州极地海洋世界门票（儿童/学生/老人/残疾人/记者/军人票）,进去哪里都是消费的，真心不忍，门票含的内容太少,
紫龙恋,165,1,2021.07.26,None,售票处人员态度过于恶劣，问啥都不说，给你窗口放张纸！,
匿名用户,165,2,2021.06.16,兰州极地海洋世界门票成人票,本来想着正好端午节带着孩子老人去海洋馆转转，结果去好多地方在装修，美人鱼表演没有，企鹅也没有了，小丑鱼那块都没有了，好失落。装修不是应该提前告知吗,
LjA298231348,165,2,2021.08.01,兰州极地海洋世界门票儿童/学生/老人/残疾人/军人票, ,
H.Y101,165,3,2021.07.26,兰州极地海洋世界门票成人票,整体还不错，细节需要加强。有特色的东西不多！,
ADe175876073,165,3,2021.06.20,兰州极地海洋世界门票成人票,还不错，孩子们玩的很开心。值得带孩子去玩玩,
干净.6911,165,1,2021.07.25,兰州极地海洋世界门票儿童/学生/老人/军人/残疾人票,没啥玩的，感觉真的一般般，除了美人鱼好看一点在就真的没有什么好玩的。,
KkE361169020,165,2,2021.07.29,兰州极地海洋世界门票儿童/学生/老人/残疾人/军人票,门票太贵，有点挤!照相是个坑!,
序雪轩阳409,165,2,2021.07.29,兰州极地海洋世界门票儿童/学生/老人/残疾人/军人票,环境不错就是太乱，照相套路太深，乱收费,
uYs804430944,165,2,2021.07.31,兰州极地海洋世界门票成人票,一般，太一般了，啥都没有，没啥意思,
AOT708661363,165,2,2021.07.26,兰州极地海洋世界门票成人票,门票贵  不值这个价    环境也不是太好  不会再去了,
AOT708661363,165,2,2021.07.26,兰州极地海洋世界门票儿童/学生/老人/军人/残疾人票,环境不好  门票贵   不会再去了一点不值这个价位,
JXy379739071,165,2,2021.07.26,兰州极地海洋世界门票成人票,一般，没有第一次来好了，可能是装修的原因吧,
Fzh695536777,165,2,2021.07.28,兰州极地海洋世界门票成人票,很简单，没有特戒新奇的事情，也不大，不,
pxw941907271,165,2,2021.07.30,兰州极地海洋世界门票成人票,没什么意思，门票还很贵。。。。。,
LPC845097017,165,5,2021.06.20,兰州极地海洋世界门票成人票,很好，服务周到，表演精彩！,
匿名用户,165,2,2021.07.21,兰州极地海洋世界门票成人票,场地这么小 卫生也差 怎么收140元的 一线城市的价格 却是这种状态,
rqm467488287,165,5,2021.07.11,兰州极地海洋世界门票儿童/学生/老人/残疾人/军人票,不错，干净卫生，住的挺好的,
匿名用户,165,3,2021.05.25,兰州极地海洋世界门票成人票,还行吧，可以带孩子去看一下，就是进去感觉没什么可看的，就到头了。,
YKn94340310,165,4,2021.07.28,兰州极地海洋世界门票成人票,性价比一般，环境设施一般,
ADq524752078,165,3,2021.07.24,兰州极地海洋世界门票儿童/学生/老人/残疾人/军人票,还行吧，就是门票有点小贵，里面还有各种拍照的套路,
LPC845097017,165,5,2021.06.20,兰州极地海洋世界门票儿童/学生/老人/军人/残疾人票,很好玩啊，孩子很喜欢啊！,
QqE226126515,165,1,2021.07.27,兰州极地海洋世界门票成人票,浪费钱不推荐很不值得去，以后不会再去的,
匿名用户,165,2,2021.07.24,兰州极地海洋世界门票成人票,【环境】【项目】「海狮剧场」「冰河世纪区」,
dzz38306841,165,3,2021.05.15,兰州极地海洋世界门票成人票,可以，孩子很喜欢，值得一看，美人鱼表演，棒极了，沙滩还是另收费的,
yzJ961784508,165,1,2021.07.21,兰州极地海洋世界门票成人票,设施陈旧，服务态度不好，里面没什么新奇的东西,
匿名用户,165,3,2021.07.24,兰州极地海洋世界门票成人票,挺好的，还不错呢，主要为了孩子,孩子挺喜欢的
ADq524752078,165,2,2021.07.24,兰州极地海洋世界门票成人票,门票有点贵，可能是因为我穷吧，感觉不值得,
yzJ961784508,165,1,2021.07.21,兰州极地海洋世界门票成人票,设备陈旧，里面看不到工作人员，没人特殊的地方,
ULo812281645,165,2,2021.07.22,兰州极地海洋世界成人票,就在小区的地下室，太小了，价格还高，性价比太低！,
雷霆帮,165,2,2021.07.22,兰州极地海洋世界门票成人票,小型的没啥东东！跟前的还可以去去离得远的就算了！不划算！,
匿名用户,165,3,2021.07.24,兰州极地海洋世界门票儿童/学生/老人/军人/残疾人票,挺好的，还不错呢，主要陪孩子玩儿,
匿名用户,165,4,2021.07.22,兰州极地海洋世界门票成人票,总体很满意，带着孩子去看看，拓宽下视野。,
咖啡屋343,165,3,2021.06.15,兰州极地海洋世界门票成人票,感觉还不错，带着老婆孩子去玩了玩,
skS668715695,165,1,2021.07.19,兰州极地海洋世界门票成人票,什么海洋馆，太垃圾了，环境特别差，七十几块钱根本不值得,
等待的避风港湾,165,3,2021.07.21,兰州极地海洋世界门票儿童/学生/老人/残疾人/军人票,设施环境还可以，主要小孩玩得开心安全就好,
匿名用户,165,4,2021.07.28,兰州极地海洋世界门票成人票,美人鱼太美了,
约诺123,165,3,2021.07.19,兰州极地海洋世界门票成人票,「河流湖泊区」「海底潜游区」「海狮剧场」总体来说还不错,
骖E！,165,4,2021.07.09,兰州极地海洋世界门票成人票,美人鱼真的好好看,
zgx397430433,165,3,2021.07.25,兰州极地海洋世界门票亲子（1大1小）票,小孩子玩的很开心，下次还会再来的！,
匿名用户,165,2,2021.07.18,兰州极地海洋世界门票成人票,场景一般般，没有吸引力。节目也比较少，感觉没啥新鲜的。,
匿名用户,165,5,2021.03.27,兰州极地海洋世界门票儿童/学生/老人/残疾人/军人票, ,
nei798716140,165,3,2021.07.21,兰州极地海洋世界门票儿童/学生/老人/军人/残疾人票,挺好的，大西北也有海洋馆了，适合带小孩游玩,
匿名用户,165,3,2021.07.21,兰州极地海洋世界门票成人票,里边内容少，逛一圈就回了，这个价格不太值得,
SJY121647696,165,1,2021.07.03,None,里面有一个好像叫马诚，不知道他从哪弄到我的电话，从下午加微信到打电话一直骚扰我，吓得我都不敢出门，希望各位领导好好调查一下,
MBr425314109,165,1,2021.07.20,兰州极地海洋世界门票成人票,运气好能碰到所有项目，完全不值这个价格,
SoU362426997,165,2,2021.07.22,兰州极地海洋世界门票成人票,东西太少，没什么可看的，那个价不值得,
uHH678181612,165,3,2021.07.17,兰州极地海洋世界门票成人票,「海狮剧场」，「梦幻水母区」，「沙滩海洋区」孩子都挺喜欢的。,
Phh224486517,165,2,2021.07.24,兰州极地海洋世界门票成人票,比起大城市的差的很多！！！！！！！！！！！,
匿名用户,165,1,2021.05.03,兰州极地海洋世界门票成人票,真的超级差…里面又臭又闷，啥都没有，北极熊是标本，企鹅是标本，啥除了水母多，就是金鱼多，其他的，最主要里面超级热，都不舍得开空调…根本不值得一百四十块钱的门票，进去转了一圈十分钟就出来了。再也不会去了。体验感真的差到感人。,
格兰朵1,165,3,2021.07.23,兰州极地海洋世界门票成人票,还不错哦，里面有点闷，别的都还可以,
SoU362426997,165,2,2021.07.22,兰州极地海洋世界门票儿童/学生/老人/军人/残疾人票,没有想象的那么好，里面看的东西太少,
Phh224486517,165,2,2021.07.24,兰州极地海洋世界门票儿童/学生/老人/军人/残疾人票,兰州首屈一指，还可以，，，，。。，,
crj87536288,165,3,2021.07.22,兰州极地海洋世界门票成人票,【交通】便利，方便，很舒服，很便捷,
萱儿小朵,165,3,2021.06.05,兰州极地海洋世界门票成人票,五一去的，人山人海，动物看人，人多了就没网了，手机很难验证,
匿名用户,165,3,2021.07.21,兰州极地海洋世界门票亲子（1大1小）票,度假期间，带孩子玩，这里是不错的选择，,
PFU595604181,165,2,2021.07.21,兰州极地海洋世界门票儿童/学生/老人/残疾人/军人票,一般般的一般般，没有很吸引人的地方,
武威山里娃,165,4,2021.07.24,兰州极地海洋世界门票（儿童/学生/老人/残疾人/记者/军人票）,还不错,
匿名用户,165,3,2021.07.21,兰州极地海洋世界门票成人票, ,
一叶花开君临天下,165,1,2021.07.19,兰州极地海洋世界门票成人票,一般般，不想去评价写字，非要让人写,
MrB365920689,165,1,2021.06.25,兰州极地海洋世界门票儿童/学生/老人/残疾人/军人票,骗人阿千万别去阿，谁去谁后悔，一家人去了。价格贵，没有大的鱼，美人鱼的水都混浊，我家宝宝问我。妈妈美人鱼在这么脏的水里玩，太可怜了，脏死了都,
Ahh813584397,165,3,2021.07.20,兰州极地海洋世界门票成人票,还不错吧忘了感觉还不错真的忘了,
lTC845697315,165,2,2021.07.15,兰州极地海洋世界门票儿童/学生/老人/残疾人/军人票,带孩子去的，不算太大，交通比较便利，总的来说挺好的,
BpW756112423,165,1,2021.07.15,兰州极地海洋世界门票成人票,超级不值140，建议想去的还是去榆中附近的那家海洋馆吧,
霍震霄的小跟班,165,4,2021.07.19,兰州极地海洋世界门票成人票,带孩子来还是挺好的,
简爱YT,165,3,2021.06.05,兰州极地海洋世界门票成人票,还可以，门票有点贵。哈哈哈，不知道能不能有更优惠的团购,
匿名用户,165,1,2021.07.13,兰州极地海洋世界门票成人票,里面啥都没有  里面服务员态度差的要命  夸大其词的说一大堆,
ZD微笑向暖1119,165,3,2021.07.15,兰州极地海洋世界门票成人票,还可以吧，带着孩子去的，以前去过，感觉没以前好玩了,
匿名用户,165,2,2021.06.07,兰州极地海洋世界门票成人票,带着小孩去玩的，可能是太小的缘故，刚进门口看到那些摆件还挺开心的玩的，但到里面感觉就没啥意思了，看着不咋感兴趣，一百多的门票也就建议有小孩的进去转转，让小孩看看，大人真的是没啥意思。还死贵，感觉更本就不值这个价。,
blm155402235,165,4,2021.05.15,兰州极地海洋世界门票亲子（1大1小）票,负责看海龟那边那个大姐服务我们不要触摸海龟，海龟会咬你们的那个大姐喊的都嗓子沙哑了态度真好，大姐，您辛苦了！,
VcR834120748,165,3,2021.07.15,兰州极地海洋世界门票成人票,海狮，美人鱼表演都很不错，孩子可以去看看,
tzxyt1985,165,3,2021.07.17,兰州极地海洋世界门票成人票,还行吧，可以带孩子媳妇一起去。,
vuG402992809,165,2,2021.07.14,兰州极地海洋世界门票成人票,前台人员服务都很好，很主动，热情。,
阳光饺子皮,165,3,2021.07.11,兰州极地海洋世界门票儿童/学生/老人/残疾人/军人票,里面设施挺好的，就是容易丢东西，新买的自拍杆一次没用就丢了,
_qqz7v1434679797,165,2,2021.07.19,兰州极地海洋世界夜场票儿童/学生/老人/残疾人/军人票,好像比以前小了好多啊！！！！！！！,
_qqz7v1434679797,165,2,2021.07.19,兰州极地海洋世界夜场票成人票,比以前好像小了好多啊！！！！！！！！,
焦糖布丁2,165,1,2021.06.12,兰州极地海洋世界门票成人票,特别差  失望的体验  不值票价  开的馆项特别少  还不如去西宁的人民公园看金鱼    逛了不到半个小时呗！,
pQR187308202,165,2,2021.07.11,兰州极地海洋世界门票成人票,环境还可以，就是样数太少了，价格有点偏贵,
楠楠冯,165,3,2021.07.15,兰州极地海洋世界女神节门票女士票,不是很大，海狮没看见！人不多！,
QDU194397168,165,1,2021.07.14,兰州极地海洋世界门票成人票,环境太差了。直接就是坑人。里面啥也没有。太失望了。,
zcq1150889114,165,4,2021.07.19,兰州极地海洋世界亲子票（1大1小）,还凑合。。。。,
rcH387093018,165,5,2021.07.16,兰州极地海洋世界门票成人票,好,
匿名用户,165,2,2021.07.15,兰州极地海洋世界门票成人票,凑活着玩吧。这价格，要啥自行车？,
元老院的屋大维,165,5,2021.04.28,兰州极地海洋世界门票（儿童/学生/老人/残疾人/记者/军人票）,特别好，有很多的海洋生物，真的是长了见识了，还能看到美人鱼表演，就是美人鱼的身材不太好，能看到小肚腩，其他的地方都比较好，太开心了，看到这么多单海的生物，海洋是我们大家的，我们一定要保护好它，各位战友,
vuG402992809,165,2,2021.07.13,兰州极地海洋世界门票儿童/学生/老人/军人/残疾人票,咨询的时候，服务态度一点都不好，,
URJ967966078,165,5,2021.05.02,兰州极地海洋世界夜场票（成人票）,特别喜欢，周末带孩子去的，有活动的时候领个卷，比平时划算，特别好，孩子很喜欢，大人也喜欢，交通也很便利，里边还有表演，都挺精彩的，太喜欢了，有空了都可以带孩子来看，又能玩，周末饿的好去处，最后领个卷，价格也划算。,
ttz618128043,165,3,2021.06.23,兰州极地海洋世界门票成人票,很不错，宝宝都很喜欢，「梦幻水母区」「热带雨林区」「海狮剧场」「热带海洋区」「河流湖泊区」「沙滩海洋区」「海底潜游区」「冰河世纪区」,
pQR187308202,165,2,2021.07.11,兰州极地海洋世界门票儿童/学生/老人/军人/残疾人票,环境还可以，就是量数太少了，门票太贵了。,
NVf294189720,165,4,2021.07.18,兰州极地海洋世界夜场票儿童/学生/老人/残疾人/军人票,特别有意义,
iqF864673383,165,1,2021.07.14,兰州极地海洋世界门票成人票,门票太贵了，里面东西太少了，失望,
swM491068832,165,2,2021.07.02,兰州极地海洋世界门票成人票,都没几个人去玩，还有部分在装修，里面闷热，真心不好玩，十来分钟就走完了，一点都不值,
BZU663742239,165,1,2021.07.12,兰州极地海洋世界大学生专属票,机热乎后期好咯还以为孩子个。破坏吸引眼球个r,
Uitwaaien111,165,3,2021.05.08,兰州极地海洋世界大学生专属票, ,
PJZ876533163,165,4,2021.07.14,兰州极地海洋世界门票成人票,带孩子的好去处 带孩子的好去处。,
美面团,165,3,2021.07.12,兰州极地海洋世界门票成人票,里面很多场馆正在装修中，不太着急的可以等等！,
tzxyt1985,165,4,2021.07.17,兰州极地海洋世界门票（儿童/学生/老人/残疾人/记者/军人票）,还可以！,
嗳呦Mu嘛,165,3,2021.07.09,兰州极地海洋世界门票成人票,设施还可以，带宝贝玩是不错的地方，也是个避暑圣地,
匿名用户,165,2,2021.07.11,兰州极地海洋世界门票成人票,环境一般     而且还在装修   里面种类也比较少,
DGP418847505,165,3,2021.07.11,兰州极地海洋世界门票儿童/学生/老人/残疾人/军人票,还可以吧，很多地方在装修……还可以吧，很多地方在装修……,
m安静先生,165,2,2021.07.14,兰州极地海洋世界门票儿童/学生/老人/残疾人/军人票,就那样吧，不是很理想。。。。。,
VtE426546017,165,3,2021.06.27,兰州极地海洋世界门票成人票,西北地区能有这么些海洋动物看还是比较不错了，但是只能说是大型鱼缸观赏秀，所以票价还是偏高了。,
匿名用户,165,2,2021.06.03,兰州极地海洋世界（儿童节活动）门票亲子（1大1小）票,六一带孩子去的，真没意思，这个海洋世界真的一般，很小，一个海洋世界整的跟动物园一样。而且刚进门的海龟旁边的工作人员态度特别差，不知道她是怎么做服务的。这次是我所有经历的最糟的，以后不会再去了。,
洛可可120505,165,4,2021.07.12,兰州极地海洋世界门票成人票,整体还不错。,
江屿吖,165,3,2021.07.10,兰州极地海洋世界门票儿童/学生/老人/军人/残疾人票,水母贼好看，绝绝子，爱了爱了，推荐拍照打卡,
vuD108960367,165,2,2021.07.12,兰州极地海洋世界门票成人票,看的东西确实不多。各种收费项目。,
bXW230274263,165,1,2021.07.03,兰州极地海洋世界门票儿童/学生/老人/军人/残疾人票,不要写自己的真实电话号码，小心有人通过搜索手机号填加你的微信,
EhU265394365,165,2,2021.07.12,None,需要带身份证吗。不拿身份证能进去吗,
DKB298702643,165,2,2021.07.08,兰州极地海洋世界门票儿童/学生/老人/军人/残疾人票,就那样，实在无聊去转一转，只有美人鱼表演，还可以,
xel849227958,165,2,2021.07.12,兰州极地海洋世界门票成人票,景点不值票价哦哦哦哦哦哦哦哦哦哦哦哦哦哦,
匿名用户,165,5,2021.07.12,兰州极地海洋世界门票成人票,挺好的，好玩有趣！！,
无法沟通,165,3,2021.07.08,兰州极地海洋世界门票成人票,在装修人好多总体还行吧离家近好,
海aymj,165,3,2021.07.13,兰州极地海洋世界门票成人票, ,
海aymj,165,3,2021.07.13,兰州极地海洋世界门票儿童/学生/老人/军人/残疾人票, ,
匿名用户,165,3,2021.05.19,兰州极地海洋世界门票儿童/学生/老人/残疾人/军人票,还好，门票感觉偏贵了一点。大人140，小孩90元感觉有一点贵，小孩大人加起来150差不多。,
吃锅碗架,165,3,2021.07.06,兰州极地海洋世界门票成人票,服务很好，里面得环境也挺好看的，适合带孩子去玩！,
你好么681,165,3,2021.07.07,兰州极地海洋世界门票儿童/学生/老人/军人/残疾人票,能看到跟多的海洋动物，还能免费获取一张照片,
匿名用户,165,3,2021.07.07,兰州极地海洋世界门票儿童/学生/老人/军人/残疾人票,因为装修，早上开门比较晚，突突突,
匿名用户,165,1,2021.05.17,兰州极地海洋世界门票成人票, ,
lwghsot,165,3,2021.07.04,兰州极地海洋世界门票成人票,小孩玩的挺开心     以后还会去，就是票价有点贵,
匿名用户,165,3,2021.07.07,兰州极地海洋世界门票成人票,还不错，可以带着小孩子去转转。,
hwy838291770,165,3,2021.07.06,兰州极地海洋世界门票成人票,挺好，孩子很爱去，去过好几次了，周末值得一去,
匿名用户,165,2,2021.07.03,兰州极地海洋世界门票成人票,不咋滴 一般般  距离大城市的海洋世界还是差远了……,
vdJ673970892,165,3,2021.06.28,兰州极地海洋世界成人票,门票价格好高，在里面见了很多没见过的海底生物，我和娃娃都感觉很好奇！,
C七厘米蔚蓝n,165,3,2021.05.05,兰州极地海洋世界门票成人票,带孩子去很不错，孩子们玩的很开心,
lnn1028,165,3,2021.07.03,兰州极地海洋世界门票儿童/学生/老人/残疾人/军人票,带孩子去的，孩子喜欢就好，过节人多，还是要避开过节再去。,
Lina54335,165,4,2021.05.01,兰州极地海洋世界大学生专属票,满意，大学生票划算。适合家长带孩子去,
naber99,165,3,2021.06.29,兰州极地海洋世界门票成人票,【交通】【项目】【环境】「冰河世纪区」「梦幻水母区」「热带海洋区」,
aZc626832890,165,1,2021.06.14,兰州极地海洋世界门票成人票,我去过最不好的海洋世界，是真的，本来就小，人还不专业，美人鱼应该是最好看的，孩子看一会都说不想看了，和大城市好好学学吧，差的太远了,
BHL320236155,165,3,2021.07.05,兰州极地海洋世界门票儿童/学生/老人/残疾人/军人票,还可以，还有固定时间的表现，可以看看,
hgm56558547,165,2,2021.07.02,兰州极地海洋世界门票成人票,景点打造的很一般，服务质量还需要有待提高。,
bXW230274263,165,1,2021.07.03,兰州极地海洋世界门票成人票,工作人员急用登记的电话号码搜索家微信,
kwf663237866,165,3,2021.07.04,兰州极地海洋世界门票（儿童/学生/老人/残疾人/记者/军人票）,还不错，就是动物还有点少。孩子挺喜欢的哈,
路人兮兮,165,2,2021.07.05,兰州极地海洋世界门票成人票,很一般的一般一般一般啊特别一般,
EHz574001286,165,3,2021.06.18,兰州极地海洋世界门票儿童/学生/老人/残疾人/军人票,第一次去 还不错 水母很奈斯 很开心 ～,
ASL5,165,4,2021.07.03,兰州极地海洋世界门票儿童/学生/老人/军人/残疾人票,就还不错，不过表演有点太少了，然后只能自己转。,
IlS557902217,165,3,2021.07.07,兰州极地海洋世界门票亲子（1大1小）票,不错的下次可以继续购买呼呼呼呼呼呼呼呼呼,
花非花么么哒,165,4,2021.06.13,兰州极地海洋世界门票成人票,设施一般般，很多地方在改造，期待开放后更好,
Azj753264662,165,3,2021.06.29,兰州极地海洋世界门票成人票,孩子很喜欢，临出门了才发现还有爬行动物区，可是已经快要关门了,
lnn1028,165,3,2021.07.03,兰州极地海洋世界门票成人票,挺好的，和孩子一起去。孩子喜欢。好好好好好,
太阳雨96713,165,5,2021.06.17,兰州极地海洋世界门票成人票,环境好，水母区特别好看,
OfF469708575,165,3,2021.07.04,兰州极地海洋世界门票成人票,还不错，第二次带孩子来玩了。人多。,
QkW299812982,165,4,2021.05.26,兰州极地海洋世界门票成人票,很适合带宝宝去，看看海师表演，还有水母很漂亮拍照可以，在兰州来说很不错了,
XjT411663551,165,4,2021.07.01,兰州极地海洋世界门票成人票,很好，就是有段时间装修有味道，其他都不错,
贰星不二w,165,4,2021.07.03,兰州极地海洋世界金榜题名双一流（学生两人门票）,有点小，感觉门票不是特别值,
sweet1314yunyun,165,1,2021.05.17,兰州极地海洋世界门票成人票,真心不怎么样 环境破旧 鱼的种类也少 海狮表演的工作人员态度恶劣 摸海狮照相要收15元 今天人很少 孩子照相没照好 就想耽误一下再补拍一张 结果被要求在再收费 摸海狮三秒 照相最多三十秒 去一次失望透顶 真心不值得,
vqP646067278,165,4,2021.04.04,兰州极地海洋世界大学生专属票,「海狮剧场」的表演很有意思「沙滩海洋区」的美人鱼表演的演员真的很辛苦一个成年人的视角来看。但是能给孩子带来快乐还是一份有趣的工作的,
tzjt,165,5,2021.05.25,兰州极地海洋世界门票成人票,小孩子玩的很开心,
悄然改,165,3,2021.07.04,兰州极地海洋世界门票成人票,还可以吧，价格有些贵，，，，，,
Xya980634464,165,1,2021.07.01,兰州极地海洋世界门票儿童/学生/老人/残疾人/军人票,非常差，尤其是工作人员！一路的骗局,
lNv167927145,165,2,2021.06.17,兰州极地海洋世界女神节门票女士票,优惠没的说，只是这个海洋馆老子以后打死都不会再去了，太失望了，还不如去五泉山动物园呢。才10块钱！,
Xya980634464,165,1,2021.07.01,兰州极地海洋世界门票成人票,不是太好，而且工作人员态度不好,
匿名用户,165,2,2021.06.14,兰州极地海洋世界门票成人票,地方小，很多区域还在装修，用不到一小时就能转完，想过可能不是太好，但没想到这么失望，大概率不会再去。,
cws192309772,165,3,2021.07.03,兰州极地海洋世界门票成人票,好，真的很好，非常好的一次体验,
一杯粥里的小芸豆,165,5,2021.03.13,兰州极地海洋世界门票成人票,特别好玩，孩子很开心美人鱼好看，「河流湖泊区」「热带海洋区」「梦幻水母区」「海狮剧场」「沙滩海洋区」美人鱼特别美，海狮表演也非常精彩，还有企鹅都是真的，很可爱，最后还有小猴子，海龟，蜥蜴等等，非常适合家人一起，带宝宝也很适合，值得去,
ZgV497888552,165,2,2021.07.02,兰州极地海洋世界门票成人票,孩子三十分钟就转完了，就要出去，一般,
匿名用户,165,1,2021.06.12,None,在小孩玩鸟的地方有个阿姨，态度极差，一份鸟食居然收15元就一小袋，你要是进去玩交15元然后你买一袋鸟食人家是不卖的，要买就15确实太坑人,
匿名用户,165,3,2021.06.29,兰州极地海洋世界门票儿童/学生/老人/残疾人/军人票,「沙滩海洋区」「热带雨林区」「海底潜游区」,
ZgV497888552,165,3,2021.07.02,兰州极地海洋世界门票儿童/学生/老人/残疾人/军人票,挺好的，还不错，挺好的，还不错,
rVF186328779,165,2,2021.05.27,兰州极地海洋世界女神节门票女士票,毕竟在西北地区能有一个这样规模的水族馆已经不错了，里面的鱼还是挺可爱的，水母馆是特色吧，灯光下的水母亮亮闪闪的，很漂亮了。但是里面环境较暗 一定要看好自家小孩子啊 。,
EXK548341231,165,5,2021.06.13,兰州极地海洋世界门票医护人员免费票,国家真的太给力了吧，我是去年带宝贝去的，我是护士，医护人员免费，真的很漂亮，宝贝都不走了，遗憾的是换手机了，照片都没有了,
fOa693194831,165,3,2021.05.13,兰州极地海洋世界门票成人票,今天有时间带宝宝过来，让宝宝感受一下动物时间，种类挺多的，设施也不错,
iPH928806959,165,2,2021.06.28,兰州极地海洋世界成人票,设施一般服务不好没有什么特色好玩的,
匿名用户,165,3,2021.06.29,兰州极地海洋世界门票成人票,还不错，很大，很好玩，适合一家人去,
Love赫伽敏,165,3,2021.06.26,兰州极地海洋世界女神节门票女士票,就是价钱太贵，男女价格还不一样。是性别歧视还是男女不平等？,
yhS723704833,165,3,2021.06.22,兰州极地海洋世界门票成人票,再多一些讲解，图片等知识点，设一些互动节目，共同参与，效果更好,
匿名用户,165,1,2021.06.17,兰州极地海洋世界门票成人票,刚进去就停电，连个应急电源都没有，还忽悠大家耽误了不少时间，最后还是没有完整看完，太遗憾了。,
BtP312009062,165,4,2021.07.02,兰州极地海洋世界门票成人票,不错,
匿名用户,165,2,2021.06.25,兰州极地海洋世界大学生专属票,设施不是很好，比较草率，但是总体来说还是挺不错的,
yazhong08,165,4,2021.06.27,兰州极地海洋世界门票成人票,周末市区内的亲子游还是蛮不错的,
Moh238797211,165,3,2021.06.26,兰州极地海洋世界门票成人票,还不错，还会回购！带着孩子去，还是值得一去的,
oku白镇毓,165,1,2021.06.24,兰州极地海洋世界门票成人票,说实话真心不值，卫生差，场馆内乱七八糟，安全措施无,
匿名用户,165,1,2021.06.13,兰州极地海洋世界门票成人票,说是极地海洋，其实一种极地动物都没有。只有不多的一些鱼类、水母等动物，也没有表演。不值这个价。,
匿名用户,165,3,2021.06.24,兰州极地海洋世界门票成人票,感觉还不错。就是有些小。下次还会来。他说新区不错,
匿名用户,165,2,2021.06.14,兰州极地海洋世界门票儿童/学生/老人/残疾人/军人票, ,
Bowie925,165,5,2021.06.29,兰州极地海洋世界门票儿童/学生/老人/残疾人/军人票,好,
jQF425433427,165,3,2021.06.10,兰州极地海洋世界（儿童节活动）门票亲子（1大1小）票,我是趁6.1活动去的，人也不是很多，主要是带孩子看着玩会，大人就感觉没意思了，里面尽是想方设法二次消费的，,
xJV971162169,165,3,2021.06.24,兰州极地海洋世界门票成人票,环境很好 动物品种很多 ，总体来说还不错,
nrl489776267,165,2,2021.06.19,兰州极地海洋世界门票儿童/学生/老人/军人/残疾人票,好多都在装修还没开放，票价太高不值得推荐，倒不如去西宁的童梦乐园,
匿名用户,165,1,2021.06.26,兰州极地海洋世界门票成人票,什么海洋馆  屁大点地方 ……还那么贵,
myv942157919,165,2,2021.06.26,兰州极地海洋世界门票成人票,标本太多【环境】不太好【交通】也不方便,
六一巴巴15,165,3,2021.06.18,兰州极地海洋世界门票成人票,很好玩的一个地方，家里小朋友很喜欢，里面的海豚表演，美人鱼都不错,
邵韶104,165,1,2021.06.27,兰州极地海洋世界门票儿童/学生/老人/军人/残疾人票,非常一般，不值票价，不推荐来！,
丁971325564,165,2,2021.06.26,兰州极地海洋世界门票成人票,一般般吧，太小了，鱼的种类也少,
shina蝎子姐,165,4,2021.06.20,兰州极地海洋世界门票成人票,水母区很漂亮，很喜欢，拍照好看，还看到了美人鱼表演,
匿名用户,165,1,2021.06.22,兰州极地海洋世界门票成人票,好多都关了 到处都是收费项目  没意思,
KCg466387706,165,1,2021.06.01,兰州极地海洋世界门票成人票,不好意思，没有非常差这个选项！美人鱼表演3分钟！海豹表演完可以合影，但要收费！真的不推荐去！异味！卫生差！感觉像乡村大世界！,
dth123988698,165,1,2021.06.25,兰州极地海洋世界门票儿童/学生/老人/军人/残疾人票,环境不好，有的项目还在施工，没有啥可看的,
dth123988698,165,1,2021.06.25,兰州极地海洋世界门票成人票,环境不好，服务差，进去没有好玩的,
樱离月,165,2,2021.06.22,兰州极地海洋世界门票成人票,都是水母，因为水母便宜吗，不会再去了,
那殇w美286,165,5,2021.05.06,兰州极地海洋世界门票亲子（1大1小）票,很值得带孩子去，非常推荐,
Iris香,165,4,2021.06.06,兰州极地海洋世界门票儿童/学生/老人/残疾人/军人票,去的时候正在装修升级，不过也是很不错的吖,
咋啦巴吧,165,1,2021.04.17,兰州极地海洋世界门票成人票,第一次这么生气，这个也太敷衍了吧，比青岛的海昌极地差多了，门口的北极熊是个模型，动物也比较少，海豚也是个模型，表演时间也短。门票还贵，不值啊！,
不吃芹菜怎么啦,165,3,2021.04.16,兰州极地海洋世界大学生专属票,【环境】一般 没有很大 自己转了一两个小时就出来了 里面都是大人陪小孩子在转 「海狮剧场」海狮表演很可爱 可以去看看 小海狮都好活泼,
Iau977948412,165,4,2021.05.14,兰州极地海洋世界大学生专属票,没有地图啥的，有些想看的地方没找到就已经随人流走出来了。里面还行，最喜欢漂亮的水母,
《东东娃》,165,3,2021.06.13,兰州极地海洋世界门票成人票,感觉还可以，值得去一下，交通方便也好找，就是里面的服务人员特别差，,
UOZ335162624,165,2,2021.06.21,兰州极地海洋世界门票成人票,去的时候看了一半停电了，退费排队比游玩时间还要长,
BQe463214693,165,1,2021.06.25,兰州极地海洋世界门票成人票,哪哪都在装修升级，能看的没多少,
如此依赖2016,165,3,2021.06.22,兰州极地海洋世界门票（儿童/学生/老人/残疾人/记者/军人票）,还可以吧，带孩子去看的，有人鱼表演,
其实都没有511,165,1,2021.06.21,兰州极地海洋世界门票成人票,在搞装修，花了140就进去转了一趟，啥都没有。看了个寂寞。,
Whisky_white,165,4,2021.04.10,兰州极地海洋世界大学生专属票,学生票很划算，喂海龟还是挺有意思的，总体来说还不错。,
GcO777967980,165,3,2021.06.25,兰州极地海洋世界门票儿童/学生/老人/残疾人/军人票,特别特别想去玩，一直都去。永远去,
Drug863,165,2,2021.06.24,兰州极地海洋世界门票儿童/学生/老人/军人/残疾人票,一般般 在修   等30号以后再去吧。。。。。,
ttz618128043,165,3,2021.06.23,兰州极地海洋世界门票儿童/学生/老人/残疾人/军人票,很不错可以去，宝宝很喜欢，还会去,
匿名用户,165,4,2021.06.24,兰州极地海洋世界门票儿童/学生/老人/残疾人/军人票,还行，挺好玩的,
废铁小哥哥,165,3,2021.06.20,兰州极地海洋世界大学生专属票,一般吧进去转一圈就出来啦 没有想象的那么好,
DDA539707536,165,3,2021.06.20,兰州极地海洋世界门票成人票,希望越做越好，总体不错，祝生意兴隆,
如此依赖2016,165,3,2021.06.22,兰州极地海洋世界门票成人票,还可以吧，去一次不想去第二次。,
一首童谣谣,165,3,2021.06.14,兰州极地海洋世界门票成人票,地方有点小，其他的还可以，视频里这个工作人员很可爱。,
每天都有点儿困,165,3,2021.06.21,兰州极地海洋世界门票儿童/学生/老人/军人/残疾人票,还可以吧 但是有好多在维修 好多没看到,
匿名用户,165,2,2021.06.23,兰州极地海洋世界门票成人票, ,
匿名用户,165,4,2021.06.24,兰州极地海洋世界门票成人票,还不错,
Cca426663783,165,3,2021.06.03,兰州极地海洋世界女神节门票女士票,很不错的地方，很喜欢，尤其是美人鱼,
IpA125621112,165,4,2021.06.22,兰州极地海洋世界门票成人票,第一次去，孩子们很开心,
aWw216002931,165,3,2021.06.21,兰州极地海洋世界门票成人票,还可以，就是组织有点乱，继续努力吧,
匿名用户,165,3,2021.06.14,兰州极地海洋世界门票成人票,还行吧，在兰州，算是值得一去的地方了，有海狮和美人鱼表演。,
匿名用户,165,3,2021.06.16,兰州极地海洋世界门票成人票,带孩子去的，刚开业的时候去过。总体还可以。,
rrz253625616,165,2,2021.06.22,兰州极地海洋世界门票儿童/学生/老人/军人/残疾人票,「梦幻水母区」。。。。。。。。。。。,
hYi880781040,165,5,2021.06.14,兰州极地海洋世界海狮合影不限人群票,价格合理，让孩子和海狮近距离接触，很棒。,
LTS133035388,165,1,2021.06.18,兰州极地海洋世界门票成人票,垃圾，本来不大，还大部分装修，坑人,
wuyan4火火火,165,1,2021.06.09,兰州极地海洋世界门票成人票,太小啦，动物少的可怜！整个世界逛完仅需半个小时。,
吹不碎的我最痛,165,3,2021.06.19,兰州极地海洋世界金榜题名双一流（学生两人门票）,很不错！以后常去，嘿嘿嘿！带女朋友去,
tWd321525538,165,3,2021.05.04,兰州极地海洋世界成人票,设施非常满意，有些动物的场地比较小，但是总体来说还是可以的！,
RHX584424424,165,1,2021.05.02,兰州极地海洋世界门票成人票,一点都不人性化，每一个区都没有工作人员 只有海狮门口和沙子那里有，大家坐在表演美人区等待了1个小时，结果没有表演，还是一位保洁告诉大家没有表演，要不然大家坐在那里苦苦等待，在海狮馆门口等了30分钟 有闷又热希望该景点能够改善一些不足之处，适当采访一下游玩结束的游客感受,
sylbaby15,165,4,2021.05.09,兰州极地海洋世界门票成人票,带孩子去了很多次了，一直都不错,
YpB479487213,165,3,2021.06.19,兰州极地海洋世界大学生专属票,自己进去挺不错的，很放松，很快乐。,
skA910978555,165,5,2021.05.05,兰州极地海洋世界大学生专属票,很不错，值得去一次玩,
贝贝狗27,165,2,2021.06.11,兰州极地海洋世界门票成人票,设备设施及动物太少，不值这个价格，环境一般,
石榴吖w,165,1,2021.06.14,兰州极地海洋世界门票成人票,真的差到极点，什么也没有。一个人七十，真的有点亏，进去还热死了,
ATk728944086,165,4,2021.05.13,兰州极地海洋世界门票亲子（1大1小）票,节假日真不能出门人太多了，煮饺子一样，啥也抢不上看……,
良辰美景1026,165,3,2021.06.16,兰州极地海洋世界门票成人票,地方有点小，总体还不错，多增项目,
Rgl424518407,165,5,2021.05.14,兰州极地海洋世界门票成人票,很好玩 一年带孩子去一两次 可以让孩子认识很多鱼的品种,
EfL954782433,165,3,2021.05.02,兰州极地海洋世界门票亲子（1大1小）票,交通、停车方便，适合带孩子去。,
Nni110897135,165,1,2021.06.14,兰州极地海洋世界门票成人票,五一去的，节目没有按照公示时间演出，体验感极差,
QNQ545370419,165,1,2021.06.17,兰州极地海洋世界门票成人票,没情况，没情况，没一点情况。差评差评,
芷墨依澜,165,3,2021.06.15,兰州极地海洋世界门票成人票,还不错，满意，里边挺好的，反正拍照是挺好的,
qWV609414974,165,1,2021.06.17,兰州极地海洋世界门票成人票,环境一般，到处都在修，照相的骗人，,
jfv635242010,165,5,2021.03.08,兰州极地海洋世界门票儿童/学生/老人/残疾人/军人票,不错不错，相对来说在兰州已经是很不错的海洋馆了，动物们很可爱，游览的人也很多，里边的小动物种类多，品种齐全，还有精彩的各种表演，就是里边信号不好，无线网络还连不上，已经是第二次去了，不错，满分好评，希望越做越好，,
渝恒天下,165,3,2021.05.05,兰州极地海洋世界门票成人票,一般般吧，说不上好坏，如果没地方去，可以去看看,
匿名用户,165,3,2021.06.14,兰州极地海洋世界门票成人票,还不错，里面挺好玩的。【环境】【交通】【项目】,
tiny和sunny,165,2,2021.06.15,兰州极地海洋世界门票成人票,装修中，能参观的太少了。。。。。。,
匿名用户,165,1,2021.06.15,兰州极地海洋世界门票成人票,啥东西都没有，破烂玩意表示很不满意,
盲果.丸子,165,1,2021.06.10,兰州极地海洋世界门票成人票,啥都没了，就留了几样，写的装修改造，怪不得票价这么便宜了，,
铁军8v8,165,3,2021.05.15,兰州极地海洋世界门票儿童/学生/老人/残疾人/军人票,节日时间有点短，还行吧，给个好评！,
MTq471123796,165,1,2021.06.10,兰州极地海洋世界门票成人票,装修升级，装修升级，装修升级，好多地方都看不见，还有非常大的灰尘。不建议来,
愚人嘲,165,3,2021.06.13,兰州极地海洋世界门票儿童/学生/老人/残疾人/军人票,还不错吧，就是有点小，景区也没有很好的完善,
HoP275550350,165,2,2021.06.14,兰州极地海洋世界门票成人票,给大家推荐，亲子还是挺好的，有需要的应该去玩下。,
POT190688643,165,4,2021.06.13,兰州极地海洋世界（海德堡极地海洋世界）门票学生/老人/残疾人票,入园前均可购买,孩子们很开心，看到了新奇的海洋动物…
匿名用户,165,1,2021.06.14,兰州极地海洋世界门票成人票,环境极差，大失所望，装修还营业，真心搞不懂,
高大傻呀,165,1,2021.06.07,兰州极地海洋世界门票成人票,特别没意思！里面的服务态度也不是很好！看图片挺好的进去并不是那样,
楠楠冯,165,4,2021.06.15,兰州极地海洋世界女神节门票女士票,挺好的，海狮没看上！,
lWZ361262823,165,2,2021.06.11,None,五一去的一张门票飙到140了，节假日和非节假日价格差的离谱,
匿名用户,165,1,2021.06.14,兰州极地海洋世界门票儿童/学生/老人/残疾人/军人票,全部在装修，十分钟就能转完，环境太差,
流浪的陌生人,165,5,2021.06.01,兰州极地海洋世界门票亲子（1大1小）票,【交通】便利【环境】很好  「沙滩海洋区」「热带海洋区」「河流湖泊区」「海狮剧场」,
渣渣杰z,165,1,2021.06.15,兰州极地海洋世界门票儿童/学生/老人/残疾人/军人票,好多想看的想玩的竟然都在重新装,
iuv309488849,165,3,2021.06.13,兰州极地海洋世界门票亲子（1大1小）票,服务不错，环境不错，总体还可以！,
rFK731270068,165,3,2021.06.13,兰州极地海洋世界门票儿童/学生/老人/残疾人/军人票,和想象中的不太一样，可以带小孩子来认识认识,
qTI655480104,165,2,2021.06.13,兰州极地海洋世界门票儿童/学生/老人/残疾人/军人票,里边可逛的挺少的，不过看到了海狮表演,
GhosT伊奥,165,3,2021.06.12,兰州极地海洋世界门票成人票,环境还行了么，适合周末休闲带孩子们去,
ypd904357774,165,2,2021.06.12,兰州极地海洋世界门票成人票,五一去的，人太多，有多少票进多少人，里面太热,
Empire622,165,2,2021.06.09,兰州极地海洋世界门票（儿童/学生/老人/残疾人/记者/军人票）,门票太贵，环境太差，不值得去，感觉不值那个价格,
X7半夏微凉,165,3,2021.06.09,兰州极地海洋世界亲子门票（1大1小票）,设施挺好的，尤其是美人鱼表演小朋友特别喜欢看,
匿名用户,165,2,2021.06.11,兰州极地海洋世界门票成人票,感觉挺小的 没什么新奇的东西 一般,
小李要吃爽,165,4,2021.05.03,兰州极地海洋世界大学生专属票,小动物们很可爱，总体还不错,
Fip706921886,165,3,2021.06.11,兰州极地海洋世界大学生专属票,以欢喜心过生活，以温柔心除挂碍,
iuv309488849,165,3,2021.06.13,兰州极地海洋世界门票儿童/学生/老人/残疾人/军人票,还可以，服务还行，总体还是可以的,
OCb363934415,165,3,2021.06.08,兰州极地海洋世界门票亲子（1大1小）票,适合孩子们去玩的地方  里面的美人鱼表演也很好,
jfv635242010,165,5,2021.03.08,兰州极地海洋世界门票成人票,很好，很不错，我用的特价票，真的是证件比较好使，有些景点好不行，这么卡一下那么卡一下，里边的小动物都很可爱，尤其是各种表演，精彩，就是时间短了点，十分钟，在一个就是里边信号不好，无线网络也连不上，工作人员说是坏了，希望越做越好，满分好评，值得推荐,
LYbengladeng,165,3,2021.06.05,兰州极地海洋世界门票儿童/学生/老人/残疾人/军人票,太小了，好多室外馆也没有，比起其他城市的海洋公园差太多了！,
GKY746441294,165,5,2021.06.08,兰州极地海洋世界门票（儿童/学生/老人/残疾人/记者/军人票）,感觉不错，值得推荐【环境】不错【交通】方便,
IOV326549855,165,3,2021.06.09,兰州极地海洋世界门票成人票,还可以，就是孩子太小，孩子还没感觉到新奇,
wycmm1988,165,4,2021.06.06,兰州极地海洋世界门票成人票,海洋动物太少了，就一个小型的海洋馆，不算海洋世界。,
匿名用户,165,3,2021.06.09,兰州极地海洋世界门票（儿童/学生/老人/残疾人/记者/军人票）,提前看天气，风雨来时才不会措手不及,
PDa989266614,165,5,2021.05.11,兰州极地海洋世界门票成人票, ,
晨晨dhd,165,4,2021.05.12,兰州极地海洋世界大学生专属票,无与伦比的视觉盛宴～,
花车钮钴禄寒,165,3,2021.06.07,兰州极地海洋世界门票成人票,还可以，就是人鱼表演这次没看上，下次去了再看吧,
xvJ684287514,165,3,2021.06.05,兰州极地海洋世界门票成人票,还不错，孩子挺喜欢，就是里边空气有有些闷，水中舞蹈也不错！,
匿名用户,165,4,2021.06.08,兰州极地海洋世界（儿童节活动）门票亲子（1大1小）票,大人小孩都喜欢，好好好好好,
仲夏1782,165,5,2021.06.13,兰州极地海洋世界（端午节活动）门票成人票,非常好,
lvE634496767,165,2,2021.06.05,兰州极地海洋世界门票成人票,很大一部分都装修，有点遗憾，不敢上装修的话，应该还可以,
lRD133962879,165,4,2021.06.12,兰州极地海洋世界学生/老人/残疾人门票+海狮表演票(地推),入园前均可购买,一切都挺好的。满意满意
X7半夏微凉,165,3,2021.06.09,兰州极地海洋世界门票成人票,挺好的，小朋友喜欢看，美人鱼表演,
古小乖_,165,2,2021.06.03,兰州极地海洋世界门票成人票,地方不大，一般。主要是陪孩子去，海狮表演孩子很喜欢,
月亮树199010,165,1,2021.05.04,兰州极地海洋世界门票成人票,一个字“绝”绝对的交智商税，里面啥都没有都是鱼缸，忽悠我们这些没见过海的西北人。一句话不去吧，后悔！去了吧，更后悔！,
匿名用户,165,2,2021.06.09,兰州极地海洋世界门票成人票,可能在装修吧，什么都没有，体验感不好。,
匿名用户,165,2,2021.06.06,兰州极地海洋世界门票成人票,死贵死贵的，啥也不是，一点都没意思，强烈推荐别,
匿名用户,165,2,2021.06.06,兰州极地海洋世界大学生专属票,死贵死贵的，一点都不好玩，全是骗人的，没意思,
花车钮钴禄寒,165,3,2021.06.07,兰州极地海洋世界门票儿童/学生/老人/残疾人/军人票, ,
苏暖的小星星呀,165,3,2021.06.08,兰州极地海洋世界女神节门票女士票, ,
陌上聚,165,3,2021.06.05,兰州极地海洋世界门票（儿童/学生/老人/残疾人/记者/军人票）,很喜欢很好看很不错很耐人寻味很期待很开心很快乐,
韩小寒2923,165,2,2021.06.07,兰州极地海洋世界门票成人票,好可以，就是没有体验感，逛一逛还是可以的,
ldK917039351,165,1,2021.06.05,兰州极地海洋世界门票成人票,太小了，还那么贵的门票不值得，太垃圾了，后悔去,
腾格里的猫儿,165,3,2021.06.05,兰州极地海洋世界门票成人票,还好吧孩子挺高应啊，玩的也开心,
tUH27729493,165,3,2021.05.21,兰州极地海洋世界女神节门票女士票,还行吧，有些场地都是空的，至少四五处的动物场地不知道是搬迁了还是去哪了？不知道！陪孩子转了一个小时就回了,
陌上聚,165,3,2021.06.05,兰州极地海洋世界门票成人票,很喜欢很好看很可爱很好看很期待很开心很幸福,
eeJ770484572,165,5,2021.06.09,兰州极地海洋世界门票成人票,挺好,
tUH27729493,165,3,2021.05.21,兰州极地海洋世界门票儿童/学生/老人/残疾人/军人票,还行吧，带孩子去的，就是有好多场地是空的，不知道那些动物去了哪里？转了一小时就回了！票价还挺贵的！,
你的晶姐,165,4,2021.04.17,兰州极地海洋世界门票成人票, ,
古小乖_,165,2,2021.06.03,兰州极地海洋世界门票儿童/学生/老人/残疾人/军人票,感觉一般，也不是很大。主要是陪孩子去,
匿名用户,165,2,2021.05.24,兰州极地海洋世界门票成人票,说实话，真心一般，有点不值这个价格！我不知道那些评论不错的人是怎么……哎，反正我觉得不值当。,
香香的爱情很美,165,4,2021.04.14,兰州极地海洋世界门票成人票,挺好的，里面东西也挺多的，可以去玩玩值得推荐,
小赵不吃辣椒哦,165,3,2021.06.02,兰州极地海洋世界门票亲子（1大1小）票,总体来说还不错，但是没有特别惊喜和意外,
匿名用户,165,3,2021.06.03,兰州极地海洋世界门票成人票,带弟弟去的   从弟弟的感官上来看  非常棒的体验,
KAK684367275,165,3,2021.03.23,兰州极地海洋世界门票成人票,一般吧，实在太小了。开始转感觉还行，然后……就没然后了，就已经到头了！表演的节目确实一般般,
肩上有个一百万,165,4,2021.06.08,兰州极地海洋世界门票成人票,宝宝喜欢,
大千吐鲁,165,3,2021.06.01,兰州极地海洋世界门票成人票,还不错，正好赶上点，看了两场美人鱼表演，小孩很喜欢,
Hqp754679451,165,3,2021.06.05,兰州极地海洋世界门票成人票,还行吧，第一次去，感觉还可以。,
hCG102559738,165,3,2021.06.02,兰州极地海洋世界门票亲子（1大1小）票,还可以吧！带小孩玩，价格有点高,
匿名用户,165,1,2021.05.05,兰州极地海洋世界门票成人票,无语～第一次评价送给这里。感觉就跟逛了一趟花鸟鱼市场，全都是大小鱼缸，设施陈旧。不知道怎么有勇气把门票费用设那么高，交了一波智商税！！！,
匿名用户,165,5,2021.06.05,兰州极地海洋世界门票成人票,好的很，西北没有海洋世界。,
gFN685893064,165,3,2021.06.01,兰州极地海洋世界门票成人票,第一次去，踩坑比较多点，美人鱼的表演宝宝很喜欢。,
HMs718588356,165,3,2021.06.01,兰州极地海洋世界门票成人票,就那样吧，去的时候人也比较少，该差不差吧,
hhf12301260,165,2,2021.05.31,兰州极地海洋世界门票亲子（1大1小）票,馆内面积的小，动物也少，内部环境一般,
冰风哈哈,165,4,2021.05.06,兰州极地海洋世界门票成人票,dianzan,
匿名用户,165,2,2021.05.30,兰州极地海洋世界门票成人票,还可以！无人人多拥挤，服务态度也不是很好！！！,
Hwp178679936,165,4,2021.03.12,兰州极地海洋世界女神节门票女士票, ,
当个干饭人,165,4,2021.03.28,兰州极地海洋世界门票儿童/学生/老人/残疾人/军人票,和室友一起去，海狮表演和美人鱼我都开，周内去的，还挺开心的，人比较少，确实很美,
匿名用户,165,2,2021.03.28,兰州极地海洋世界门票成人票,有种上当受骗的感觉，里面没有想象中的大，海洋动物的种类也不是很多，进门以后商家的态度也一般般，总的来说就是一次很差的体验！！！！！！！！！！！！！！不推荐大家去！！！！！！！！！！！！！！！！！！！！,
匿名用户,165,1,2021.05.03,兰州极地海洋世界门票成人票,海洋馆都变成了动物园，到底是陆地还是海洋。走过的最差地方，浪费钱！还有鹦鹉看不懂。,
单字一个康966,165,1,2021.05.03,兰州极地海洋世界大学生专属票,服务态度很差，门口拍照的别去了，门口拍照后面取照片，六张照片一百多就算了，我不想要，还嘲讽我带个女朋友出来，一个照片都不给买，我有自己的消费观，里面也就是鱼啥的，我觉得不值,
女士352,165,3,2021.05.03,兰州极地海洋世界门票成人票,【交通】便利，内部条件环境不是太好，但假期人员密集。对于西北区来说带孩子去玩玩看看体验一下海底生物的灵动性还是不错的。,
凉心不凉生,165,4,2021.06.01,兰州极地海洋世界门票成人票,服务周到，周边设施很齐全,
匿名用户,165,2,2021.05.28,兰州极地海洋世界双十二活动双人票,适合带小孩去，门票比较贵，里面鱼类资源较少,
麻烦您做快点,165,3,2021.05.04,兰州极地海洋世界大学生专属票, ,
匿名用户,165,1,2021.05.27,兰州极地海洋世界门票成人票,门票太贵，花了两百多里面没有好的游玩景点，真的太坑,
CYR743945203,165,3,2021.03.25,兰州极地海洋世界门票成人票,动物挺多的，除了海水里的鱼，还有猴子，海狮，龟类等一些动物，就是感觉好小，一会会就走完了,
Ens598506232,165,3,2021.05.29,兰州极地海洋世界门票成人票,还行，【环境】可以【交通】便捷【项目】多样,
AOASongJiHyo,165,1,2021.05.05,兰州极地海洋世界大学生专属票,本来是五星好评，但是工作人员态度很差，也不提醒闭馆时间，买票时候都问了现在还能转嘛，五点买的，但是都不提醒。到了六点不到，五点五十多一个四十多岁男的就在那催催催。,
匿名用户,165,5,2021.04.22,兰州极地海洋世界门票儿童/学生/老人/记者/军人/残疾人票,海狮很可爱，美人鱼表演很精美，还有其他海洋动物，很多都是第一次见。,
匿名用户,165,5,2021.04.22,兰州极地海洋世界门票成人票,环境不错，有各种第一次见到的动物，很喜欢表演，不管是美人鱼还是其他。,
fLF489729377,165,2,2021.05.30,兰州极地海洋世界门票成人票,人太多……平时去可以……节假日应该避免……,
杰哥潇啦0623,165,3,2021.05.11,兰州极地海洋世界门票成人票,总体感觉还算可以，算不了惊艳，但是也没有太差，感觉里面还是不够到位，如果能再加一些餐饮项目就更好了,
yzR643704038,165,2,2021.05.25,兰州极地海洋世界门票儿童/学生/老人/残疾人/军人票,说实话很是一般，比起青岛海洋极地那就是一个天上，一个地上,
ZYi188053037,165,2,2021.03.28,兰州极地海洋世界女神节门票女士票,不值得这个门票，鱼的品种太少了，大部分都是家里能养的鱼，像虎鲸还是假的放水里在那里游，我也是无语了，表演太死板了，没意思,
二狗子他舅爷,165,5,2021.05.20,兰州极地海洋世界门票成人票,兰州来说还是不错 就是那个照片有点坑 ps换个背景而已 不过不要就行了,
zwh1487,165,3,2021.04.14,兰州极地海洋世界门票成人票,还不错，在兰州已经相当可以了，物种丰富，品类繁多,
kDQ444104487,165,2,2021.05.12,兰州极地海洋世界门票成人票,里面海洋鱼的种类不多，鱼也不是很多，感觉一般吧，没有南方的海洋世界观好，观光的人不多，门票也不低。,
MZH193799461,165,5,2021.02.06,兰州极地海洋世界门票成人票, ,
kRV506087549,165,1,2021.05.09,兰州极地海洋世界门票儿童/学生/老人/残疾人/军人票,一点都不好，里面脏洼洼的，一点都不好，美人鱼表演就像走过场一样的，包括海表演，一点也不好，一点都对不起那个门票费，白去估计都很少人去,
、剧终..........,165,5,2021.05.30,兰州极地海洋世界门票成人票,门票太贵，,
lYO115622979,165,3,2021.05.26,兰州极地海洋世界门票医护人员免费票,还不错，去的时候人比较多，太拥挤了,
JVl592372230,165,3,2021.05.08,兰州极地海洋世界门票成人票,感觉还不错 可以带宝宝去看，喜欢美人鱼,
我可能是假优酱,165,3,2021.05.04,兰州极地海洋世界门票成人票,一般东西太少不看表演用不了半个小时就出了，环境也就一般人又多游没空调，进一会就感觉有点不舒服，5 1全是小朋友,
CYR743945203,165,3,2021.03.25,兰州极地海洋世界女神节门票女士票,水母区的水母超级漂亮，其他区还好，感觉整个不是很大，里面的水缸有些小,
Pjx798420155,165,3,2021.04.08,兰州极地海洋世界门票成人票,还不错，里面挺大的，周围停车比较容易。,
ZXH文艺轩,165,4,2021.05.28,兰州极地海洋世界门票儿童/学生/老人/残疾人/军人票,好,
瑛瑛lyw,165,1,2021.05.26,兰州极地海洋世界门票成人票,不咋样，门票贵，里面没撒人，，，，,
匿名用户,165,2,2021.05.24,兰州极地海洋世界门票儿童/学生/老人/残疾人/军人票,说实话，没啥太大逛点，连大型鲨鱼都没有，章鱼也没有,
tSG443689838,165,2,2021.05.24,兰州极地海洋世界门票成人票,感觉门票有点贵，里面环境一般。,
晨宝demm,165,3,2021.05.22,兰州极地海洋世界门票成人票,还行吧，没有介绍那么好玩，动物品种不多,
Ayh763809514,165,2,2021.04.15,兰州极地海洋世界门票成人票,入园前均可购买,还好，该有的都有，是孩子们的天堂
感光隧道,165,3,2021.05.25,兰州极地海洋世界门票亲子1大1小票,很喜欢。孩子很开心、我也就很开心,
李李雅雅＊,165,1,2021.05.07,兰州极地海洋世界门票成人票,不是一般的恶心，真不值花这钱去。里面没信号，需要扫二维码进去的都得跑门口打开才能进。太恶心人了。,
静静静JING静静静,165,5,2021.05.26,兰州极地海洋世界门票成人票,可以去一次,
Rqa722774146,165,2,2021.05.20,兰州极地海洋世界门票成人票,服务人员态度恶劣，感受一般，不值那个价,
tIX775660215,165,4,2021.05.27,兰州极地海洋世界夜场票（儿童/学生/老人/军人/残疾人票）,可以,
tIX775660215,165,4,2021.05.27,兰州极地海洋世界夜场票（成人票）,可以,
STK913338995,165,3,2021.05.22,兰州极地海洋世界门票成人票,体验一般吧，除了交通便利外，其他感受一般,
匿名用户,165,3,2021.05.20,兰州极地海洋世界儿童/学生/老人/军人/残疾人票门票,【环境】【交通】【项目】【餐饮】都挺好的，不错哦,
狗熊的脑袋,165,1,2021.05.22,兰州极地海洋世界门票成人票,真的垃圾真的垃圾孤独地我和我VSVS我,
青天一碧,165,3,2021.05.23,兰州极地海洋世界门票儿童/学生/老人/残疾人/军人票,不错的哟，我专门从临夏去游玩的。,
dbl104816014,165,2,2021.05.18,兰州极地海洋世界门票成人票,一般吧，没有榆中的极地海洋公园好，就是交通便利,
jlv321798620,165,3,2021.05.17,兰州极地海洋世界门票儿童/学生/老人/残疾人/军人票,环境还可以，票价偏高，大人一百，儿童五十差不多！！,
何波684,165,1,2021.05.16,兰州极地海洋世界门票亲子（1大1小）票,及其一般，里面太潮了，也基本没啥看点，商业消费项目还多。,
匿名用户,165,3,2021.05.15,兰州极地海洋世界门票成人票,转的项目挺多，比想象中的好一些！刚开始听说不怎么样，真实去了好很多！,
渣渣劫,165,4,2021.05.24,兰州极地海洋世界儿童/学生/老人/军人/残疾人票门票,还行吧，挺好的,
JpG814080250,165,3,2021.05.22,兰州极地海洋世界门票成人票,建议不是节假日了去，不然去了就是看人头,
没死就别做废人,165,1,2021.05.19,兰州极地海洋世界门票成人票,进去装修，有的表演都没看到，门票还那么贵,
earmarkforyou,165,3,2021.05.19,兰州极地海洋世界门票成人票,就是价格贵了。里面生物却比较少,
肉可可鸭,165,1,2021.05.18,兰州极地海洋世界门票成人票,美人鱼就5.6分钟  真亏 鲨鱼缸里脏脏的 真失望,
T啸月T,165,2,2021.05.17,兰州极地海洋世界门票儿童/学生/老人/残疾人/军人票,一般啦，就是门票定价感觉太高了，不值,
冰风哈哈,165,4,2021.05.19,兰州极地海洋世界亲子票（1大1小）,很不错的地方，可以带孩子看看,
星晴星海,165,3,2021.05.22,兰州极地海洋世界门票医护人员免费票,挺好，很梦幻的感觉。。。。。。。。。。。。。,
jbq181203321,165,2,2021.05.18,兰州极地海洋世界门票儿童/学生/老人/记者/军人/残疾人票,感觉不怎么好玩，科普一下海洋知识还行,
匿名用户,165,2,2021.05.20,兰州极地海洋世界门票儿童/学生/老人/残疾人/军人票,票价太贵，项目少，转都没转就完了,
HYF253179384,165,2,2021.05.19,兰州极地海洋世界门票医护人员免费票,就那样吧，没觉得多好，赶紧哄哄孩子还可以,
共鸣9.,165,2,2021.05.03,兰州极地海洋世界门票成人票,没多少海鱼 基本都是淡水鱼...,
ANL463434429,165,3,2021.04.23,兰州极地海洋世界大学生专属票,不错，可以去一下，。。。。。。。。,
kiO597340363,165,2,2021.05.14,兰州极地海洋世界门票成人票,没有 刚开业的时候人多了 ，也没有 刚开业的时候热了 怎么说呢 进去人很少 也很冷清,
灵魂伴侣438,165,2,2021.05.15,兰州极地海洋世界大学生专属票,就那样，里面没有什么可玩的，就是些动物，而且里面动物。喂食的还要另收费。,
遇见85868,165,4,2021.05.20,兰州极地海洋世界门票成人票,还好吧！就是门票还是有点贵的。,
T啸月T,165,3,2021.05.17,兰州极地海洋世界门票成人票,一般啦，就是感觉门票定价太高。。。。,
ySy242300051,165,2,2021.05.17,兰州极地海洋世界门票儿童/学生/老人/残疾人/军人票,门票有点小贵，不太值的，项目不精彩,
GXQ605285260,165,4,2021.05.23,兰州极地海洋世界门票成人票,满意,
zhang23623,165,2,2021.05.17,兰州极地海洋世界门票成人票,好久没去了，孩子一直都想去，去了就是失望,
匿名用户,165,4,2021.02.25,兰州极地海洋世界警务人员票,很不错，孩子玩得很开心，很喜欢看美人鱼表演，看完美人鱼表演之后还有海狮表演，孩子看的很激动，各种各样的鱼类，适合带孩子或者陪家人一起去，也可以跟男朋友女朋友一起去，是周末约会、遛娃的好去处，地方很大也很好找，满意的一次活动。,
CEH264920231,165,3,2021.05.15,兰州极地海洋世界门票成人票,还行吧！孩子欲望木有实现。多一些未来的,
周个pp,165,2,2021.05.20,兰州极地海洋世界门票成人票,厕所不好，特别不好。。。。。。。,
zhang23623,165,2,2021.05.17,兰州极地海洋世界门票儿童/学生/老人/残疾人/军人票,不会再去了，越来越差，孩子也不喜欢。,
ySy242300051,165,2,2021.05.17,兰州极地海洋世界门票儿童/学生/老人/残疾人/军人票,门票有点小贵，项目不太多，不值得一观,
HYF253179384,165,2,2021.05.19,兰州极地海洋世界门票成人票,一般不太好，也就哄哄孩子。。。。,
GEj747981419,165,3,2021.05.19,兰州极地海洋世界亲子票（1大1小）,带宝宝第二次去，不错的一次出行,
Shg913836223,165,3,2021.05.14,兰州极地海洋世界门票成人票,带孩子过去的，看了没人鱼表演！,
fpc731519280,165,5,2021.05.16,兰州极地海洋世界大学生专属票,第一次和女孩子一起去感觉特别棒，值得推荐,
Ikh152327275,165,4,2021.04.07,兰州极地海洋世界成人票,宝宝很喜欢这里，尤其是人鱼表演，他看了还要看。,
PfE968478113,165,2,2021.05.04,兰州极地海洋世界门票亲子（1大1小）票,大型鱼缸的感觉，美人鱼的表演只在一小部分的窗户上能看到，做的刚好不是那块玻璃附近，，就看不到。,
Z_Q_5_2_0,165,1,2021.05.12,兰州极地海洋世界门票成人票,简直不要太恶心，真的是脏乱差，而且臭烘烘的。真的是太不建议去了，无语子。,
jlv321798620,165,3,2021.05.17,兰州极地海洋世界门票成人票,没有第一次去时的温馨！票价有点高！,
匿名用户,165,2,2021.05.14,兰州极地海洋世界门票成人票,沙滩区孩子就不想游了，加照相下来没有二百不行,
lz_lm,165,2,2021.05.11,兰州极地海洋世界门票成人票,五一去的，人太多，空间太小了，不过种类还算多。,
薇儿0628,165,5,2021.05.12,兰州极地海洋世界门票成人票,很好玩，孩子特别喜欢，有美人鱼表演，各种水母特别漂亮,
芦佳妹妹,165,1,2021.05.11,兰州极地海洋世界门票成人票,卫生太差，环境恶心，吃喝地方也差，道路交通持续差,
AGU443971001,165,4,2021.05.18,兰州极地海洋世界门票（儿童/学生/老人/残疾人/记者/军人票）,挺好的，里面什么都有,
匿名用户,165,3,2021.05.16,兰州极地海洋世界门票成人票,配套设施一般，环境一般………………,
psR183933253,165,3,2021.05.14,兰州极地海洋世界门票成人票,不错不错，带娃去的一个好地方，很不错,
PgN405426905,165,3,2021.05.16,兰州极地海洋世界大学生专属票,还行，表演也挺好的，推荐美人鱼表演,
芦佳妹妹,165,2,2021.05.11,兰州极地海洋世界门票亲子（1大1小）票,环境不行，吃喝卫生太差，交通也不行，人员素质差,
君53464,165,4,2021.03.03,兰州极地海洋世界门票儿童/学生/老人/残疾人/军人票, ,
mhz797103522,165,3,2021.05.14,兰州极地海洋世界门票成人票,我是第一次去，感觉还不错呢，玩的也很好,
初心2769,165,3,2021.05.09,兰州极地海洋世界门票（儿童/学生/老人/残疾人/记者/军人票）,带小孩玩挺好，长长见识，毕竟兰州再没好玩的地方,
duan军胜,165,1,2021.05.12,兰州极地海洋世界门票亲子（1大1小）票,位置不好，没地方挺好，里面很小,
匿名用户,165,1,2021.05.10,兰州极地海洋世界门票成人票,140就这 脏乱差。真的不值好吗 不如去花鸟鱼市！！！,
冷阳271,165,2,2021.05.03,兰州极地海洋世界门票儿童/学生/老人/残疾人/军人票,这酒店应该是高档型里比较差的，备用床褥，淋浴拖鞋，收费物品清单都没有，,
vXR225544281,165,2,2021.05.05,兰州极地海洋世界门票儿童/学生/老人/残疾人/军人票,我觉得是大写的坑，可能是我期望值比较好，和成都海昌做比较了，实在是不值得推荐,
htk717478292,165,3,2021.05.10,兰州极地海洋世界门票成人票,还可以，带小朋友去的，如果种类再多一点就更好了,
《泓彤泽》木子,165,3,2021.05.14,兰州极地海洋世界门票成人票,还不错，孩子们特喜欢！有时间再去,
匿名用户,165,2,2021.05.12,兰州极地海洋世界门票成人票,总体感觉票价太贵，和花鸟市场差不多,
昕锐动漫,165,1,2021.05.02,兰州极地海洋世界门票成人票,140每位的门票，就看了几个大鱼缸，两分钟就能看完，3岁小孩都觉得“鱼太少了”，忽悠！,
匿名用户,165,4,2021.03.10,兰州极地海洋世界门票成人票,孩子一起来的总体感觉比较好，孩子很喜欢很喜欢，但是因为一些鱼的名字我不知道，给孩子开拓了视野还不错吧 。孩子一起来的总体感觉比较好，孩子很喜欢很喜欢，但是因为一些鱼的名字我不知道，给孩子开拓了视野还不错吧 。,
呜呼？,165,1,2021.05.05,兰州极地海洋世界门票亲子（1大1小）票,价格比全国各个地方的都贵，设施太差劲，都没啥东西，场地也小,
烟熏遮住眼底殇～,165,3,2021.05.13,兰州极地海洋世界门票医护人员免费票,和宝宝一起去的，环境很不错噢，宝宝很喜欢,
DNh491944096,165,3,2021.05.11,兰州极地海洋世界大学生专属票,海狮表演不错，水母馆是我最喜欢的一块,
匿名用户,165,2,2021.05.01,兰州极地海洋世界门票成人票,一般吧，没有海洋公园大，没有海洋公园设施齐全，也没有海洋公园环境好。门票还要比海洋公园贵！,
vlX680353905,165,3,2021.05.10,兰州极地海洋世界门票儿童/学生/老人/残疾人/军人票,对于西北地区来说能有这样的海洋馆已经很不错了,
fkW683476388,165,5,2021.05.14,兰州极地海洋世界门票儿童/学生/老人/残疾人/军人票,价格有些高了哈哈！其他都好,
匿名用户,165,3,2021.05.04,兰州极地海洋世界门票成人票,还不错，就是有点小了，不过在西北地区有这样的海洋馆还算不错，可以带孩子去转转。,
duan军胜,165,2,2021.05.12,兰州极地海洋世界门票儿童/学生/老人/残疾人/军人票,没地方停车，里面非常非常小，，，，，,
甘NZ3389,165,1,2021.05.08,兰州极地海洋世界门票成人票,门票太贵，不适合大众消费，也不符合我们诚实的人群所需,
KNG120558632,165,2,2021.05.06,兰州极地海洋世界门票成人票,体验项目极少 没有让人记忆深刻的节目或者有兴趣的动物,
MZH193799461,165,5,2021.02.06,兰州极地海洋世界门票医护人员免费票,好像还是去年去的  很荣幸，医护人员免门票，有幸去看过一次  感激涕零 哈哈哈  总而言之，还是值得去观看一下滴  项目挺全的  带老妈和侄子一起去的  老妈和侄子玩的很开心  我也就满足啦  我觉得属于兰州必打卡旅游景点，希望更多的人去观看，发展越来越好,
wxs187932,165,3,2021.05.06,兰州极地海洋世界大学生专属票,环境好着呢，主要是门票太贵了，再多加点娱乐项目就完美,
tUN483499210,165,1,2021.05.13,兰州极地海洋世界门票成人票,啥都没有，到处收费不要去了乱花钱,
匿名用户,165,2,2021.05.11,兰州极地海洋世界门票成人票,说句实话一张票140不值，并没有多好,
心软是病xn,165,4,2021.03.20,兰州极地海洋世界女神节门票女士票,「热带海洋区」「河流湖泊区」「海底潜游区」「热带雨林区」这美人鱼惊艳到我了 太攒劲了,
SaG651126617,165,3,2021.05.09,兰州极地海洋世界门票儿童/学生/老人/残疾人/军人票,去的时候有点早，动物还不多，挺大的，走起来有点累,
wrmeituan,165,4,2021.05.03,兰州极地海洋世界门票成人票, ,
baby丁丁319,165,5,2021.05.09,兰州极地海洋世界夜场门票（成人票）,入园前均可购买,不错的宝贝，很好，不错，推荐。
山水醉龙,165,3,2021.05.09,兰州极地海洋世界门票儿童/学生/老人/残疾人/军人票,还可以玩的也就那么点东西，转来转去的，还需要进一步改进,
eTG235051870,165,3,2021.05.10,兰州极地海洋世界门票成人票,还可以！去的时候人有点多，不过也还好……,
匿名用户,165,2,2021.05.09,兰州极地海洋世界门票（儿童/学生/老人/残疾人/记者/军人票）,场地有点小，动物呢少，品种也不多，不满意,
喜欢吃莉芝,165,3,2021.05.04,兰州极地海洋世界门票成人票,「热带海洋区」「梦幻水母区」「热带雨林区」「海狮剧场」「沙滩海洋区」,
BgD810896192,165,2,2021.05.06,兰州极地海洋世界门票成人票,个人意见：没有想象的好，门票价格较高，不太好,
EId167141938,165,2,2021.05.06,兰州极地海洋世界门票儿童/学生/老人/残疾人/军人票,不好玩，人太多，东西太少，潮湿闷热，下次不会再去了,
张廷梅好伙伴,165,4,2021.01.25,兰州极地海洋世界门票成人票,带孩子去还是不错的选择，里面有美人鱼，海狮表演等，还有沙坑玩！整体就是小一些。。。。。没有饭，只有零食，建议吃饱了进去或者带点吃的。爱拍照的也可以拍拍照，下面给大家展示了我拍的照片和视频，喜欢的可以浏览浏览！,
飞翔的云8791,165,5,2021.05.11,兰州极地海洋世界门票儿童/学生/老人/残疾人/军人夜场票,很不错的忙碌的忙碌起来,
建国路小佩奇,165,2,2021.05.07,兰州极地海洋世界大学生专属票,大失所望，内部闷热通气极差，和宣传图片有极大出入,
fkW683476388,165,5,2021.05.14,兰州极地海洋世界门票成人票,很好的体验！,
匿名用户,165,1,2021.04.20,兰州极地海洋世界门票成人票,真的很不值得花这个钱来，没有什么海洋生物！门票还这么贵！长隆才收多少钱看看人家的设施！兰州的太差！大家切记不要来………,
WYz146519779,165,1,2021.05.03,兰州极地海洋世界大学生专属票,设施老旧，环境很差，设施老旧，环境很差，设施老旧，环境很差，再也不会去了,
《泓彤泽》木子,165,4,2021.05.14,兰州极地海洋世界门票亲子（1大1小）票,很不错，,
NUJ203883901,165,1,2021.05.06,兰州极地海洋世界门票成人票,项目太少。海狮剧场要是好久的队，都没有看到。,
冰风哈哈,165,4,2021.05.06,兰州极地海洋世界门票儿童/学生/老人/残疾人/军人票,兰州人民值得去的地方，让孩子们也涨涨见识,
兔子的November,165,1,2021.05.04,兰州极地海洋世界门票成人票,差评 设施差 卫生间少 环境差 门票还挺贵,
YnG976592740,165,2,2021.05.09,兰州极地海洋世界门票（儿童/学生/老人/残疾人/记者/军人票）,不满意，场地小，动物少，动物也不精神,
Zh小岳,165,3,2021.05.08,兰州极地海洋世界门票成人票,目之所及皆是回忆，心之所想皆是过往，眼之所看皆是遗憾,
CC徐小娜,165,2,2021.05.12,兰州极地海洋世界门票成人票, ,
匿名用户,165,3,2021.03.03,兰州极地海洋世界门票儿童/学生/老人/残疾人/军人票,买学生票去的，票价也不贵来兰州一定要去哦值得一去,
kRV506087549,165,1,2021.05.09,兰州极地海洋世界门票成人票,很后悔去，白花钱，一点都不好。不建议大家去,
WaZ812869314,165,5,2021.04.04,兰州极地海洋世界门票成人票,去了才知道，,
