id,价格,评价,评价日期,票务类型,评论,,,,,,
灰烬291,70,5,2021.11.28,故宫博物院上午场门票成人票, ,,,,,,
匿名用户,70,5,2021.11.15,故宫下午场学生票,第一次去故宫博物院是在疫情前半个月左右，记得那是2020年1月初我刚放寒假。路过北京，和北京正在上学的同学一同游玩，我们是前一天在美团买的票，因为是冬天淡季又是学生票所以超级便宜。我们买完第二天早上就去了，只记得那天很冷，阳光还不错。在天安门广场前，人很多都在等着闸机检查，之后我们便进入到天安广场，停留了一会，穿过长安街地下通道进入天安门。记得穿过三道大城楼，才真正进入故宫，进入之后瞬间被里面的红墙和古建筑吸引住了，好多人，以红墙做背景拍照留念。我好奇慈宁宫，便看着标示牌，过去了。我看到了，电视剧里被被叛军，弓箭插在，门上木牌的剪头，见古思今，想想已是百余年前的事情了，仿佛历历在目。看到了，世界上现存最大的海南黄花梨柜子，等等。一下看到这么多历史东西，感觉美不胜收，就是最后的御花园，以为会很大，其实比想象的要小很多。,,,,,,
路过芳华路过你,70,5,2021.12.02,故宫博物院上午场学生票,入园前均可购买,【环境】环境一般，人很多，有些人乱丢垃圾【交通】交通很便利，可以从多个方位到达目的地【项目】项目丰富，强烈推荐乾清宫和御花园太和殿中和殿，彰显了我国古代的风貌【餐饮】里面的食物种类丰富，味道很好，吃了还想吃！第二次和女朋友来的故宫，真的流连忘返！,,,,,
路过芳华路过你,70,5,2021.12.02,故宫博物院上午场（成人票）,入园前均可购买,【环境】环境很好，干净卫生，游客的素质都比较好，虽然很多但是没有拥堵及不文明现象【交通】交通便利，有地铁和公交直达故宫【项目】很多宫殿和文物，感受中华文化的熏陶【餐饮】小吃很多，都是北京的地道小吃，特别好吃！第一次和妈妈来故宫游玩，真的体验感很好,,,,,
匿名用户,70,5,2021.12.01,故宫博物院（故宫）成人票下午场票,之前去过横店影视城感觉已经很震撼了，自己一个人到故宫游了感觉太震撼了，横店影视城那个就是小儿科，帝王的居所太奢华了，帝制社会的整个权力中心都聚集在紫禁城里，宫殿的气派完全体现出中国建筑的宏伟，也衬托出了帝王的尊严,,,,,,
沫沫酱：,70,5,2021.11.21,故宫博物院下午场（学生票）,　来北京，一定要去两个地方：故宫、长城。今天去的远近闻名的故宫。　　一大清早就坐着快速公交车很快就来到了前门，人民广场人山人海，还有许多外国人，我们还跟他们合了影。我们来到了故宫，第一眼看见的就是一个大门，他的匾上写着“午门”两个大字，我怀疑这午门是用来斩犯人的，因为皇帝总是说“将某某斩于午门！”　　我们来到了一座城墙，那城墙有五个大洞，听说：这五个大洞呀，中间走皇帝，左边走文官，右边走武官，俗话说得好：左文右武。,,,,,,
匿名用户,70,4,2021.11.19,None,2021年初雪去故宫，在北京，每个人都在盼着紫禁城的雪。背上相机，拍下这红墙白雪，琉璃瓦黄。能在故宫遇到一场天地茫茫的大雪是件幸运的事情，和朋友们一起听雪落下的声音也是一件幸福的事情。,,,,,,
hLQ662429261,70,5,2021.11.13,故宫博物院上午场（成人票）,「午门」「乾清宫」「神武门」「皇极殿」「御花园」「九龙壁」「体仁阁」「太和门」「太和殿」「文华殿」「武英殿」「中和殿」「保和殿」「交泰殿」「坤宁宫」「东六宫区」「西六宫区」「养心殿」「奉先殿」「宁寿宫区」「数字馆」「陶瓷馆」「书画馆」「古建馆」「雕塑馆」「戏曲馆」「青铜器馆」「ぴ逄谩埂赋缏ァ埂腹使鼓浪屿外国文物馆」「斋宫」「宁寿门」「畅音阁」「养性殿」「珍宝馆」「阅是楼」「阙左门」「毓庆宫」「储秀宫」,,,,,,
jeF475530378,70,5,2021.11.28,故宫上午场成人票+秀才说人工讲解9:00场, ,,,,,,
yd1096187533,70,5,2021.11.16,故宫博物院上午场成人票,第一次去故宫，第一次看见秋天的颜色 ，在古色古香几千年的建筑中感受着历史的厚重和色彩。六百年的紫禁城太美每个季节都值得来感受一下因为有不同的风景。600年沉淀的故宫，真的是一步一景，如果能下雪的时候，来一次就真的非常棒。到北京看故宫，直接刷身份证就好了，网上订票，记得不要带打火机，如果带了，可以再出去的时候再领一个，真的非常漂亮，推荐五星推荐,,,,,,
OcS234665759,70,5,2021.12.01,故宫上午场成人票+秀才说人工讲解9:00场,设施齐全，服务周到，口才一流！边走边看边听故事很是一种享受！王秀才不愧为秀才中的秀才！幽默风趣，热情周到！强烈推荐！,,,,,,
djO747020174,70,5,2021.11.27,故宫下午场门票成人票+秀才说人工讲解13:00场,小谢导游的服务非常满意，讲解的非常详细，学习到了很多明清时期的历史，感觉是不虚此行哦！下午我12:40准时出发，大概三点半可以结束行程，全程一步一景，一景一故事。第一次来，还是建议找专业导游介绍一下的，非常满意哦！,,,,,,
比目而昭496,70,5,2021.10.08,故宫博物院下午场门票学生票,当时去绿码怎么也不出来，是售票口的哥哥给我搞好了，非常有耐心，而且每个殿都有志愿者，喜欢「午门」「皇极殿」「太和殿」「坤宁宫」「东六宫区」「西六宫区」「养心殿」「珍宝馆」「储秀宫」「乾清门」「延禧宫」「慈宁宫」「文渊阁」「堆秀山」「寿康宫」「万春亭」「珍妃井」「永寿宫」「金水桥」「慈宁门」「端门」「太和殿广场」「养心门」「清代军机处史料展」「御书房」「“珍宝馆”主题展览」「“钟表馆”主题展」「钟粹宫」,,,,,,
jiayue7777,70,5,2021.12.01,故宫下午场门票成人票+秀才说人工讲解13:00场,今天来参观了很壮观的故宫，秀才说：王秀才是一个超级不错的讲解，学到了很多自己不知道的知识、了解了很多历史文化！,,,,,,
HvM870121010,70,5,2021.10.24,故宫下午场门票成人票+秀才说人工讲解13:00场,北京故宫是闻名于世的中式传统建筑皇宫，也是迄今保存最为完整的皇家宫殿。去北京游览的人大多要去这座深宫禁城里参观一番，以了解封建时代皇帝的生活环境及豪华建筑的容貌。旧称紫禁城。于明代永乐十八年（1420年）建成，是明、清两代的皇宫，两代24位皇帝在此处理政务和生活起居的地方。它是汉族宫殿建筑之精华，无与伦比的古代建筑杰作，世界现存最大、最完整的木质结构的古建筑群。故宫全部建筑由“前朝”与“内廷”两部分组成，四周有城墙围绕。四面由筒子河环抱。城四角有角楼。四面各有一门，正南是午门，为故宫的正门。故宫被誉为世界五大宫之首。故宫占地很大，所以我想介绍一下故宫的布局。故宫宫殿是沿着一条南北向中轴线排列的，三大殿、后三宫、御花园都位于这条中轴线上，并向两旁展开，南北取直，左右对称。在中轴宫殿两旁，还对称分布着许多殿宇，也都宏伟华丽。这些宫殿可分为外朝和内廷两大部分。外朝以太和、中和、保和三大殿为中心，文华、武英殿为两翼。内廷以乾清宫、交泰殿、坤宁宫为中心，东西六宫为两翼，布局严谨有序。安导介绍也非常有趣，文化历史底蕴深后，幽默风趣，让我对故宫有了重新的认识。,,,,,,
分手何必带走锅阿,70,5,2021.11.17,故宫博物院上午场（成人票）, ,,,,,,
Emily是个大吃货,70,3,2021.11.26,故宫博物院上午场（成人票）,入园前均可购买,f，我去了故m。感X也]有很大呀。以前皇m就那N大幔窟是其]有後m佳三千。因楫r的人口密度也]有@N呀。是故m，根本就不是清代的皇m呢。我很好奇。而且故m的，它的建B都很新。f，我X得洛更有味道。洛o我的感X很有v史。然後我踩在他的u^上土地上的r候，我都X得很厚重。他的那些T，都是我小r候可以看到的T。是f以前的r候，我於T就有不同的v究。好像是@幼拥摹Ｍr，我於故m屋上面的那N小受也感到非常的好奇。槭颤N中南方有@N多，@N多？心BF，做的非常@G的小F在屋上。但是故m的s很一般的。是年？皇m那的O是囊或者是有寓意的O去O的。然後南方的l展的比^好的，他在皇m的基A上，又增添了他的O。@不是]有可能的事情。另外，我有看到故m的那些屋建B的。知R分享。我X得有W到一部分热荨？梢宰龅母致。如果做的更@的，那故m的票r是不是是那N三五天才能逛完的那N呢？我有很多思考。下次再分享吧。,,,,,
不二小智,70,4,2021.11.07,故宫上午场门票学生票,19年去过天安门，但忘了买故宫的门票，就没进去。21年弥补了19年的遗憾，趁着自己还是学生，享受优惠。总要去趟北京吧，吹吹颐和园的晚风，去趟天安门，感受京城的威严。走在故宫的路上，有一种肃然起敬的感受，感受到了古代的文化历史和神韵！,,,,,,
uVV387047538,70,5,2021.10.10,故宫下午场门票学生票+人工讲解+无线耳麦, ,,,,,,
软萌的妹纸一小只,70,5,2021.10.12,故宫博物院上午场（成人票）,入园前均可购买,现在这个时候去故宫真的是有点冷了，但是怎么说呢，我觉得总体上还是比较好玩的，故宫可以值得反复鉴赏的地方，其实非常多，他们家有特别深厚的文化底蕴，所以不会让你觉得特别的乏味，而且每一砖一瓦都是经过了很多年的沉淀，能够让你感受到当中的美好之处！！！！,,,,,
zPC499737876,70,5,2021.10.14,故宫下午场门票成人票+秀才说人工讲解13:00场,秀才说碰到的安导，一路讲解得非常详细，也非常有趣。添加了不少历史资料和故事。一路听得非常入迷。走了两三个小时一点都不觉得累。光看建筑除了觉得宏伟宽广没什么趣味，也了解不了历史过程。一路停安导的讲说，才不虚此行。各建筑的特色，历史用处，经历的故事，只有了解这些才算真正的游览了故宫,,,,,,
阿萌9607,70,5,2021.11.13,故宫博物院（故宫）成人票下午场票,北京故宫悠久，自从1420年以来，经历了580多年，北京故宫的雄伟壮丽是古代中国经济实力的完美展现，更是祖国劳动人民智慧的结晶！北京的故宫是如此的美丽！希望你有机会去细细地游赏，里面还有很多华丽、雄伟的宫殿及景观,,,,,,
GIl461303418,70,5,2021.10.01,故宫下午场门票（成人票）,北京故宫内的建筑分为外朝和内廷两部分。外朝的中心为太和殿、中和殿、保和殿，统称三大殿，是国家举行大典礼的地方。三大殿左右两翼辅以文华殿、武英殿两组建筑。内廷的中心是乾清宫、交泰殿、坤宁宫，统称后三宫，是皇帝和皇后居住的正宫。其后为御花园。后三宫两侧排列着东、西六宫，是后妃们居住休息的地方。东六宫东侧是天穹宝殿等佛堂建筑，西六宫西侧是中正殿等佛堂建筑。外朝、内廷之外还有外东路、外西路两部分建筑。[1]北京故宫是世界上现存规模最大、保存最为完整的木质结构古建筑之一，是国家AAAAA级旅游景区，[2][3]1961年被列为第一批全国重点文物保护单位；[4]1987年被列为世界文化遗产,,,,,,
软萌的妹纸一小只,70,5,2021.11.05,故宫博物院下午场（成人票）,入园前均可购买,会有人不喜欢故宫吗？我觉得故宫真的是挺好的呢，特别特别的大，然后总体视觉上感觉也挺不错的，而且他们家有一个特点是什么呢？就特别特别的大，然后里面的人文景点也特别特别的多，非常非常适合带孩子过来玩。我很喜欢哦！！,,,,,
HAv864151856,70,5,2021.12.03,故宫博物院下午场（学生票）, ,,,,,,
灰烬291,70,5,2021.10.04,故宫博物院（故宫）成人票上午场票,做摄影后经常去故宫拍照，每次去故宫都有不同的新感受，每次去都能发现新的角度和构图，百拍不厌。有人问我为啥没人，虽然是工作日去的，比节假日人要少，但是拍照也要等好久机位，等人走光了再拍的。前三殿拍照大气恢宏，层次丰富，后十二宫拍照晚宴别致，两者各有不同。来景必打卡的地方。,,,,,,
rji615063403,70,5,2021.11.08,None, ,,,,,,
RSh800091688,70,5,2021.11.06,故宫下午场门票成人票+秀才说人工讲解13:00场,讲解生动有趣  故事丰富  表演精彩 全面展示故宫辉煌瑰丽、神秘沧桑的宫殿建筑、丰富多彩，经历传奇的珍贵文物，讲述不为人知、真实鲜活的人物命运、历史事件和宫廷生活。触摸历史跳动的脉搏，传承源远流长的中华文明。,,,,,,
零号弄堂,70,5,2021.08.21,故宫下午场门票成人票+秀才说人工讲解13:00场,八月下旬，趁来北京出差的空挡，来到了北京故宫游览一番。故宫，又名紫禁城，位于北京市中心。今天人们称它为故宫，意为过去的皇宫。它是明朝皇帝朱棣征调无数能工巧匠，用了14年时间建成的宏伟建筑。故宫占地72万平方米，共有房屋9000多间，是世界上规模最大、保存最完好的古代皇宫建筑群。宫殿沿着一条南北走向的中轴线排列，左右对称，布局严整。故宫外沿还有4个门，正门名午门、东门名东华门、西门名西华门、北门名神武门。绕过三大殿，我们到了故宫的后半部分，以乾清宫、交泰殿和坤宁宫为中心，东西两侧有东六宫和西六宫，主要是皇帝和后妃居住的地方。与外朝建筑的雄伟壮丽不同，内廷非常富有生活气息。其中乾清宫是皇帝的寝宫，坤宁宫在明朝是皇后的寝宫。走完了坤宁宫，我们到了后面的御花园，这里是专供皇帝和后妃休息、游玩的场所，园内有高耸的松柏、珍贵的花木和玲珑别致山石。最后，着重提一下我们的本次导游，王秀才，非常热情非常专业，一路上耐心给大家讲解各处景点的起源，发展，历史，丰富的知识储备，让我由衷的敬佩！！！,,,,,,
阿萌9607,70,4,2021.11.13,故宫博物院（故宫）成人票下午场票,设施齐全，第一次来，看看中国文化博大精深，但是真的好大呀，走的都快要迷路了，也有一些小卖部，给游客提供了不错的服务，风景优美，可惜没有走到头，下次再多走走，要多走一些不一样的路，期待下次见面吧！我的故宫,,,,,,
ywws119,70,5,2021.12.01,故宫博物院上午场（成人票）,入园前均可购买, ,,,,,
cc没吃饭呀,70,5,2021.11.27,故宫上午场门票成人票+人工讲解+无线耳麦, ,,,,,,
aFU577947903,70,5,2021.11.16,故宫下午场成人票, ,,,,,,
Cj144123,70,5,2021.11.02,故宫下午场门票成人票+秀才说人工讲解13:00场,故宫太宏伟壮观，王导知识涌博，带人热情。今天一家人来故宫太有感觉了。有机会还会再一次来北京。推荐{秀才说}。,,,,,,
PMZ753249990,70,5,2021.10.24,故宫下午场门票成人票+秀才说人工讲解13:00场,故宫一日游，特别舒服！原来故宫有那么多故事 所以说人还是要出来走走 看看外面的世界。还有价值连城的宝物，还有中国的文化 实在让人自豪。值得推荐的产品点赞感谢秀才说 王导 全程解说~,,,,,,
jFP361766814,70,5,2021.12.02,故宫下午场门票成人票+秀才说人工讲解13:00场,秀才说进故宫听故事，在杨导的带领下一路给大家讲解的非常到位，每一个地方都有每一个故事，非常值得，也非常感谢杨导！,,,,,,
one妮卡,70,5,2021.12.02,故宫上午场票成人票+珍宝馆+秀才说・网红导游讲解9:00场, ,,,,,,
沈开心心,70,5,2021.11.20,故宫上午场成人票+秀才说人工讲解9:00场, ,,,,,,
仝磊振,70,5,2021.11.02,故宫下午场门票成人票+秀才说人工讲解13:00场,故宫雄伟壮观，漂亮王导游专业耐心解说值得推荐参观，今天跟导游学到很多历史文化推荐秀才说,,,,,,
qilinyue,70,5,2021.10.24,故宫上午场成人票+秀才说人工讲解9:00场, ,,,,,,
dys640536192,70,5,2021.11.25,故宫下午场门票成人票+秀才说人工讲解13:00场,今天我参加李秀才说来故宫参观李秀才讲解非常认真，细心，全面，让我正在感受到了故宫的历史和它的雄伟，很开心很高兴。,,,,,,
IpL473108012,70,5,2021.11.27,None,今天跟王导逛故宫了解历史，是很开心的。是极好的，秀才说点赞。满足了宫斗剧地点的好奇，真不错，导游也很耐心,,,,,,
hEc342450625,70,5,2021.11.30,故宫下午场门票成人票+秀才说人工讲解13:00场,逛故宫找解说 强烈推荐秀才说郭导 每个宫殿，文物都有它的历史故事 内在含义。,,,,,,
RCE391379757,70,3,2021.11.23,故宫博物院上午场（学生票）,入园前均可购买,大学时候去的，当时北京的天是那么的蓝，景色还是很不错的，超级能出片，是和大学室友们美好记忆的暂存地，大家逃课点外卖去唱k也算是独属于学生时代的亲测记忆了，它的好坏并不影响我记忆里的美好！！！！！！！！,,,,,
jiajiayayaa,70,5,2021.11.18,故宫上午场成人票+秀才说人工讲解9:00场,孙秀才好棒啊～服务周到，讲解特别细致，下次还会再选孙秀才～一场快乐之旅噢,,,,,,
晨曦朝暮,70,5,2021.10.10,故宫博物院上午场成人票, ,,,,,,
NrI233624265,70,5,2021.11.24,故宫上午场票成人票+珍宝馆+秀才说・网红导游讲解9:00场,秀才说王导讲解耐心细致，有专业，有趣事，有轶事！很满意，很喜欢，天气好，人好！！极力推荐～～～～,,,,,,
YBz669050720,70,5,2021.11.20,故宫上午场成人票+秀才说人工讲解9:00场,今天秀才说倪导，讲解绘声绘色，服务体贴入微，让人感觉非常棒。我们玩的很开心，下次推荐朋友继续来听秀才说的讲解。,,,,,,
匿名用户,70,5,2021.10.13,故宫上午场成人票+秀才说人工讲解9:00场,导游小哥哥非常好，热情洋溢，解说详细，为人细心，服务到位。非常感谢导游小哥哥的热情陪伴，然后我们度过了愉快的一天，希望贵公司多多安排小哥哥带队，要给加奖金哦！,,,,,,
kqa91838229,70,5,2021.11.27,故宫上午场成人票+秀才说人工讲解9:00场,秀才说谢导讲解很好，很专业，来故宫游玩还是要找专业的导游，带着玩和解说，省时省力，好评呦～,,,,,,
QWL941410305,70,5,2021.12.01,故宫博物院上午场成人票,世界文化遗产值得一去,,,,,,
CREME123,70,5,2021.09.14,故宫博物院上午场成人票,第一次和家人去故宫，太震撼了！提前一个星期预约，住在天安门旁边，走路过去不到十分钟！排队安检很快，就是碰到几个旅行团显得稍拥挤！一路惊叹古人的智慧，文采不好，只能用“哇”来表达内心的汹涌澎湃！石狮子冰淇淋和酸奶都超棒！从早上十一点逛到快清场都没看完，下次再来！,,,,,,
wzq970465764,70,3,2021.11.25,（不含门票）故宫专业级手机智能导游,入园前均可购买,怎么说呢 ，可能没什么专业的了解或者研究，所以比较走马观花，但肯定要比请专门的讲解人员实惠！可以购买 ，多少讲解的还很到位！不过我失去拍照的 ，因为去过好多次 ，也没真正了解过，所以买了一个讲解，准备听听看看！,,,,,
紫萱宝宝爱吃饭,70,3,2021.10.19,故宫博物院下午场（成人票）, ,,,,,,
sQn818404678,70,5,2021.10.22,【故宫下午场门票】成人票+人工讲解+无线耳麦,通过安导的讲解和解说，真实的感受到了故宫的四最，了解到了原来在电视剧里面才看得到的最真实的紫禁城，从不同的角度看到了故宫的原来的辉煌，全程都感受到古代社会文明的奇妙和独特,,,,,,
Snn12138,70,5,2021.10.20,None,故宫太美了，蓝天白云红墙黄瓦，气势恢宏，提前预约了秀才说的人工讲解，王秀才讲的生动有趣，了解了好多以前不知道的东西，下次来还会找秀才说！,,,,,,
秋之箭,70,5,2021.11.28,故宫博物院成人下午场门票,故宫，没啥好说的，每个中国人都应该去一次的地方，中国万岁！,,,,,,
外面吃好,70,5,2021.10.31,故宫博物院下午场（成人票）, ,,,,,,
dOj286291622,70,5,2021.10.14,故宫下午场门票成人票+秀才说人工讲解13:00场, ,,,,,,
susana0214,70,5,2021.10.16,故宫下午场成人票,故宫，一个历久弥新的神秘地域，这里发生过太多故事，曾经这里是皇家最威严的圣地，现在这里不再是皇家专用但依然威严不减当年，36岁送自己的生日礼物就是让自己在这里拍一套照片做纪念，感恩感谢历史文化的保护！,,,,,,
HZN787416063,70,4,2021.11.06,故宫下午场门票成人票+秀才说人工讲解13:00场,张导幽默风趣，全程都都很有耐心，值得信赖。让真个旅程都非常有意思，故宫来到北京非常值得去的地方。今天这个天气不太好，希望下次能找个好的天气再来一次。,,,,,,
气成个锤子,70,5,2021.11.20,故宫下午场门票成人票+秀才说人工讲解13:00场,非常热情，而且特别专业，了解了很多历史的故事，强烈推荐，特别好感受600年的历史。非常开心,,,,,,
TeresaLan,70,5,2021.11.25,故宫博物院（故宫）成人票上午场票,非常喜欢故宫浓厚的历史感，以后等下雪的时候还想再去一次！,,,,,,
匿名用户,70,5,2021.10.23,【故宫上午场门票】成人票+人工讲解+无线耳麦,李秀才讲解挺详细的，提前联系，带队细心，很多历史知识搭配参观，更好理解故宫博物院的各种姿势。故宫还是值得参观的，不过人很多很多很多很多很多很多很多。感叹古建筑的奇特构造，古代人的智慧不可估量。挺好挺好。,,,,,,
weijiasha,70,5,2021.10.22,故宫上午场成人票+秀才说人工讲解9:00场,第二次来到故宫，为了更好的进一步了解故宫文化，选择了秀才说讲解，“秀才说”的陈秀才解说幽默风趣，行程安排合理，值得推荐,,,,,,
软萌的妹纸一小只,70,5,2021.10.11,故宫博物院上午场（成人票）,特别棒的体验，就是每次去的时候都需要排队，所以如果能改善这一个问题的话，我觉得几乎可以算得上是完美无缺了。每次去那边都会拥有不一样的新鲜感，然后会觉得特别的开心，特别的快乐，而且我觉得总体上来说体验也一直都特别棒。,,,,,,
匿名用户,70,5,2021.10.13,故宫上午场学生票,味道超赞，而且一看就让人觉得很有食欲，但是分量不大，属于比较精致的类型。胜在菜品也很新鲜，味道咸淡适中，而且火候掌握的刚好。外卖小哥服务周到，送的及时，好评！而且一看就让人觉得很有食欲，但是分量不大，属于比较精致的类型。胜在菜品也很新鲜，味道咸淡适中，而且火候掌握的刚好。外卖小哥服务周到，,,,,,,
eGM527279296,70,5,2021.11.12,故宫上午场成人票+秀才说人工讲解9:00场,服务非常到位，讲解非常专业，人很好，天气好，心情好，我为秀才说点赞。杨导人漂亮，而且专业，讲解中，仿佛穿越到了明清。,,,,,,
IAR965731722,70,5,2021.11.24,故宫上午场成人票+秀才说人工讲解9:00场,秀才说王导很好，很负责任，为秀才说点赞，值得推荐！故宫也很美，值得来一看！,,,,,,
ABm147033705,70,5,2021.10.10,故宫下午场门票成人票+秀才说人工讲解13:00场,秀才说小丁，确实不错，全程三个小时，讲解很清楚，历史文化很不错，这是第二次来故宫，同样的秀才说，下次还会找，真的不错，导游不错天气不错心情也不错。,,,,,,
翱翔天空007,70,4,2021.09.30,故宫博物院下午场（成人票）,「午门」「乾清宫」「神武门」景点都还可以，就是人很多，景色也就那样吧，总体门票不是很便宜，很多地方都是关闭的，里面太大，走了半天，吃的东西很贵不是很贫民，哈哈哈哈哈哈，千万不要放假去，要不然急死了，排队俩小时了解一下吧。…,,,,,,
bhm923923,70,5,2021.10.20,故宫上午场成人票+秀才说人工讲解9:00场,秀才说进故宫听故事谢导人美，细心，服务非常周到，讲解非常详细，生动有趣，也非常有耐心，家人很满意，孩子听的认真入迷，收获满满，第一次这么深刻的了解我们的故宫故事，了解我们的祖国历史，不虚此行，强烈推荐谢导,,,,,,
Maw405512904,70,5,2021.11.16,故宫博物院上午场（学生票）,可以看到我们国家的历史，大家都可以去看一看呀，很棒哦，趁着自己可以学生价的宝贝们冲啊！哈哈哈哈哈哈哈哈哈哈哈哈好哈哈哈哈哈哈哈哈哈哈哈哈哈哈哈哈哈好哈哈哈哈哈哈哈哈哈哈哈哈哈哈哈哈哈哈哈哈哈哈哈好哈哈哈哈哈！,,,,,,
gLA795741558,70,5,2021.11.19,故宫下午场门票成人票+秀才说人工讲解13:00场,秀才说的陈秀才，讲的不错，逛的还是挺过瘾的，只可惜有一些没开放，以后再来，点赞,,,,,,
kMG344755709,70,5,2021.11.19,故宫上午场成人票+秀才说人工讲解9:00场,秀才说的陈秀才，行程安排合理，讲解风趣幽默，强烈推荐大家来入陈秀才的团！！！,,,,,,
齐天大圣0214,70,5,2021.11.19,故宫上午场成人票+秀才说人工讲解9:00场,秀才说的陈秀才讲解幽默，风趣。很详细。非常好，愉快的体验。很好。,,,,,,
Vhy878551025,70,5,2021.11.16,故宫上午场成人票+秀才说人工讲解9:00场,环境很好，亲身体验和看电视完全不同，大气，端庄，美倪导说也很好，推荐秀才说,,,,,,
dpg246668286,70,5,2021.11.27,故宫博物院（故宫）成人票下午场票,第二次来北京，也是第二次来故宫，时隔十多年,,,,,,
rYL479964674,70,5,2021.10.12,故宫下午场门票成人票+秀才说人工讲解13:00场, ,,,,,,
外面吃好,70,5,2021.10.31,故宫博物院下午场（老人票）, ,,,,,,
吃货一枚lm0516,70,5,2021.10.15,故宫下午场门票成人票+秀才说人工讲解13:00场, ,,,,,,
zhouxue871110,70,5,2021.10.03,【故宫上午场门票】学生票+人工讲解+无线耳麦,秀才说孙导，将故宫的历史，带我们沉浸在了每个故事里。有美丽迷人的景色.故宫的建筑宏伟华丽,红墙黄瓦,镶金嵌银,加上过道走廊的白玉栏杆,十分华丽壮观.每前进一处,每一个院落,都展现出庄严豪华、神奇优美、五彩斑斓的景色.
cXy976669515,70,5,2021.10.13,故宫上午场成人票+秀才说人工讲解9:00场,秀才说谢导特别用心，讲解紫京城一切的故事，第一次来玩，让我了解这里一切一切故事，以前每个皇帝贵妃，皇宫七宫六院的故事，太感恩导游,,,,,,
高邮526,70,5,2021.09.23,故宫上午场成人票+秀才说人工讲解9:00场,秀才说谢导解说细心，专业线路合理亲和力第一次来故宫博物院，很壮观的皇家宫殿配合谢导专业解说很完美的旅程。是旅行也是学习的过程，中华传统文化博大精深，秀才说进故宫听故事！,,,,,,
eVt255009315,70,5,2021.10.21,故宫上午场成人票+秀才说人工讲解9:00场,来北京好几年了一直没逛过北京的景点，刚好家里亲戚来北京游玩，第一次来也不了解路线，所以请了秀才说王导来帮忙推荐的路线，王导一路带着参观，讲解各个大殿的历史和人物，非常棒,,,,,,
UNASHITING,70,5,2021.10.26,故宫上午场成人票+秀才说人工讲解9:00场,跟着秀才逛故宫，讲解很细致，王秀才讲解挺好,,,,,,
YId236298612,70,5,2021.11.13,故宫上午场成人票+秀才说人工讲解9:00场,秀才说的丁秀才服务周到！每个景点解说词都很幽默，回答顾客的问题及时准确。,,,,,,
小哥哥的胖二狗,70,5,2021.10.10,故宫博物院上午场成人票,故宫博物院简直太棒了，每年都回去，今年还预约了几个展览，买了故宫文创的礼物，还去冰窖餐厅吃了饭，吃了喜欢的神兽雪糕，每次去都有不同的感受，尤其和自己的爱人一起走过每一条路，感觉很有意义，只能说绝绝子吧,,,,,,
华党林H,70,5,2021.11.13,故宫下午场门票成人票+秀才说人工讲解13:00场,丁秀才说事，肀本┩娴目始但气候有点难受明年带父母过来玩几天,,,,,,
SoQ166225806,70,5,2021.10.21,故宫上午场成人票+秀才说人工讲解9:00场,今天跟着王导游故宫，王导专业细致的讲解，让大家了解了许多历史知识，感谢导游的详细讲解。值得强烈推荐！,,,,,,
Jtv186519367,70,4,2021.10.13,故宫上午场成人票+秀才说人工讲解9:00场,秀才说小谢：感谢小谢带我们到故宫转每一个皇帝的地方，皇后住的地方，讲刘罗锅，慈禧太后娘娘住的地方，每一个角落，介绍非常详细，,,,,,,
BgP449304367,70,5,2021.11.18,故宫博物院上午场（成人票）,入园前均可购买,故宫就是故宫「午门」「乾清宫」「九龙壁」「皇极殿」「太和门」「太和殿」「文华殿」「武英殿」「中和殿」「保和殿」「交泰殿」「坤宁宫」「养心殿」「西六宫区」「东六宫区」「宁寿宫区」「奉先殿」「古建馆」「书画馆」「陶瓷馆」「雕塑馆」「戏曲馆」「青铜器馆」「畅音阁」「珍宝馆」「延禧宫」「角楼」「慈宁宫」,,,,,
匿名用户,70,5,2021.11.12,故宫上午场成人票+秀才说人工讲解9:00场,导游真的很专业，强烈推荐。想要了解故宫文化真的应该下单这个。今天天气特别好，心情很好，我为秀才说点赞。,,,,,,
大胆刁民A,70,5,2021.11.13,故宫上午场成人票+秀才说人工讲解9:00场,秀才说的丁秀才，讲得特别好，学到不少知识，足足讲了3个小时，辛苦小哥哥了,,,,,,
高奇臭屁屁,70,5,2021.10.15,故宫下午场票成人票+珍宝馆+秀才说・网红导游讲解13:00场,秀才说进故宫听故事，倪导服务挺好，详细讲解了故宫历史和典故，讲解深入浅出，让我受益匪浅,,,,,,
jXg225751311,70,5,2021.10.13,故宫上午场成人票+秀才说人工讲解9:00场,感谢小谢精彩、耐心的讲解，让我了解到了历史，了解到每个宫殿的用处，每个宫殿主人的身份和权力。没想到坤宁宫不只是皇帝和皇后大婚的地方，还是满人皇族用来祭祀的地方。,,,,,,
FKo443908396,70,5,2021.10.02,故宫下午场门票成人票+秀才说人工讲解13:00场,秀才说张秀才！这次运气特好，遇到一个博学多才的导游。普通话说得好，吐词清晰，出口成章，一路行来，听他的解说，尤如听着一首优美的诗，一首抒情的曲。强烈推荐，充实的3个小时,,,,,,
A391913579,70,5,2021.09.22,故宫博物院上午场（成人票）,一道门 一面墙都有它的故事  仔仔细细看  五次也不够  暑假呢一就人多 二呢实在太热 里面就像烤炉 就御花园有点水  城内根本受不了  怪不得皇帝夏天都蹲承德,,,,,,
bit377109347,70,5,2021.10.08,故宫下午场门票成人票+秀才说人工讲解13:00场,秀才说，谢导介绍的特别详细，历史，人文都很齐全，大家都喜欢的甄执，延禧宫略，末代皇帝等一些历史古装戏都涵盖其中，非常推荐,,,,,,
JongSooYean,70,5,2021.10.24,故宫下午场门票成人票+秀才说人工讲解13:00场,周末来的人比较多，没有解说逛过一次稀里糊涂的就结束了，这次买了解说，强烈推荐秀才说王导！！讲解很细致，听了很多历史故事,,,,,,
爱吃鱼的小白白,70,5,2021.10.12,故宫上午场成人票+秀才说人工讲解9:00场, ,,,,,,
YaY318728328,70,5,2021.10.20,故宫下午场门票老人票+秀才说人工讲解13:00场,了解了故宫600年的历史，建筑非常宏伟。秀才说小孙服务周到、态度和蔼。很满意！,,,,,,
红色de鱼,70,5,2021.10.13,故宫上午场成人票+秀才说人工讲解9:00场, ,,,,,,
高奇臭屁屁,70,5,2021.10.15,故宫下午场票成人票+珍宝馆+秀才说・网红导游讲解13:00场,谢导服务好，讲解细致，深入浅出，让人受益匪浅！好评！此次故宫之行，让我学习了很多历史知识，值得推荐！,,,,,,
viG782362014,70,5,2021.10.28,故宫上午场成人票+秀才说人工讲解9:00场,「午门」「乾清宫」「神武门」「九龙壁」「御花园」郭秀才导游真心不错，一路讲解，故事不断很精彩，服务周到，来故宫真心推荐郭秀才。,,,,,,
Pve804231429,70,5,2021.11.03,故宫下午场门票成人票+秀才说人工讲解13:00场,今天天气很好搬秀才说李秀才了解很认真我们喝开心下回再参加秀才说不错很精彩,,,,,,
ZL干饭人,70,3,2021.11.17,故宫博物院上午场成人票,真的会走丢，真的会迷路，但是很壮观啊,,,,,,
MMX442221587,70,5,2021.08.21,故宫下午场门票成人票+秀才说人工讲解13:00场,在北京6年，东城住了5年了，一直没来过故宫。赶在疫情期间人少，来了一次故宫。故宫博物院的文化博大精深，以我们的小小学识根本无法理解，就在美团上试着团了个讲解！不负众望，遇到了一个好导游，"王秀才"！游览的路线设计非常巧妙，不会让人多走弯路。讲解也生动幽默。让人收益无穷。最后附上秀才美照一张，一定要找他~,,,,,,
香蕉Rachel,70,5,2021.10.21,故宫博物院上午场成人票,超级美，强烈来看看,,,,,,
阳菜家的栗鼠,70,5,2021.10.09,故宫上午场成人票+秀才说人工讲解9:00场,下着微雨的初秋，趁着出差的空隙来到了故宫，一路随着安导的指引，边走边听着讲解，了解故宫的历史，体会古人的经历，感慨沧桑过往，人世间的种种，过往云烟而已，安导耐心幽默，非常感谢安导的陪伴，强烈推荐,,,,,,
Slp109706349,70,5,2021.10.20,故宫上午场成人票+秀才说人工讲解9:00场,第一次来北京故宫玩 秀才说谢导讲的很仔细  人也很和善  从午门开始到东六宫每一个景 到每一个人物都讲的很生动  五星好评 强烈推荐找秀才说 谢导,,,,,,
匿名用户,70,5,2021.10.22,【故宫上午场门票】成人票+人工讲解+无线耳麦,特别好！讲解很好！满意，推荐大家来玩儿，值得一去，安导很好热情，知识讲点特别细腻，故宫的历史很清晰。故宫参观路线也很好，非常满意。,,,,,,
xwK275813921,70,5,2021.08.27,故宫下午场门票成人票+秀才说人工讲解13:00场,“紫禁城600”年的故宫唯美轻盈的画风一秒吸引大家走入建筑的神奇世界，将引领大家探索建筑知识和它背后的宫廷故事。在这里，建筑不再枯燥冰冷，而是还原到历史环境中，就像被赋予生命，展示它更加清晰、有趣的一面。王秀才的讲解更是生动有趣，值得一游,,,,,,
sWc312403023,70,5,2021.11.03,故宫下午场门票成人票+秀才说人工讲解13:00场,今天下午天气很好，搬秀才很棒李秀才讲解很认真了解了很多故宫的知识强烈推荐秀才说点赞,,,,,,
鑫琦forever,70,5,2021.08.21,故宫下午场门票成人票+秀才说人工讲解13:00场,故宫第一次来，从午们进面向北门，东从东门，西向西门，到了太和殿整体的建筑大气而庄重，彰显了皇帝的地位，从太和殿出来到了乾清宫，中途路过延禧宫，看到了一座烂尾楼已经被列为国家研究性保护文物，后来到了储秀宫，听到了王秀才领队讲解了慈禧太后的故事特别生动，让人流连忘返！,,,,,,
ZzN124101528,70,5,2021.11.16,故宫博物院上午场成人票,疫情期间人好少,,,,,,
软萌的妹纸一小只,70,5,2021.11.06,故宫博物院下午场（成人票）,入园前均可购买,故宫我觉得已经是中国文化的代表了，每次来到这里呢，都觉得跟其他的地方不一样，我相信很多中国人心里都会有一个护宫，否也会有一个天安门，所以我说在有生之年还是要努力去圆梦，【项目】来北京看一眼天安门，看一看故宫。,,,,,
匿名用户,70,5,2021.10.22,【故宫上午场门票】成人票+人工讲解+无线耳麦,安导，服务热情，知识专业，真诚待人，今天天气不错，访泰紫之圆方，居坤灵之正位，六百年紫禁城。,,,,,,
tjR453740095,70,5,2021.08.19,故宫下午场门票成人票+秀才说人工讲解13:00场,身为北京人头一次来故宫。发现雨中的故宫别有一番韵味。尤其秀才说的安导，遇上他是我们的幸运。短短3个小时，把故宫比较有代表的地点转了一遍。在风趣诙谐的讲解中，为我们输入了极其专业历史文化。突然感觉被故宫的庄严和宏伟所吸引。身为北京人，以后肯定会经常来故宫，感受他一年四季不同的“迷态”。,,,,,,
匿名用户,70,5,2021.10.14,故宫下午场门票成人票+秀才说人工讲解13:00场,#故宫##秀才说终于来故宫了，太漂亮了，找了秀才说家的讲解，安导真的太棒，幽默风趣，通今贯古，上知天文下知地理，历史和现代梗一个不漏，下次要带妹妹一起在来一次,,,,,,
超级无敌巨美少女,70,5,2021.08.29,故宫下午场门票成人票+秀才说人工讲解13:00场,故宫出游，遇到一个博学多才的谢导游，在谢导游的引导下，我们饱览了故宫的历史，我们的阵阵掌声给你的服务，让我们大家为你齐声喝彩。而你面对这些还是微微一笑对我们讲:大家的满意就是我的心愿，你们的掌声就是对我最大的奖赏，因为，我是导游员，为人民服务就是我最崇高的理想。绝不逊色于任何一个歌星!他的博学他的多才多艺，给我留下了深刻的印象。,,,,,,
DDD686868,70,5,2021.10.24,故宫上午场成人票+秀才说人工讲解9:00场,秀才说游故宫，跟着秀才游故宫，约的时间赶不上，导游特意安排了后面的时间，孙导人好心细，幽默风趣。推荐，为秀才说点赞,,,,,,
ECd788461725,70,5,2021.10.19,故宫上午场成人票+秀才说人工讲解9:00场,详细讲解，和蔼可亲的一个美女秀才杨导，让我和家人对故宫有了一个深刻的印象，神秘的历史文化，大中华的古人智慧让我们都很深刻！,,,,,,
Zxf855966909,70,5,2021.11.13,故宫下午场门票成人票+秀才说人工讲解13:00场,秀才说的丁秀才，一名好导游，,,,,,,
Dth885626739,70,5,2021.10.13,故宫上午场成人票+秀才说人工讲解9:00场,记得来的时候还是小时候  ，这次带着家人一起来，果然还是那么壮观， 听着杨导耐心的一一介绍，对于历史人物知识又学习到了很多，正巧阳光明媚真不错啊真不错啊,,,,,,
Erl459883928,70,5,2021.10.22,【故宫下午场门票】成人票+人工讲解+无线耳麦,进故宫听故事！安导的讲解风趣幽默，生动活泼，耐心详解使我们更加领略故宫的文化精神。,,,,,,
提拉米苏丹843,70,5,2021.08.12,故宫博物院上午场成人票,磅礴大气，皇家园林历史悠久！每一片瓦都写满故事！慢慢走，细细看，深深品，重重记！故宫博物院不屈此行。这是我生活在北京最爱去的地方。百去不厌！每一次去参观，都是震撼无比！每一宫都有自己的传奇，他就在那儿等你来读他！他的每一位主人，每一位在这生活过的人，在历史的长河中都有自己的故事。喜怒哀乐，悲喜交加。辉煌，沉沦。也有无奈。这就是人生，没有一帆风顺。不可逆转，独一无二，才显得更加珍贵！,,,,,,
匿名用户,70,3,2021.11.30,故宫博物院上午场成人票,经常去拍照很不错，大家有时间也可以去欣赏。,,,,,,
uox127203682,70,5,2021.09.25,故宫上午场成人票+秀才说人工讲解9:00场,秀才说孙导能言善讲，生动形象，讲解有趣。强烈推荐，故宫震撼人心，不虚此行。红墙黄瓦，感受明清的气息！,,,,,,
wvE553194204,70,5,2021.11.21,故宫下午场门票老人票,故宫博物院是我最喜欢欣赏的地方之一，恢宏大气，历史感强，提现了中国古人的建筑智慧，疫情期间限流量人少一些，可以好好系统的逛逛！,,,,,,
szf887109838,70,5,2021.10.13,故宫上午场成人票+秀才说人工讲解9:00场,秀才说谢导，小谢导游带着我们非常负责认，说的故宫历史非常明白，说的非常清楚，每个环节都说的非常认真明了，服务非常周到，也很细心，这次在小谢的带领导游这次北京故宫游很开心，真心感谢小谢导游，以后有朋友来一定介绍给小谢。,,,,,,
NPO835373865,70,5,2021.10.01,【故宫下午场门票】成人票+人工讲解+无线耳麦,秀才说王秀才讲解非常棒，从午门到太和殿再到后宫，再到最里面的后宫，讲解的都非常生动有趣，让人能跟着一块走进故宫。,,,,,,
匿名用户,70,1,2021.10.03,故宫下午场门票学生票+人工讲解+无线耳麦,大家千万不要买这一家的人工解说什么的，服了！头天晚上不发信息通知你，就连当天也不联系你去那个地方集合，一点都不负责任，如果要我自己找他们，还解什么说啊！***回来之后就开始打电话商量退款的事，商家态度极其的恶劣，还没商量，我把情况刚反映出来，就说不退款，怎么了？想钱想疯了？之后就直接挂断电话。无奈之下就只能给美团客服打了电话，美团的客服说的是，已经和店家协商好了，会退款，只不过是扣掉门票钱，我说可以，能接受。之后当我再次给商家打电话想确认一下能什么时候退款成功，没想这个商家态度还是非常不好，就这样对消费者的话，就不要开门做生意了！虽然最后退款了，但是还是想评论一下，不为别的，就只想解气，毕竟十一出来玩的，不是来受气的！！真的祝福你们“生意兴隆，****，财源滚滚”！******！,,,,,,
Rdd645179596,70,5,2021.10.20,故宫上午场成人票+秀才说人工讲解9:00场,解说的特别好，很专业，而且很有耐心，今天的游玩很开心也很清楚，不仅仅只是来拍照，跟着安导了解到很多。。欢迎大家来故宫玩，来故宫一定要找安导解说。,,,,,,
uoI736859926,70,5,2021.11.20,故宫下午场门票成人票+秀才说人工讲解13:00场,跟着秀才游故宫，孙导游非常棒！强烈推荐，增加了很多知识，也非常热情，人也非常好！也非常专业！,,,,,,
VvN173899648,70,5,2021.11.28,故宫上午场成人票+秀才说人工讲解9:00场,经常来北京第一次逛故宫，听王导讲解故宫历史，涨知识长见识，受益匪浅，个人感觉不虚此行，逛景点还是需要参团。,,,,,,
UDN642762841,70,4,2021.09.14,故宫博物院上午场成人票,设施齐全，为游客提供了便利的条件，建筑很宏伟，加上傍晚的夕阳更加有历史感，有很多爱摄影的叔叔阿姨会在那里拍照，还有一些小姐姐会在那拍艺术照，总体来说值得一玩，如果想更加透彻的，有意义的参观的话，建议聘请专业的解说人员。,,,,,,
老挖1204,70,4,2021.09.01,故宫上午场票成人票+珍宝馆+秀才说・网红导游讲解9:00场,导游就是一个展示的窗口，一个好导游，能让游客发现景点之美。这次遇到的导游小谢讲解很专业，吐词清晰，出口成章，听她说一说故宫历史及秘闻，当听到没听说过的，就是一大收获。到北京必须到故宫游览，读万卷书不如行万里路，行万里路不如阅万般人。,,,,,,
WS_L7_,70,5,2021.10.29,故宫下午场门票成人票+秀才说人工讲解13:00场,导游人帅，讲解全面，路线选择全面，强烈推荐大家选择秀才说陈秀才带领大家混迹明清皇家园林。,,,,,,
vKB760487099,70,5,2021.10.22,【故宫上午场门票】成人票+人工讲解+无线耳麦,#秀才说 进故宫听故事##跟着秀才游故宫#杨导人很好 讲解很细致 今天天气不错 心情也跟着变好 有机会还会再来故宫看看,,,,,,
_qqsn21443850584,70,5,2021.10.24,故宫上午场门票老人票+秀才说人工讲解9:00场,秀才说杨导导览的非常好，很清楚很人性化，今天天气很好不冷不热，故宫景色也很美，杨导很专业，强烈推荐,,,,,,
神经质萌妞pan,70,5,2021.10.12,故宫上午场成人票+秀才说人工讲解9:00场,跟着秀才游故宫，天气很好，杨导耐心的领着我们，给我们讲解故宫的人，物，跟事迹，以后再来，一定要选择秀才说～,,,,,,
Cfy732767092,70,5,2021.10.27,故宫上午场成人票+秀才说人工讲解9:00场,非常棒！感谢安导解读故宫600年前朝今世，值得大家来此一游！中和店  太和殿   午门乾清宫,,,,,,
liulian8520,70,5,2021.11.28,故宫上午场学生票+秀才说人工讲解9:00场,服务周到 设施齐全  王导讲解专业 生动有趣  带孩子来游玩，学习不少历史知识 推荐推荐！！极力推荐秀才说游故宫,,,,,,
xlin1996,70,5,2021.09.07,故宫博物院上午场成人票,感受故宫的氛围正确打开方式：天黑后坐在午门前阙左门下陪着安保小哥哥过夜（故宫从东华门经过午门到西华门一段是24小时开放的，晚上去走走不要门票还可以感受穿越的乐趣），天亮后还可以直接去天安门看升旗，省了一天房费,,,,,,
meT917024450,70,5,2021.10.03,故宫上午场成人票+秀才说人工讲解9:00场, ,,,,,,
bEb735428937,70,4,2021.08.31,故宫上午场票成人票+珍宝馆+秀才说・网红导游讲解9:00场, ,,,,,,
qCl970464708,70,5,2021.10.20,故宫上午场成人票+秀才说人工讲解9:00场,故宫宏伟，天气很好，看到可爱的乌鸦，安导解说细致，语言风趣幽默，内容丰富，今天故宫一游非常愉快！,,,,,,
Xuh756301897,70,5,2021.08.27,故宫上午场成人票+秀才说人工讲解9:00场, ,,,,,,
允尚京云志,70,5,2021.09.05,故宫博物院上午场（成人票）,入园前均可购买,18年去的北京，也是第一次去北京。第一次去，就爱上了那里。话说去了北京怎么能不去一趟故宫博物院呢？如果再有一次的话，我还是会选择去故宫博物院，因为我深深的被那里震撼，国庆节人稍许多了点～建议大家可以选择淡季出行哦～住宿什么都方便点。,,,,,
Hbyd115,70,5,2021.11.03,故宫下午场门票成人票+秀才说人工讲解13:00场,秀才说的李秀才讲解员态度很好，讲解非常详细，非常精彩,,,,,,
炸冷面卷臭豆腐,70,5,2021.10.21,故宫下午场门票成人票+秀才说人工讲解13:00场,北京故宫博物院一游，感受非常棒一定要找【秀才说，杨导】讲解非常用心，声音也很好听，人非常好，到紫禁城一定要找一个导员讲解，推荐大家认准【秀才说，杨导】人非常好，棒棒哒！,,,,,,
东海米仓,70,3,2021.09.27,故宫博物院上午场（成人票）,故宫博物院真的是非常值得去的地方，这个时间点过去没想到也有那么多的人，大城市果然就是不一样。早上很早去的，简直是人山人海。全国各地的人一窝蜂的全部涌到这里来。所以就能够理解为什么有这么多人，面真的是很大，走了好几个小时才走遍。,,,,,,
朵...........,70,5,2021.11.03,故宫下午场门票成人票+秀才说人工讲解13:00场,李秀才非常非常非常不错讲的很好非常有意思讲的非常非常详细问什么都会回答,,,,,,
夏琦276,70,5,2021.11.06,故宫上午场成人票+秀才说人工讲解9:00场,很棒，就是天气不太好，秀才说听艺术,,,,,,
UqJ805149637,70,5,2021.09.25,故宫下午场门票成人票+秀才说人工讲解13:00场,秀才说的王导讲解细腻，服务优质，今天跟朋友第一次游故宫，在王导的讲解下，我也深入了解了故宫的历史，在王导的讲解下不虚此行！秀才说点赞,,,,,,
ewL899669611,70,5,2021.11.06,故宫下午场门票成人票+秀才说人工讲解13:00场,张导幽默诙谐，了解了紫禁城的历史，受益匪浅,,,,,,
cKH581647697,70,5,2021.10.17,None, ,,,,,,
匿名用户,70,5,2021.10.30,故宫下午场门票成人票+秀才说人工讲解13:00场,今天天气非常不错，李秀才讲解的非常详细，很多生动的故事，不虚此行，强烈推荐,,,,,,
清歌aaa,70,5,2021.12.01,故宫博物院上午场（成人票）,入园前均可购买,一定要去的地方，运气很好，碰到了明星（邓伦，蔡少芬）很帅，很美，比电视上好看多了，是在珍妃井那边碰到的,,,,,
uUI545367124,70,5,2021.09.29,故宫上午场成人票+秀才说人工讲解9:00场,一直想来故宫，行程各种安排不了，终于如愿以偿。最大的感受是中国文化，博大精深，传承的力量。秀才说的丁秀才解说耐心细致，讲的也是生动，每个地方都充满故事。不虚此行，希望祖国越来越好。,,,,,,
钢琴白日梦,70,5,2021.10.24,故宫下午场门票成人票+秀才说人工讲解13:00场,六百年悠久历史的故宫，北京必打卡，跟着秀才说王导逛故宫，没毛病！赞赞赞赞赞赞赞赞赞赞赞。,,,,,,
提拉米苏丹843,70,5,2021.08.12,故宫上午场门票学生票,皇家的气派，无与伦比！汇聚了多少能工巧匠的心血！历史的车轮不曾停过。故宫博物院的昨天，今天和明天辉煌永存！在这生活过的人们可曾想过今天也有我的到来。我不止一次的来到故宫和历史对话，轻轻的不敢有一丝破坏！故宫见证了中国的衰败还有屈辱。故宫更是见证了中国的辉煌。我爱你故宫！我爱我的祖国！繁荣昌盛民主的今天不再屈辱，不再衰败。故宫，您是否为今天的中国而自豪呢，我想，您肯定是自豪的！,,,,,,
UfJ408320127,70,5,2021.10.10,故宫上午场成人票+秀才说人工讲解9:00场,秀才说进故宫，听故事，我为秀才说小谢点赞#,,,,,,
本蒲小软,70,5,2021.10.16,故宫下午场门票成人票+秀才说人工讲解13:00场,小孙老师很不错呦，声音很清亮，讲解很清晰，路线设置较好，让我们对故宫主要动线和宫殿知识内容有了很好的了解！,,,,,,
南极的kuma萌,70,4,2021.12.01,故宫博物院下午场成人票,博大精深,,,,,,
酸山楂xf,70,5,2021.12.01,故宫下午场成人票,天气很给力,,,,,,
梵高梦°,70,5,2021.09.10,故宫下午场成人票,还是很值得去。脑海中浮现出那些宫廷剧，然后边走边看边想，很有感触。 太大了，走的累，好多地方都没仔细看，下次还要去。中国的历史真的很伟大，很久远，很有意义，每一个角落都有故事，故宫承载着几代人的过去。爱我中华。,,,,,,
qQi436903653,70,5,2021.10.24,故宫上午场成人票+秀才说人工讲解9:00场,今天阳光明媚，儿子母亲一行三人来京参观故宫，秀才说杨道带领我们畅游故宫,,,,,,
DdA247762677,70,5,2021.10.22,【故宫上午场门票】成人票+人工讲解+无线耳麦,秀才说的陈秀才讲解清楚.生动.幽默风趣.专业性强.服务周到.热情.认真心细.值得推荐！,,,,,,
vVC425552702,70,5,2021.10.13,故宫下午场门票成人票+秀才说人工讲解13:00场,小倪导游给讲解很好，今天玩的很开心，真幸运报了秀才说的团，天气也给力！,,,,,,
上演266,70,5,2021.10.30,故宫下午场门票成人票+秀才说人工讲解13:00场,天气很好，李导游很棒，心情也好，介绍很详细，我为秀才说点赞。。,,,,,,
gOs428287858,70,5,2021.10.19,故宫上午场成人票+秀才说人工讲解9:00场,今天第一次带家人来故宫，感谢王导耐心讲解，了解故宫规模宏伟，历史悠久，导游解说特别好！非常满意！,,,,,,
匿名用户,70,5,2021.10.24,故宫下午场门票成人票+秀才说人工讲解13:00场, ,,,,,,
RVo116117980,70,5,2021.10.20,故宫下午场票成人票+珍宝馆+秀才说・网红导游讲解13:00场,故宫秀才说孙秀才讲解的特别好，工作人员服务态度很好，客气也有礼貌，挑不出毛病，来打五星,,,,,,
Xyi889292752,70,5,2021.10.24,故宫上午场成人票+秀才说人工讲解9:00场,秀才说确实不错，杨导非常认真负责，讲解得很清楚，故事非常生动，人也很好，推荐哦,,,,,,
dan小班,70,5,2021.09.04,故宫下午场票成人票+珍宝馆+秀才说・网红导游讲解13:00场, ,,,,,,
chiwenju,70,5,2021.10.24,故宫下午场票成人票+珍宝馆+秀才说・网红导游讲解13:00场,安导真不错，风趣幽默，知识渊博，热心健谈，用六百年的故宫文化，讲述了建筑 历史 更有人情练达。传承中华文化，保护文物古迹，听党话跟党走！,,,,,,
蓝山雪狐,70,4,2021.12.02,故宫博物院上午场成人票,外地的朋友来北京，一定要去的地方如果赶到下雪天去故宫，拍一些照片，真的超美,,,,,,
KHb745126187,70,5,2021.10.24,故宫下午场成人票,故宫人是真多呀，北京必游景点，其实这已经是我第三次来故宫了，每次来北京都要看看,,,,,,
枝茶喵,70,5,2021.10.03,故宫上午场成人票+秀才说人工讲解9:00场,跟着孙导游故宫～可惜今天天气不太好，没能拍到晴空下的屋檐神兽，时间有限能够参观的殿宇也不算多，希望之后有机会再来～,,,,,,
vSv336146918,70,5,2021.10.13,故宫上午场成人票+秀才说人工讲解9:00场,秀才说谢导，第一次到故宫游玩，导游讲解非常详细，了解了故宫皇家历史故事，又去回到古代的感觉，开心的一游,,,,,,
纳尼欧巴,70,5,2021.09.16,故宫下午场门票成人票+秀才说人工讲解13:00场,陈秀才人超级好，一路带着我们认真讲解，人很幽默，讲的很棒，下次来还会找陈秀才，了解了一下故宫历史，感觉很不错，陈秀才辛苦啦，没有讲解真的不行的，什么都不懂，还是讲解好，规划合理,,,,,,
UBX350144695,70,5,2021.10.01,故宫上午场学生票+秀才说人工讲解9:00场,今天带着孩子来故宫跟着秀才说王导的讲解的讲解了解恒多历史知识 讲解很仔细，态度好 为秀才说点赞,,,,,,
zmz210794751,70,5,2021.10.21,故宫下午场门票成人票+秀才说人工讲解13:00场,秀才说王导讲的非常好，详细，生动，必须好评！故宫真的不虚此行太好玩了！极力推荐秀才说，棒棒的！,,,,,,
flx647483423,70,5,2021.10.13,故宫下午场门票成人票+秀才说人工讲解13:00场,倪导特别棒，带着孩子穿越了一次紫禁城，还听了很多故事，涨知识了，正好孩子今天入少先队增加了爱国情怀，强烈推荐倪导,,,,,,
CYi77709520,70,5,2021.10.22,故宫上午场成人票+秀才说人工讲解9:00场, ,,,,,,
_qqdfh1444026094,70,5,2021.10.22,【故宫上午场门票】成人票+人工讲解+无线耳麦,导游讲解细致耐心，非常周到，问做个景点无关的也很耐心解答，故宫非常棒，值得一晃！很赞,,,,,,
KGY896270826,70,5,2021.10.16,故宫下午场门票成人票+秀才说人工讲解13:00场, ,,,,,,
Tgd618971647,70,5,2021.10.12,故宫下午场门票成人票+秀才说人工讲解13:00场, ,,,,,,
荆轲不刺秦914,70,5,2021.10.31,故宫上午场成人票+秀才说人工讲解9:00场,张导讲解的生动有趣，人风趣幽默，下次来还找他,,,,,,
wWg176067997,70,5,2021.10.22,故宫上午场成人票+秀才说人工讲解9:00场, ,,,,,,
prT786771918,70,5,2021.10.14,故宫下午场门票成人票+秀才说人工讲解13:00场,安导讲解得非常好，也很幽默，态度很好，让我们更深入的了解历史文化,,,,,,
AhT879382824,70,5,2021.10.23,【故宫上午场门票】成人票+人工讲解+无线耳麦,秀才说的丁秀才，点赞，好评，热情讲解，服务周到，待客热情，好评！故宫一游，必备推荐。美。,,,,,,
qin574896730,70,5,2021.10.22,【故宫上午场门票】成人票+人工讲解+无线耳麦, ,,,,,,
伊诺～流年,70,5,2021.10.17,【故宫上午场门票】成人票+人工讲解+无线耳麦,秀才说丁秀才服务态度很好，讲解的很细致细心，了解了更多的故宫文化知识，不虚此行，值得推荐，我为秀才说点赞,,,,,,
王领军22,70,5,2021.11.17,故宫博物院下午场（成人票）,里面很不错，风景很美。以前不喜欢古城玩的我，去了以后发现故宫博物院是值得一去的地方，了解我国的历史遗迹。对于家里人和孩子很有帮助。了,,,,,,
台风一号129,70,5,2021.09.21,故宫下午场门票成人票+秀才说人工讲解13:00场,秀才说的王秀才讲解风趣幽默，热情耐心，故宫历史悠久，文化底蕴深厚，从王秀才的讲解充分领略了故宫的历史文化。古建筑很雄伟，非常满意,,,,,,
惜缘520XY,70,5,2021.10.05,故宫上午场成人票+秀才说人工讲解9:00场,秀才说孙导，故宫解说非常精彩，一路上精细清楚，我带着小宝，照顾很周到，让我回顾了我们中国几千年的历史，非常精彩！,,,,,,
yw1163038151,70,4,2021.08.18,故宫上午场学生票+秀才说人工讲解9:00场,女儿来北京过暑假，约了好久的故宫票，今天终于预约到了故宫的门票，选了人工讲解，导游小谢提前一天就加我微信，把行程和细节还有注意事项交代的非常详细，今天一大早就来到了故宫期待已久的故宫之旅，小谢姐姐讲解的非常详细，特别精彩，值得推荐，皇帝的家真的好大呀，特别特别的讲究,,,,,,
TO萌怪,70,5,2021.10.27,故宫上午场成人票+秀才说人工讲解9:00场, ,,,,,,
荔枝和大象,70,5,2021.09.28,故宫下午场门票成人票+秀才说人工讲解13:00场,李导的引导词设计精当，真正起到了引领参观的作用，再加上丰富翔实的资料，使人有身临其境的感觉，突显了导游的身份和作用，尽心尽责尽职，全面充分识故宫，知故宫。,,,,,,
HqG573363887,70,5,2021.10.04,【故宫上午场门票】成人票+人工讲解+无线耳麦,带玩的小哥工作人员非常专业，讲解过程非常有耐心，还解答了不少问题服务超级好，会认真给我们介绍具体游玩攻略，体验绝佳，感谢陈秀才,,,,,,
l1070299595,70,5,2021.09.23,【故宫下午场门票】老人票+人工讲解+无线耳麦,秀才说进故宫听故事#谢导服务极其热情，接到订单就给予联系我了，每一步都特别周到，一路的讲解细致，大热天的极其敬业，值得点赞推荐,,,,,,
匿名用户,70,5,2021.10.24,故宫上午场成人票+秀才说人工讲解9:00场,今天天气不错 很适合来故宫玩～ 秀才说的 王导小姐姐讲解的很棒 讲的很详细 虽然不是第一次来 但和上次来的感觉很不一样 推荐哦哦～,,,,,,
tZv156582608,70,5,2021.10.17,故宫上午场成人票+秀才说人工讲解9:00场,第二次来故宫，这次跟着秀才说的丁秀才来的，总体故宫游玩还是可以的，节假日转一转，找个导游讲解讲解也蛮有意思。,,,,,,
lIO435274902,70,5,2021.10.12,故宫上午场票成人票+珍宝馆+秀才说・网红导游讲解9:00场, ,,,,,,
Utw182230657,70,5,2021.10.06,故宫上午场成人票+秀才说人工讲解9:00场,郭导游非常细心，细致的讲解了一路 ，了解故宫的很多知识，讲解也很生动有趣，许多的历史典故都能讲给我们。让我们了解到了许多历史趣事。,,,,,,
ySM141919563,70,5,2021.10.13,故宫上午场成人票+秀才说人工讲解9:00场,秀才说谢导服务很好，我们是出来学习顺便来北京游玩，报团找了秀才说团队，她的讲解太有经验，讲的非常好。我们玩的太别开心。,,,,,,
念初心270,70,5,2021.09.13,故宫下午场门票成人票+人工讲解+无线耳麦,郭郭导游学识非常渊博，讲解内容非常丰富，相比于几座富丽堂皇的宫殿，郭郭导游的讲解更深入人心。不愧评价这么高，可以算是实至名归了，会推荐给朋友的，尤其是珍宝馆的各种珍宝，让人大开眼界。总体很漂亮，是个令人放松的地方,,,,,,
pxu603488107,70,5,2021.10.29,故宫下午场门票成人票+秀才说人工讲解13:00场,秀才说陈秀才，挺不错，挺幽默，可以的，不错的，非常好的,,,,,,
tFB417048592,70,5,2021.10.21,故宫上午场成人票+秀才说人工讲解9:00场,出差之余来来故宫转转，正好就住在王府井这边，离得很近，跟着秀才说的王导参观学习，路线安排的很合理，讲解很全面细致，参观的同事也学到了很多即使东西！不虚此行,,,,,,
我不看月亮3,70,5,2021.10.22,故宫上午场成人票+秀才说人工讲解9:00场,秀才说的陈秀才，讲解风情幽默，认真负责。全程一直人性化服务。给他点赞,,,,,,
楼根244,70,5,2021.10.21,故宫上午场成人票+秀才说人工讲解9:00场,丁秀才非常给力，讲解非常详细，如果不找人带着的话，等于走马观花，强烈推荐，为他点赞！,,,,,,
gxz447263020,70,5,2021.10.19,故宫上午场成人票+秀才说人工讲解9:00场,很好，秀才说导游小谢很专业，服务很到到。带游路线合理。下次来北京还找她带团。我为秀说点赞,,,,,,
hIY688218921,70,5,2021.10.22,【故宫上午场门票】成人票+人工讲解+无线耳麦,导游很好，接受的生动，风趣，值得推荐,,,,,,
jCx669984774,70,5,2021.10.22,故宫上午场成人票+秀才说人工讲解9:00场,秀才说的陈秀才，讲解风趣幽默，行程安排合理，给他点赞，谢谢，下次还找他,,,,,,
匿名用户,70,5,2021.08.21,故宫下午场门票成人票+秀才说人工讲解13:00场,王秀才导游富有激情，不拘泥于传统。有较为丰富的带队经验。性格开朗大方，健谈上至老年人，下至小孩子都可以打成一片。有很高的职业道德和内在修养，人也十分善良。是个值得给大家推介的好导游。,,,,,,
vza424492763,70,5,2021.08.18,故宫下午场门票成人票+秀才说人工讲解13:00场,带我们的是王秀才，讲解非常生动有趣，如果没有讲解，故宫之行真的就是瞎看热闹，有了讲解之后，几百年前的画面就映入眼帘了，只觉得自己历史学习的不够，知识欠缺，此行非常开心也学习到了很多，更觉得生在一个好时代，觉得现在比古代的皇上生活都要更幸福！,,,,,,
Qsl622622567,70,5,2021.10.01,【故宫下午场门票】成人票+人工讲解+无线耳麦,来故宫里就一定要听讲解呀，推荐大家找秀才说王秀才，内容十分精彩详尽。从明朝到清朝，很吸引人。听的十分入迷。挑一个风和日丽的天气，真是超级出片。,,,,,,
crbjhb,70,5,2021.09.25,故宫上午场成人票+秀才说人工讲解9:00场,今天天气很好，不冷不热的天气，人也不多。秀才说的杨导讲的绘声绘色，非常好！让我学了历史，涨了知识，见了世面，陶冶了心智！,,,,,,
F杨姐姐,70,5,2021.10.08,故宫博物院上午场成人票,这是一场体育运动，又是一次视觉盛宴。首先，你要有很好的体魄，大大小小的宫殿殿宇琳琅满目，长长的廊道特别多，都是需要你一步一步走过去，看到即震撼古人的智慧与能力又感慨世间居然有如此规模的宫殿设计。每一个宫殿都有它的故事，不听它的故事就等于走马观花白来一趟。找个当地导游边走边看，一边听故事才是不虚此行！,,,,,,
djq105211517,70,5,2021.10.13,故宫上午场成人票+秀才说人工讲解9:00场,第一次来故宫，景色不错，刚好天气也很好，秀才说杨导很nice，历史知识积累深厚，讲解很到位，感谢杨导！,,,,,,
zyclgz,70,4,2021.11.28,故宫博物院上午场成人票,故宫的风景很不错！ 首都，不忘此行，有机会和时间，一定要带上小孩去逛逛,,,,,,
fnq718888378,70,5,2021.10.20,故宫上午场成人票+秀才说人工讲解9:00场,天气非常好，宫殿显得更为壮观。安导的讲解也特别到位！也很接地气，哈哈～,,,,,,
TUF847561452,70,5,2021.10.22,【故宫上午场门票】成人票+人工讲解+无线耳麦,秀才说丁秀才的讲解，总体不错，有讲解比较方便，可以不浪费时间。,,,,,,
晚安刘一,70,5,2021.10.22,故宫上午场成人票+秀才说人工讲解9:00场,安导 很专业 体验感特别好 非常专业 很喜欢 天气也很好 讲解的很全面,,,,,,
ABm147033705,70,5,2021.10.10,故宫下午场学生票+秀才说人工讲解13:00场,秀才说小丁讲解的很不错，带孩子来的，不错的体验，下次还会来，古香古色，天气不错，导游也很好。,,,,,,
DsN524913656,70,5,2021.10.13,故宫上午场成人票+秀才说人工讲解9:00场,时隔22年，又一次来了故宫，上次带着5岁的儿子，也请了录像的导游，似乎姓李。感谢杨导，今天也帮我照了相，讲故“事”给我听。,,,,,,
iyp172689749,70,5,2021.10.13,故宫上午场成人票+秀才说人工讲解9:00场,秀才说小谢的服务非常满意！一路给我们讲解的故宫里的历史人物非常详细，让我们长了很多历史人物和事物的知识！,,,,,,
Wbt602674630,70,5,2021.09.12,故宫上午场成人票+秀才说人工讲解9:00场,年代的岁月不曾带走故宫的辉煌，雄伟的建筑，前人的智慧，跟着秀才说的王导讲解，简单易懂，代入感强！强烈推荐,,,,,,
hanshishang,70,5,2021.10.10,故宫上午场门票老人票+秀才说人工讲解9:00场,秀才说丁秀才讲的非常棒，口才非常好，每次来故宫就是走马观花，听了丁秀才的讲解，不虚此行，来故宫玩，建议大家找秀才说的丁秀才。哈哈！,,,,,,
水墨丹青8976,70,5,2021.10.22,【故宫上午场门票】成人票+人工讲解+无线耳麦,秀才说的丁秀才，说话很风趣，讲解到位，中间我走散了，很耐心的找到我们，我为丁秀才点赞,,,,,,
pzi541379456,70,5,2021.09.30,故宫下午场门票成人票+秀才说人工讲解13:00场,今天来到故宫由王导游带领，讲解清晰透彻，希望再度重游,,,,,,
袁文博995,70,5,2021.10.24,故宫上午场成人票+秀才说人工讲解9:00场,安导带的团，挺好。天气也很好，温度也很好，心情也很好赞赞赞,,,,,,
山南美地,70,5,2021.08.22,故宫上午场成人票+秀才说人工讲解9:00场,第一次进故宫，8点40准时进场，王秀才专业细心讲解，从风水、历史等讲解的很细，歌唱的也不错，气场很足，过程体验挺好，还不忘推荐下网红雪糕，单纯逛故宫容易走马观花会失望，还是推荐王秀才。,,,,,,
ILQ999427078,70,4,2021.10.09,故宫下午场门票成人票+秀才说人工讲解13:00场, ,,,,,,
jtW382145429,70,5,2021.10.21,故宫下午场门票成人票+秀才说人工讲解13:00场,跟我对象一起来的 秀才说杨导讲解非常的详细 以后在来还要找她讲解非常专业,,,,,,
duY750345670,70,5,2021.09.17,故宫下午场门票成人票+秀才说人工讲解13:00场,游览名胜古迹一定要有一名优秀的导游，带领着游览才能了解其中的“奥秘”。明白那历史的精彩，感谢张导的优秀讲解，不虚此行。这是第三次进入故宫，每次都有新发，新的知识，这就是故宫的魅力！等待着你不断的去发现去探索，乐此不疲！,,,,,,
汪洋333666999,70,5,2021.11.09,故宫博物院上午场成人票,口感特别好，强烈推介，下班之后吃点串很满足放松，辣椒和孜然的配料口感也特别好,,,,,,
老周3201,70,5,2021.10.24,故宫下午场门票成人票+秀才说人工讲解13:00场,故宫那座风格清丽典雅的堂皇建筑，淡蓝色的琉璃瓦屋顶;洁白的玉石栏杆;精工细琢的青石基台，衬着鹅黄色墙壁，真是显得淡雅端庄，明亮秀丽。跟着“秀才说”王导，带着家人，逛一逛故宫，不错！,,,,,,
OHC185052649,70,5,2021.10.15,故宫下午场门票成人票+秀才说人工讲解13:00场, ,,,,,,
酷娜啊。,70,4,2021.08.14,故宫博物院上午场成人票,来过很多次了，每次来都感觉雄伟壮观，这次和爸爸妈妈一起来的，还有我家六个月的小宝宝，路过还看到了一个兵哥哥被训了，古人太伟大了，建造这么多的宫殿，太震撼了！ 以后有时间还要带着宝贝来，还有故宫标致的雪糕，太好吃了！ 没来过的亲们一定要来看看我们祖国的故宫天安门,,,,,,
MKS117754238,70,5,2021.10.12,故宫上午场成人票+秀才说人工讲解9:00场,今天天气特别好我们一家人来故宫特别开心秀才说的杨导带着我们非常开心讲解好进故宫就选择秀才说,,,,,,
qEg835323457,70,5,2021.08.21,故宫上午场成人票+秀才说人工讲解9:00场,在北京快二十年了，今天是第一次彻彻底底跟着导游整个游了一次故宫，非常震撼，触动很大，感受着老祖宗留下的智慧，强烈推荐有时间的朋友带着老人孩子们都来感受感受，一定要找专业导游，比自己逛要专业很多,,,,,,
KQc153324177,70,5,2021.10.16,故宫下午场门票成人票+秀才说人工讲解13:00场,讲解清晰，说的很好，下次还找小孙师傅，了解不少故宫里的知识，以后还会来，还选秀才说,,,,,,
TZy704903328,70,5,2021.10.13,故宫上午场成人票+秀才说人工讲解9:00场,秀才说的高导讲解很详细，说到很多知识点，人也很有耐心，如果大家来故宫，推荐大家来找高导讲解特别喜欢！,,,,,,
qty20152015,70,5,2021.08.14,故宫上午场成人票+秀才说人工讲解9:00场, ,,,,,,
gDl612455192,70,5,2021.10.22,故宫上午场成人票+秀才说人工讲解9:00场,秀才说丁秀才，讲解得非常好，有机会来可以找他，棒棒棒，顶顶顶,,,,,,
乖乖兔1996,70,5,2021.09.09,故宫博物院上午场成人票,第一次去北京，带上了父母，赶脚好像故宫是必须要去参观的地方，因为平时都是只在电视或新闻上才能看的地方，只有到了现场才能知道故宫的宏伟是无法用一两句话可以形容的，但是建议去的时间早一点，不然估计就不能好好的观赏了,,,,,,
匿名用户,70,5,2021.09.30,故宫下午场门票成人票+秀才说人工讲解13:00场, ,,,,,,
wjh鲁斯王,70,5,2021.10.12,故宫上午场成人票+秀才说人工讲解9:00场,秀才说杨导再陈述北京故宫故事口齿流利让我们感受到故宫的历史文物 让我受益匪浅 我给点赞,,,,,,
木子550a,70,5,2021.10.13,故宫下午场门票成人票+秀才说人工讲解13:00场,今天天气很好，和老妈来故宫走走，杨导服务周到，讲解很到位，不错不错，我为秀才说点赞。。,,,,,,
CUU582383163,70,5,2021.12.02,故宫博物院（故宫）成人票上午场票,很有意思的地方，表演很精彩，人很多，好感。,,,,,,
JACKJim蒋,70,5,2021.08.31,故宫上午场票成人票+珍宝馆+秀才说・网红导游讲解9:00场,时隔将近三十年，再次来到帝都故宫，很幸运碰到了秀才说的张导游，全程解说幽默风趣，重点景点典故讲解的通俗易懂，让人在领略故宫庞大的古建筑群时，又学到了不少的历史知识。秀才说的团队真心不错，准备接下来北京其他的景点也用这个团队！,,,,,,
hgC664945567,70,5,2021.10.13,故宫上午场成人票+秀才说人工讲解9:00场,今天天气很好，我跟一个好朋友来故宫参观非常开心感谢秀才说杨导一句带着我们我为主才说点赞,,,,,,
ouX950193872,70,5,2021.10.01,【故宫上午场门票】成人票+人工讲解+无线耳麦,跟着秀才游故宫：孙秀才今天讲解的挺好，知识面很全，包括地面的砖有多少层都说的很清楚，秀才的声音也很好听,,,,,,
匿名用户,70,5,2021.07.14,故宫博物院上午场成人票,北京故宫是中国明清两代的皇家宫殿，旧称紫禁城，位于北京中轴线的中心。北京故宫以三大殿为中心，占地面积72万平方米，建筑面积约15万平方米，有大小宫殿七十多座，房屋九千余间。北京故宫于明成祖永乐四年（1406年）开始建设，参考洛阳紫微城的命名理念，以南京故宫为蓝本营建，到永乐十八年（1420年）建成。它是一座长方形城池，南北长961米，东西宽753米，四面围有高10米的城墙，城外有宽52米的护城河。紫禁城内的建筑分为外朝和内廷两部分。外朝的中心为太和殿、中和殿、保和殿，统称三大殿，是国家举行大典礼的地方。内廷的中心是乾清宫、交泰殿、坤宁宫，统称后三宫，是皇帝和皇后居住的正宫。北京故宫是世界上现存规模最大、保存最为完整的木质结构古建筑之一，是国家AAAAA级旅游景区，1961年被列为第一批全国重点文物保护单位；1987年被列为世界文化遗产。,,,,,,
BPd208238521,70,5,2021.12.03,故宫下午场门票成人票+人工讲解+无线耳麦,非常不错，人山人海的 还有好多穿汉服的小姐姐,,,,,,
XSZ737823079,70,5,2021.10.09,故宫上午场学生票+秀才说人工讲解9:00场,十一长假刚过，下着细微小雨，跟着安导带的团。游览故宫博物馆，虽然被雨淋但是听着安导的讲解觉得十分有趣～,,,,,,
浪漫烟花65375,70,5,2021.08.24,故宫上午场票成人票+珍宝馆+秀才说・网红导游讲解9:00场,秀才说陈秀才，非常满意，讲解清晰，还会经常给我们找座位，怕大家晒到，还经常找阴凉。线路规划非常好，老人也不会太累 ，就连大家最最想吃的冰糕也会讲解清楚。提前一晚电话通知，微信文字发位置，发线路，注意事项。出发早晨会再次提醒。总之强烈推荐。,,,,,,
小不点儿哇,70,4,2021.07.15,故宫上午场成人票,【交通】河南郑州出发，晚上到了之后先住的酒店，第二天凌晨打车去的，大冬天，，前一天还下了雪，大早上四五点开始等，先看的升国旗，人生第一次手脚冰凉无意识，又在外面公共洗手间墨迹了一会儿，等到了入园时间【环境】整体都还行，毕竟是故宫【餐饮】进去吃的啥忘了，粥？【项目】参观家具，是真的没看见边上的警示语，摸了一下，女工作人员凶了我一顿，当时都懵了，因为真的没看见，印象很深，至今一两年了，就记住了三个点：1很冷，看升国旗的时候大家都安静了，庄严肃穆的气息2就这个被凶，是我的错，人家凶我也是应该的3雪后去景真的哈不错，但是是个大阴天，没拍太多的照片。2020年1月份去的，2021年7月评论的，供大家参考,,,,,,
CUU582383163,70,5,2021.12.02,故宫博物院（故宫）成人票上午场票,很有意义的地方，值得一去，表演很精彩。,,,,,,
uap931089670,70,5,2021.10.19,【故宫下午场门票】成人票+人工讲解+无线耳麦,王秀才讲的可真好，配上故宫美丽的景色简直绝了王秀才讲的可真好，配上故宫美丽的景色简直绝了,,,,,,
Duke_kang,70,5,2021.11.27,故宫下午场门票成人票+秀才说人工讲解13:00场,故宫评论里说的一样，不好吃，吃完才想起来评论，下次还是来评论。评论,,,,,,
QHA670957346,70,5,2021.10.13,故宫上午场成人票+秀才说人工讲解9:00场,来故宫这次最开心，因为有秀才说导游带着我们感谢杨导带我们，让我们知道了很多故事一次还选择秀才说,,,,,,
lBY571285869,70,5,2021.10.17,故宫上午场门票学生票,不枉此行～,,,,,,
阿文5723,70,5,2021.10.22,【故宫上午场门票】成人票+人工讲解+无线耳麦,秀才说的丁秀才，服务比较到位，讲解比较具体、仔细，我为秀才说点赞,,,,,,
Erc666189636,70,5,2021.10.19,故宫下午场门票成人票+秀才说人工讲解13:00场,王秀才太优秀了，讲解非常不错！！景色特别好人帅话多欢迎大家来参观讲解清楚耐心讲解喜欢翊坤宫有雪糕吃芒果提子牛奶还有四星级厕所中间可以休息慈禧太后住的地方也可以参观一下讲解完耐心的告诉你出口欢迎来参观！,,,,,,
bYZ828543695,70,3,2021.12.03,故宫博物院上午场（成人票）,入园前均可购买,时间有点紧张没有仔细看以后有机会再去。,,,,,
bYZ828543695,70,3,2021.12.03,故宫博物院上午场（学生票）,时间有点紧张没有仔细看以后有机会再去。,,,,,,
星星910410,70,5,2021.12.02,故宫博物院上午场成人票,祖国的心脏，历史意义，故宫文化,,,,,,
svA806401503,70,5,2021.10.23,故宫上午场成人票+秀才说人工讲解9:00场,跟着秀才游故宫#天高气爽进京赶考，参观故宫一定要请讲解。李秀才讲解很详细，人也很亲和，下次带孩子再来参观讲解，了解历史 不忘国耻，吾辈自强！,,,,,,
西红柿和番茄、,70,5,2021.10.17,【故宫上午场门票】成人票+人工讲解+无线耳麦,第一次来故宫，哈哈哈带队的丁秀才很nice  也讲了很多好玩的事情，值得推荐,,,,,,
哎蛇精还我爷爷,70,5,2021.09.05,故宫下午场门票成人票+秀才说人工讲解13:00场,墙裂推荐张导～推荐理由如下：首先，会提前一天确认行程，快到集合时间时还会贴心的打来电话再次确认；其次，张导的讲解很精彩，特别引人入胜，以往来几次故宫都是囫囵吞枣，今天的讲解很深度，也很细节；最后，张导很幽默，极富有人格魅力，也很风度翩翩～好评！,,,,,,
然然8554,70,5,2021.10.06,故宫上午场成人票+秀才说人工讲解9:00场,秀才说的陈秀才讲解细致，以故事的形式，浅显易懂，风趣幽默，行程安排合理。必须好评！下次还找他,,,,,,
ODk591735869,70,5,2021.10.14,故宫上午场成人票+秀才说人工讲解9:00场,讲解清晰透彻，很好的带领了我们了解历史，了解故宫的每一个角落细节，强烈推荐哦,,,,,,
张龙涛ZLT,70,5,2021.10.08,故宫下午场门票成人票+秀才说人工讲解13:00场,秀才说小孙，带我们游览整个故宫，了解不少历史，特别明清时期比较浓厚，非常感谢，下次还会选择,,,,,,
Wyu433487941,70,5,2021.10.15,故宫下午场门票成人票+秀才说人工讲解13:00场,感谢秀才说杨导，让我们领略故宫的百年风采，讲的非常好，态度非常好，我为秀才说点赞,,,,,,
聂小妖～,70,5,2021.10.13,故宫下午场门票成人票+秀才说人工讲解13:00场,秀才说倪导讲的不错 推荐秀才说这个团队真的挺好 讲解详细。幽默风趣 导游人也好,,,,,,
MDT712524174,70,5,2021.11.26,故宫博物院下午场门票(成人票),入园前均可购买,带着爸妈一起去的，因为去之前爬了长城，腿疼的都没怎么逛就回来了,,,,,
vbd733612717,70,5,2021.09.30,故宫下午场门票成人票+秀才说人工讲解13:00场, ,,,,,,
文小婷1112,70,3,2021.11.28,故宫下午场成人票,走了一下午，去的太晚了，只看了一点点，好多东西都没看完！下次继续！,,,,,,
VII759353002,70,5,2021.10.09,故宫下午场门票成人票+秀才说人工讲解13:00场,10月9日在美团上定的故宫门票加讲解，讲解员是安导讲解非常细致，让我们感受到了历史文化以。,,,,,,
bx6693,70,5,2021.10.13,故宫下午场门票成人票+秀才说人工讲解13:00场,一个人来旅游，在美团下单找的秀才说，杨导讲解的很好，服务态度也很好！很满意的一次旅行！,,,,,,
匿名用户,70,3,2021.11.28,故宫博物馆下午场+电子导览票门票成人票,冬天去有点冷，总体感觉还可以，要早点过去，下午闭门有点早,,,,,,
Uaq357260172,70,3,2021.10.31,故宫下午场门票成人票+秀才说人工讲解13:00场,服务还是很不错，讲解也很周到，不错的一次体验,,,,,,
sTw955262781,70,4,2021.12.03,故宫博物院下午场（成人票）,挺好的玩了一下午，时间比较赶,,,,,,
rRL122713763,70,3,2021.11.28,故宫博物院（故宫）成人票上午场票,里面确实不错，看着很宏伟壮观，特别是御花园很漂亮。,,,,,,
绒毛小喵,70,5,2021.10.05,故宫上午场成人票+秀才说人工讲解9:00场, ,,,,,,
Fyp871010,70,5,2021.09.30,故宫上午场成人票+秀才说人工讲解9:00场,跟着秀才说王导讲解特别好，讲的也详细，团队的人都说好，今天第一次来故宫听着讲解感受到历史的知识体验感很好。为秀才说点赞,,,,,,
Ykw893344397,70,5,2021.10.15,故宫上午场成人票+秀才说人工讲解9:00场, ,,,,,,
CCs511832362,70,5,2021.08.17,故宫下午场门票成人票+秀才说人工讲解13:00场,安导，讲的很好 ，绘声绘色，从木工艺建筑，房屋设计，历朝历代的故事，讲的很详细，很值得哦，现在加上疫情故宫人少，故宫景色非常美，辉煌雄伟的建筑物，600年过去了还屹立不倒，太美了太美了！古人的智慧无穷，赞叹,,,,,,
xqh629,70,5,2021.10.10,故宫上午场成人票+秀才说人工讲解9:00场,秀才说的丁秀才讲解详实丰富，加上历史典故，风趣幽默，丁秀才是个优秀导游，点赞,,,,,,
亮晶晶19981128,70,5,2021.10.14,故宫上午场成人票+秀才说人工讲解9:00场,这次旅游能遇到安导真的是太幸运了，学到了很多知识，强烈推荐大家来试试,,,,,,
美美哒13141519,70,1,2021.11.28,故宫下午场门票成人票+人工讲解+无线耳麦,约了导游，结果到那没找到，钱也不退，打电话也不解决！,,,,,,
stX238393390,70,3,2021.11.28,故宫门票成人票,最好不要在节假日的时候去，人太多，都看不到里面的建筑,,,,,,
vOj841263563,70,5,2021.08.18,故宫下午场门票成人票+秀才说人工讲解13:00场,今天的故宫，清凉，由于疫情的影像，很多外地的团还来不了。人还很少，第一次带女儿来故宫，这个时间太合适了，参观体验非常好！王秀才诙谐幽默！讲解清晰，思路明确，有问必答！游览体验非常好！,,,,,,
yJW852380006,70,5,2021.10.12,故宫下午场票成人票+珍宝馆+秀才说・网红导游讲解13:00场,讲解很周到 幽默 和到位，请选择安玉社导游,,,,,,
pxO610018048,70,5,2021.10.15,故宫下午场门票成人票+秀才说人工讲解13:00场,王导讲解细致，风趣幽默，挺好，挺值，长姿势了，蓝天白云，赞赞赞赞赞赞赞赞,,,,,,
jqV348789410,70,5,2021.10.01,【故宫上午场门票】学生票+人工讲解+无线耳麦,跟着秀才逛故宫，阳光帅气的孙导讲解特详细。眼神所见都是历史，触手可及都是文物，美！！！,,,,,,
zmz210794751,70,5,2021.10.21,故宫下午场门票成人票+秀才说人工讲解13:00场,秀才说王导讲的超级棒必须好评！故宫真的不虚此行太好玩了！极力推荐秀才说，棒棒的！,,,,,,
尼克小怪兽,70,5,2021.10.05,故宫上午场成人票+秀才说人工讲解9:00场,秀才说孙导讲解精彩，服务热情周到细致。这次故宫之旅很圆满。【环境】「乾清宫」「神武门」「御花园」「太和殿」「交泰殿」「坤宁宫」,,,,,,
utn631101543,70,5,2021.10.14,故宫上午场成人票+秀才说人工讲解9:00场, ,,,,,,
uFg612090636,70,4,2021.12.02,故宫上午场成人票+秀才说人工讲解9:00场,讲解细致，态度很好,,,,,,
VCx840177599,70,5,2021.09.24,None,去故宫，最好不好穿天安门广场，那里很多道安检，而且人流很大。建议大家从东华门或者西华门沿着筒子河去午门「午门」「“珍宝馆”主题展览」「“钟表馆”主题展」,,,,,,
QDa998521342,70,5,2021.08.21,故宫上午场成人票+秀才说人工讲解9:00场,专业如你的讲解让我们深刻学习到了了故宫的美和他的历史！不禁惊讶古人的智慧和博学！第二次来故宫，带着孩子一家三口，孩子也不由的说故宫真美！这次专门买了讲解的！真的是选对了，专业又易懂！会推荐的李导，因为专业，所以推荐,,,,,,
kangzhuofan96,70,3,2021.11.10,手机智能语音导览,还可以吧  故宫一直值得去，感觉可以去很多次的那种。然后其他没什么问题，挺好的，有时候定位不太准，其他没毛病,,,,,,
ihH538490366,70,5,2021.09.30,故宫下午场门票成人票+秀才说人工讲解13:00场,故宫非常好，王导讲解的也非常棒，强烈推荐秀才说，不往此行，以后等宝宝出生了，还要带宝宝一起来。,,,,,,
emI904543103,70,5,2021.09.21,故宫上午场成人票+秀才说人工讲解9:00场, ,,,,,,
xixixiaoliuzi,70,5,2021.11.04,故宫上午场成人票+秀才说人工讲解9:00场,秀才说听故事，张秀才很棒很棒，进故宫听故事，来北京找秀才，秀才带你领略不一样的北京。,,,,,,
家有喜事wj,70,3,2021.09.11,故宫博物院上午场成人票,这个真的要提前预约的，我就预约的晚了，在北京又多待了两天，人每天都超级多，因为不熟悉再加上疫情多跑了好多冤枉路，出去工作人员不让从东门出，从北门一直绕了一圈从南门出的【交通】丶方便【项目】一般【餐饮】一般,,,,,,
MDT712524174,70,4,2021.11.26,故宫博物院下午场门票(成人票),入园前均可购买,还不错，人巨多，带爸妈一起去的，爸妈玩的很开心,,,,,
白－雪,70,5,2021.10.12,故宫上午场成人票+秀才说人工讲解9:00场,秀才说的陈秀才，热情，专业合理，带我们游览了很不一样的故宫，我们觉得很满意,,,,,,
战战Jill,70,5,2021.10.08,故宫上午场票成人票+珍宝馆+秀才说・网红导游讲解9:00场,我们的导游是秀才说小孙 特别棒 故宫太好了 才几次都不够导游讲解的也好 流利 清晰,,,,,,
iIs973080825,70,5,2021.09.08,故宫上午场门票成人票,第二次来逛故宫   第一陪别人来的走的中路线逛的很潦草  这次早早的就到了在美团上提前预订的票  现场还要在还一次票排队大约半小时从午门进  走的B宁宫那边路线，紫禁城好大好壮观逛了一天这次北京来游了一天收获多多下次有时间还来,,,,,,
Swi53482319,70,5,2021.09.24,故宫上午场票成人票+珍宝馆+秀才说・网红导游讲解9:00场,#秀才说#跟着秀才游故宫，强烈好评，孙导讲解全程细致专业风趣，嗓音磁性，强烈推荐！！,,,,,,
咱不忘初心,70,5,2021.10.22,【故宫上午场门票】成人票+人工讲解+无线耳麦,态度非常好，非常敬业，也非常专业，点赞！！！,,,,,,
大师150165981,70,5,2021.10.12,故宫上午场成人票+秀才说人工讲解9:00场, ,,,,,,
jbq347143863,70,5,2021.12.03,故宫博物院（故宫）学生票上午场票,特别特别好,,,,,,
fpC164966934,70,5,2021.10.12,故宫下午场门票成人票+秀才说人工讲解13:00场,这是我第一次来参观故宫，这里很大，导游讲解的特别给力，每到一处，都用心的解说,,,,,,
dOj369592180,70,4,2021.10.04,故宫博物院上午场学生票, ,,,,,,
逗比青年闪亮亮m,70,5,2021.10.06,故宫上午场成人票+秀才说人工讲解9:00场,秀才说的陈秀才，讲的风趣幽默，行程安排的合理，通俗易懂，让我们学会很多知识，值得推荐。,,,,,,
雪山飞虎11,70,5,2021.11.28,故宫博物院下午场（成人票）,绝对值得一去的地方，还会再去的。,,,,,,
naT964762252,70,5,2021.12.02,故宫博物院上午场（成人票）,入园前均可购买,完美,,,,,
iiU399989543,70,5,2021.12.01,故宫下午场成人票,很好，价格合理,,,,,,
wanghaorui,70,5,2021.10.02,故宫上午场学生票+秀才说人工讲解9:00场,秀才说谢导，讲解清楚，通俗易懂，语音优美生动，服务态度不错，人长的也很好看,,,,,,
岳佳琳janice,70,4,2021.11.30,故宫博物院（故宫）成人票上午场票,好,,,,,,
XSZ737823079,70,5,2021.10.09,故宫上午场成人票+秀才说人工讲解9:00场,今天跟着安导的团游览故宫，虽然下着小雨有点儿冷，但是听着安导的讲解，觉得十分有趣十分值得～,,,,,,
JLL99758116,70,5,2021.10.12,故宫上午场成人票+秀才说人工讲解9:00场,秀才说的陈秀才 讲解风趣幽默；行程安排合理；我们表示很满意；给他点赞,,,,,,
waN744719681,70,5,2021.09.15,故宫下午场门票成人票+秀才说人工讲解13:00场,秀才说王秀才讲解风趣幽默，把故宫六百年的历史讲解的简洁明了，以故事的形式展开讲解，小孩子都能听懂,,,,,,
EOw374931806,70,5,2021.08.11,故宫下午场票成人票+珍宝馆+秀才说・网红导游讲解13:00场,郭导很有耐心，告诉我们各个宫殿的故事，多云天气不算太热，疫情期间人也不多，整个游赏感受很好，有历史底蕴的地方需要导游讲解，和电视剧和野史了解到的是不一样的，在珍宝馆解散前还告诉我们重点看什么珍宝。,,,,,,
是建坤吗,70,5,2021.12.03,故宫博物院上午场成人票,l,,,,,,
UtS444649751,70,5,2021.09.21,故宫下午场门票成人票+秀才说人工讲解13:00场,秀才说小孙，全程讲的特别细致。远比自己玩着要清楚的明了的多，也第一次这么深入的了解到以前不知道的故宫冷知识,,,,,,
xjT722399677,70,5,2021.09.25,故宫下午场成人票,故宫的护城河边角楼，必到之地，在夕阳的映衬下，角楼倒映在旁边的护城河里，出神武门往东往西各有一个角楼，建议去西北角楼。,,,,,,
UfJ408320127,70,5,2021.10.10,故宫上午场门票老人票+秀才说人工讲解9:00场,秀才说进故宫，听故事，我为秀才说小谢点赞#,,,,,,
RvA303171815,70,5,2021.10.13,故宫上午场成人票+秀才说人工讲解9:00场,强烈推荐！杨导讲的特别认真特别好！有来故宫的小伙伴选她选她选她！,,,,,,
匿名用户,70,4,2021.10.04,故宫上午场门票老人票,自己已经是第二次参观了，故宫博物馆设施齐全，服务周到，环境不错，交通便利，值得一看。,,,,,,
黑不溜秋qm,70,5,2021.11.28,故宫博物院上午场成人票, ,,,,,,
吴曼,70,5,2021.11.22,故宫博物院下午场（学生票）,来北京，必须到故宫博物院来，建筑很宏伟，打卡拍照必须的,,,,,,
chenfuyan,70,5,2021.09.21,故宫上午场成人票+秀才说人工讲解9:00场,李秀才讲解的很有意思。今天天气很给力，一家人边走边拍边听，推荐。,,,,,,
匿名用户,70,5,2021.10.12,故宫下午场门票成人票+秀才说人工讲解13:00场,很好，导游讲解得很好。长见识了，不枉来北京一趟， 强烈推荐，,,,,,,
cGS535753425,70,5,2021.09.21,故宫上午场成人票+秀才说人工讲解9:00场,中秋佳节。适合旅游，终于有机会来到古老的故宫溜达。配合秀才说的李秀才。更加深入的了解历史文化。这个节日过的很有意思。,,,,,,
匿名用户,70,5,2021.11.27,故宫上午场门票成人票+人工讲解+无线耳麦,很不错，下次来还愿意再听一遍讲解,,,,,,
kbC471602205,70,4,2021.11.24,故宫博物馆成人票（下午场）,非常宏伟，有时间可以去看看还是很不错的,,,,,,
陈皮弟弟,70,3,2021.11.26,故宫博物院上午场（成人票）,有机会没去过的还是要去看一看的，很值得,,,,,,
樱桃小丸子啦gogo,70,5,2021.08.30,故宫博物院上午场成人票, ,,,,,,
kfx559751812,70,5,2021.10.22,【故宫上午场门票】成人票+人工讲解+无线耳麦,非常满意的一次旅行,,,,,,
我陪你火,70,5,2021.10.14,故宫下午场门票成人票+秀才说人工讲解13:00场,安导的讲解强烈安利，很有趣。强烈建议选择这个，很棒很好,,,,,,
xlw626856467,70,5,2021.10.12,故宫下午场门票成人票+秀才说人工讲解13:00场, ,,,,,,
hqx488572969,70,4,2021.10.22,【故宫上午场门票】成人票+人工讲解+无线耳麦,真秀才,,,,,,
VHh336394907,70,5,2021.10.02,故宫上午场成人票+秀才说人工讲解9:00场,第一次带着孩子家人游故宫，在秀才说王导细致贴切的讲解，了解了很多知识，很厉害，说了很到位，为秀才说点赞。,,,,,,
tjP690919826,70,5,2021.10.07,故宫下午场学生票+秀才说人工讲解13:00场,秀才说的丁秀才。声音很洪亮，思路非常清晰，知识量特别大，收获很多，我为秀才说点赞,,,,,,
_h3602587246055,70,5,2021.10.10,故宫上午场成人票+秀才说人工讲解9:00场, ,,,,,,
YtO122080398,70,4,2021.11.19,故宫下午场门票学生票,可以买套券，钟表馆里面的表真的都好精美，感受到了以前皇宫贵族的精致。,,,,,,
Vst278373258,70,5,2021.10.05,故宫上午场成人票+秀才说人工讲解9:00场,秀才说孙导的介绍详细，亲和力强，服务态度很好，体贴周到，照顾了每一位客人的感受。,,,,,,
wVF256843108,70,5,2021.10.08,故宫上午场学生票+秀才说人工讲解9:00场,秀才说王导讲解很好，很生动，游历有趣，很满意，今天故宫之行收获很大，为秀才说点赞。,,,,,,
ACAC13131313,70,5,2021.08.28,故宫上午场学生票+秀才说人工讲解9:00场,设施齐全，讲解清晰，线路安排合理，来故宫找秀才讲解！王导讲解特别有意思，下次还会回来！故宫值得多次来学习！感受中国古代历史文化故事！,,,,,,
Qbd578636571,70,5,2021.11.30,故宫博物院上午场成人票,非常好,,,,,,
SoyLolaLola,70,5,2021.09.26,故宫下午场门票成人票+秀才说人工讲解13:00场,安导讲解深度，细致，生动形象有意思，非常好，诚挚推荐！,,,,,,
Candy42879,70,5,2021.11.18,故宫上午场门票学生票,非常不错的体验下次有机会去北京还要再去一次 冬天的紫禁城应该会更美吧,,,,,,
oTb122443833,70,5,2021.09.23,故宫上午场成人票+秀才说人工讲解9:00场,秀才说谢导，服务很好，讲解很透彻，带队帮助人，手机没电了，借我充电宝，对人很热情,,,,,,
AAA彩虹仙子,70,5,2021.09.06,故宫博物院（故宫）语音导览票（不含门票）,来北京旅游的话，一定不能错过的肯定就是故宫博物院了。门票需要提前在网上预约购买。现场是不售票的哦。故宫是南门进，也就是午门，北门出，也就是神武门。只有一条路线哦，不走回头路的。故宫早上八点半才开门哦，下午五点就关门了。。。。。。。。。。。,,,,,,
Na心动止于你,70,5,2021.11.10,故宫博物院下午场（成人票）,非常喜欢的一次旅行，进入故宫，领略皇家建筑艺术，也是拍照打卡的好景点，强烈推荐,,,,,,
vRD973347465,70,5,2021.09.24,【故宫上午场门票】成人票+人工讲解+无线耳麦, ,,,,,,
aotuduozi,70,4,2021.07.22,None,在没有提前订票的情况下，抢到了美团漫画游线路，终于可以带着家人孩子一起去故宫游玩，让老人来京没有遗憾。天公作美，进故宫人很多，但总能找到人少地方拍美美的人像，好久没去珍宝馆，这次展览了很多乾隆贺寿收到礼品，真是打开眼界。这些都是在外面金银珠宝店看不到的。太漂亮了,,,,,,
ZOB693261149,70,5,2021.10.07,故宫上午场学生票+秀才说人工讲解9:00场, ,,,,,,
想昵称可真难哦,70,5,2021.10.20,故宫上午场成人票+秀才说人工讲解9:00场,秀才说谢导，从前盲游故宫，今日系统游故宫感受颇丰。导游细心指导讲解，更加直观立体的感受扑面而来。这种不同于显示屏带来的猎奇感，气势恢宏的宫殿，脍炙人口的饭后故事给这次旅行带来更多感受,,,,,,
GG_98765,70,5,2021.10.13,None,秀才说的陈秀才，热情待人，讲解仔细，认真负责，我表示很满意；谢谢,,,,,,
osx839773232,70,5,2021.11.18,None,哪位大神去了毛主席纪念堂 给我发下预约毛主席纪念堂的微信公众号 要不预约不了啊,,,,,,
bTp465932307,70,1,2021.11.15,故宫下午场门票成人票+人工讲解+无线耳麦,有种被骗的感觉，在网上下的单去故宫博物院门口核实根本就不一样。给差评,,,,,,
yanniu6688,70,5,2021.10.08,故宫博物院上午场成人票,故宫一日游，感受不一样的时代感，只能说震撼,,,,,,
RhT854409841,70,5,2021.10.12,故宫上午场成人票+秀才说人工讲解9:00场,陈秀才讲解风趣幽默，行程安排合理，我坐着他站着，给他点赞,,,,,,
海绵宝宝57960,70,4,2021.11.27,故宫上午场门票老人票 +人工讲解+无线耳麦,人工讲解很专业，学习到很多,,,,,,
海绵宝宝57960,70,4,2021.11.27,故宫上午场门票学生票+人工讲解+无线耳麦,人工讲解很专业，学习到很多,,,,,,
匿名用户,70,5,2021.11.28,故宫博物院（故宫）学生票下午场票,很漂亮【环境】,,,,,,
adR962699629,70,5,2021.10.13,故宫上午场成人票+秀才说人工讲解9:00场,今天我来故宫旅游特别开心感谢秀才说杨导带着我们非常开心，讲解特别好进故宫选择秀才说「九龙壁」,,,,,,
Plb143646914,70,5,2021.10.01,【故宫上午场门票】成人票+人工讲解+无线耳麦,秀才说:跟着孙导游故宫，讲解很生动，从中深刻了解了故宫六百多年的历史，打卡故宫网红冰棍,,,,,,
紫灵剑雪,70,5,2021.10.12,故宫上午场成人票+秀才说人工讲解9:00场,秀才说的陈秀才讲解风趣幽默，行程安排合理。给他点赞,,,,,,
Virgin_s,70,5,2021.09.18,故宫下午场门票成人票+秀才说人工讲解13:00场,刚好碰到918到故宫参观 安导带着我们讲解参观 最直观的感受就是如果我自己来逛 只看得到表面 看不到故宫的深层含义和她的故事 我是一个爱听故事的人 推荐给爱听故事的你,,,,,,
柚玖,70,5,2021.11.22,故宫博物院上午场成人票,和父母一起去的 就是太大了好累啊,,,,,,
柚玖,70,5,2021.11.22,故宫博物院上午场成人票,和父母一起去的 就是太大了好累啊,,,,,,
aq2323,70,5,2021.11.26,故宫博物院下午场成人票,期待已久，震撼人心。,,,,,,
veryalice,70,5,2021.10.05,故宫上午场成人票+秀才说人工讲解9:00场,来故宫一定要请讲解，边逛边听才有意思。强烈推荐秀才说孙导，讲解生动详细，声音好听,,,,,,
范晓雯812,70,5,2021.10.21,故宫上午场成人票+秀才说人工讲解9:00场,今天风和日丽，阳光非常好湛蓝的天空。衬托着肃穆庄严的紫禁城。秀才说王导讲解非常细致，专业，给人留下了非常深刻的影响。强烈推荐。让我了解了很多故宫的知识。,,,,,,
fsw324403736,70,5,2021.09.16,故宫下午场门票成人票+秀才说人工讲解13:00场,秀才说导游陈秀才，学识渊博，讲解清晰，从集合到带领参观，非常细心和专业！游历史名城，就该边听边看，了解景物背后的故事，才能不虚此行！,,,,,,
kbC471602205,70,3,2021.11.24,故宫博物馆成人票（下午场）,和想象中不太一样，还是很惊叹的,,,,,,
XFe527471060,70,5,2021.08.28,故宫下午场门票成人票+秀才说人工讲解13:00场,孙导的态度非常好，礼貌好客，讲解的让人格外舒服并且通俗易懂，能够用简洁、明了的语言概括故宫的建筑特点和各个宫殿的历史脉络，吸引游客的注意力与好奇心，并且能够用亲切的话语拉近自己与游客的距离，非常不错。,,,,,,
vAv508426481,70,4,2021.10.19,【故宫上午场门票】成人票+人工讲解+无线耳麦,秀才说 进故宫 听故事 服务周到 讲解细致 很好很好 强烈推荐,,,,,,
匿名用户,70,5,2021.10.01,【故宫上午场门票】成人票+人工讲解+无线耳麦,今天来了故宫博物院，天气很好，心情很好，景色很美，李秀才讲的特别棒，博学多识，健步如飞。推荐推荐！！！,,,,,,
匿名用户,70,4,2021.11.27,故宫下午场门票成人票+秀才说人工讲解13:00场,故宫好玩,,,,,,
李大宝的星星,70,5,2021.08.07,故宫博物院上午场成人票,五A级景区还用我说什么吗，门外车水马龙，门内也是人声鼎沸，但可能因为故宫很大，有些地方人少的话还是能感受到，历史的痕迹，以及自己想象古代人生活的环境，看景不如听景，下次去一定找个导游讲解，因为票预订时间不一样，朋友没能一起进来。自己一个人逛故宫，就仓促的结束啦！北京等着我！故宫等着我！我还回来的哦！,,,,,,
ejD184552112,70,5,2021.11.26,故宫博物院上午场（成人票）,好爱故宫,,,,,,
doY656263750,70,5,2021.11.24,故宫博物院下午场（成人票）,简单方便好操作，到现场识别就行,,,,,,
Huz106775522,70,5,2021.09.24,故宫上午场门票学生票,挺好玩的,,,,,,
hanshishang,70,5,2021.10.10,故宫上午场成人票+秀才说人工讲解9:00场,秀才说的丁秀才，讲的故宫历史非常好，听了后特别通透，来故宫一定要请导游讲解，建议找秀才说丁秀才。,,,,,,
匿名用户,70,5,2021.09.26,故宫下午场门票成人票+秀才说人工讲解13:00场,安导很好，解说详细，人文旅游还是要个好导游,,,,,,
ryw948247526,70,5,2021.10.12,故宫下午场门票成人票+秀才说人工讲解13:00场,太震撼啦   李秀才讲解也很详细  通过这次旅游又知道了不少历史知识，十分推荐带小孩来玩。,,,,,,
woU834121642,70,4,2021.08.24,故宫下午场成人票,第一次带着孩子去故宫 很开心 从来没有见过古建筑 一路上都是蹦蹦跳跳的 可开心了 一路上跟朋友一起 开心的跑 了解了古代文学常识 看了各种古代建筑 留了整整一天 最后实在是太累了 可是孩子不想走 说还没有玩够 真的是一次很不错的旅行 儿子也感触很深 希望下次有机会还带她去故宫参观 说还没去够 想住那不走了 哈哈哈,,,,,,
qWI352447724,70,5,2021.08.27,故宫下午场门票成人票+秀才说人工讲解13:00场,王秀才讲解十分清楚明了，知识渊博，风趣幽默，热情的服务为游客提供了良好的旅游享受。耐心解答游客的问询，协助处理旅途中遇到的问题。非常尽心尽责！,,,,,,
wmS370845508,70,5,2021.10.01,【故宫上午场门票】学生票+人工讲解+无线耳麦,秀才说！跟着孙导游故宫！了解故宫600年风云历史，红墙黄瓦，很宏伟，推荐大家选择秀才说,,,,,,
馨慧啦,70,4,2021.11.21,故宫博物院上午场（学生票）,很棒和朋友一起去的，就是天气太热了，累~,,,,,,
匿名用户,70,2,2021.11.01,故宫下午场门票成人票+人工讲解+无线耳麦,如果玩半天的话，不推荐买这个套餐，人工讲解不好，而且只讲主干，不到边支玩，讲的真一般啊 我们想听故事，但是一直跟我们讲建筑,,,,,,
vWT754645396,70,5,2021.10.04,故宫上午场学生票+秀才说人工讲解9:00场, ,,,,,,
电脑玩家汤普森,70,5,2021.11.09,故宫博物院上午场成人票,很好很大最好用意。整天来游玩，不过景区游客较多，东西不好买，可以自备一些食物和饮品,,,,,,
匿名用户,70,5,2021.10.22,【故宫上午场门票】成人票+人工讲解+无线耳麦,安导，知识专业，服务热情。天气晴朗适合旅游，600年的紫禁城，100年的博物院，了解了很多知识，体验很好。,,,,,,
iIB554344978,70,5,2021.11.21,故宫博物院上午场（老人票）,入园前均可购买, ,,,,,
诚邦达军团组,70,5,2021.11.23,【故宫上午场门票】成人票,古色古香，回味历史，拥抱大自然,,,,,,
【美好】人生,70,5,2021.09.22,故宫下午场门票成人票+秀才说人工讲解13:00场,安导讲解很好，经常点，口味很好，量也很足，价格也很实惠。,,,,,,
iIB554344978,70,5,2021.11.21,故宫博物院上午场（成人票）,入园前均可购买,出票特别快，很方便，下次还通过美团买,,,,,
丸子咿呀咿呀哟,70,5,2021.11.26,故宫博物院（故宫）成人票上午场票,好,,,,,,
uPQ147413639,70,5,2021.08.10,故宫下午场门票成人票+秀才说人工讲解13:00场,很好，安导的解说真的很棒，幽默，生动，也给我这个历史小白普及了很多历史上的知识。故宫真的很大，气势恢宏，让人有一种身临其境的感觉。故宫的设计真的让人佩服，凝聚这古代人的智慧。故宫之旅真的让人感觉很棒！,,,,,,
hKO675258614,70,5,2021.09.29,故宫下午场门票成人票+秀才说人工讲解13:00场,秀才说丁秀才，讲解清楚幽默，知道了不少历史缘由，包括前朝与后宫的不同故事，强烈推荐~,,,,,,
npt703117477,70,5,2021.10.12,故宫下午场门票成人票+秀才说人工讲解13:00场,第一次来环境很好，导游解说很到位！,,,,,,
iiY642210459,70,2,2021.11.18,故宫上午场门票成人票+人工讲解+无线耳麦,一般吧，还行，就是走的好累，说的也没有心思听,,,,,,
KXe802699605,70,5,2021.08.28,故宫下午场门票成人票+秀才说人工讲解13:00场,我今天带着第一次游故宫，王导太棒了，讲解详细，认真，历史文化丰富，给此次参观留下深刻的影像，对故宫文化深入了解，感谢王导,,,,,,
丸子咿呀咿呀哟,70,5,2021.11.26,故宫博物院（故宫）成人票上午场票,good,,,,,,
腾腾童童,70,4,2021.11.21,故宫博物院上午场（成人票）,【环境】干净整洁【交通】比较发达,,,,,,
匿名用户,70,5,2021.09.19,故宫上午场成人票+秀才说人工讲解9:00场, ,,,,,,
位东东,70,5,2021.11.19,故宫博物院上午场成人票,太棒呢，故宫好，进去了就不想出来了。玩一天都玩不够。,,,,,,
可爱的宝贝贝soon,70,5,2021.11.14,故宫下午场门票成人票+秀才说人工讲解13:00场,天气很好，导游很优秀，秀才说很不错哈推荐推荐推荐！感受文化历史很快乐！,,,,,,
匿名用户,70,5,2021.11.23,故宫博物院上午场（成人票）,入园前均可购买,好评,,,,,
匿名用户,70,5,2021.11.23,故宫博物院上午场（成人票）,入园前均可购买,好评,,,,,
akN441447868,70,5,2021.11.22,故宫博物院上午场成人票,很不错,,,,,,
akN441447868,70,5,2021.11.22,故宫博物院上午场成人票,很不错,,,,,,
DNY871021818,70,5,2021.09.29,故宫下午场门票成人票+秀才说人工讲解13:00场,来故宫秀才说丁秀才解说很细致，孩子也一直认真听，收获很大，下次有时间还要带宝贝来体验,,,,,,
sTg607833831,70,5,2021.09.29,故宫上午场成人票+秀才说人工讲解9:00场,秀才说的丁秀才演讲的很详细，人帅又幽默值得推荐，故宫也是宏伟壮观，不愧是中国之龙脉,,,,,,
吴曼,70,5,2021.11.22,故宫博物院下午场（成人票）,以后再带家人来参观。,,,,,,
凯凯的美tuan,70,5,2021.09.25,故宫下午场门票成人票+秀才说人工讲解13:00场, ,,,,,,
不认识吧还是认识,70,5,2021.10.07,故宫上午场成人票+秀才说人工讲解9:00场,秀才说的丁秀才，长的挺帅，讲的挺多的，听听挺有趣。下回来还找他，推荐。,,,,,,
ter731130961,70,5,2021.08.19,故宫下午场门票成人票+秀才说人工讲解13:00场,导游讲解的非常好，冒雨跟我们讲解衣服都打湿了，来故宫还是要请导游这样了解的更透彻，还少走弯路，故宫那么大我想看的重要地方都看到了。来北京已经没有遗憾了。,,,,,,
Clw230020960,70,1,2021.11.21,故宫下午场票成人票+珍宝馆+秀才说・网红导游讲解13:00场,很一般，真够后悔，都快冻死了，不会再来,,,,,,
匿名用户,70,4,2021.11.24,故宫下午场成人票,五一去的很多人,,,,,,
等枫红染秋季丶,70,5,2021.08.25,故宫下午场门票成人票+秀才说人工讲解13:00场,安导，今天天气很好，体感温度刚好，第一次来故宫，就找了个导游，很正确的决定，导游跟专业，解说很详细，风趣幽默引人入胜，必给好评。,,,,,,
hzQ779666083,70,3,2021.11.10,故宫博物院上午场成人票,含量「乾清宫」「神武门」「午门」「九龙壁」「御花园」「皇极殿」「体仁阁」「太和门」「太和殿」「中和殿」「武英殿」「文华殿」,,,,,,
lDb685242440,70,5,2021.09.22,故宫下午场门票成人票+秀才说人工讲解13:00场,非常好！安导游讲解声情并茂，学识渊博，强烈推荐！！！！！！,,,,,,
惜缘520XY,70,5,2021.10.05,故宫上午场学生票+秀才说人工讲解9:00场,秀才说孙导，因时间问题终于赶到，非常感谢一直在等我们，一路讲解非常细致，让我们感受到我们上下五千年的历史。,,,,,,
QQandHH123456,70,5,2021.09.29,故宫上午场门票老人票+秀才说人工讲解9:00场,秀才说的―陈秀才，行程安排合理，讲解内容丰富精彩，安排我们休息，点赞，大力推荐！！！,,,,,,
ITH374262482,70,5,2021.09.29,故宫上午场成人票+秀才说人工讲解9:00场,秀才说的丁秀才，讲解的非常好，认真，仔细六，言简意该，有很多典故，干大历史非常好。为你加油点赞。,,,,,,
ruoweihappy,70,5,2021.10.15,故宫下午场门票成人票+秀才说人工讲解13:00场,跟着秀才听故事杨导讲解的很清楚，一路上听了很多典故为秀才说点赞,,,,,,
ipn709325723,70,5,2021.09.25,故宫下午场门票成人票+秀才说人工讲解13:00场,今天跟朋友第一次逛故宫，跟着秀才说王导，回顾故宫历史，听着风趣幽默的解说，还有适当的互动，为秀才说点个赞！,,,,,,
CnM119063807,70,4,2021.11.12,故宫博物院上午场成人票,带妈妈去的。只是里面很多地方走到了才发现门关了。。寒风中瑟瑟发抖啊~,,,,,,
tCu41269829,70,5,2021.10.22,【故宫上午场门票】成人票+人工讲解+无线耳麦,秀才说的丁秀才介绍清晰  态度和蔼可亲  ，对故宫的文化了解非常多、不虚此行，我为秀才说点赞,,,,,,
匿名用户,70,5,2021.11.20,故宫博物院上午场成人票,服务还是一如既往的好,,,,,,
tzX881633311,70,5,2021.09.30,故宫上午场成人票+秀才说人工讲解9:00场,跟着王导逛故宫，揽阅六百年历史！秀才说细致动听、讲解通俗易懂，为秀才说点赞！,,,,,,
XlA468986565,70,4,2021.07.28,故宫博物院上午场（成人票）,故宫是我最爱的皇城建筑了吧，基本每个几个月就换一个新展，古今中外，尽在眼中。什么哥窑的瓷器啦，清朝的砚台了，还有那N年才拿出来一见的名画。当然，红色的小巷、巨大而高远的藻井，也各有特色。广场是何其的巨大，使我感到了不紧凑的感觉。金砖、金砖其实是黑色的，踩上去不免要小心翼翼。御花园则比较小了，想象中的那种大围场完全不同,,,,,,
xor577042874,70,5,2021.08.14,故宫下午场门票成人票+秀才说人工讲解13:00场,七夕这天和对象游览故宫，这次带领讲评故宫的是张导，张导讲评风趣幽默，认真负责，口才流利，跟德云社有一拼，全程讲解十分卖力，而且不时还露出几个拿手绝活赢得一片喝彩。这次跟着张导了解了很多故宫历史的深度知识，必须五星好评～～,,,,,,
ews792570909,70,5,2021.11.12,故宫博物院上午场成人票,我国的文化遗产，保留不易，看看很涨知识。只是一趟根本不够，还得多去。,,,,,,
mRv544894299,70,5,2021.08.24,故宫下午场门票成人票+秀才说人工讲解13:00场,非常棒的，天气很好，雪糕很好吃，水溶很酸，阴凉处很凉快，导游的口才叙述的栩栩如生，我不由得伸出了大拇指给她说了一句你棒棒的！,,,,,,
Baobao15285,70,5,2021.10.01,故宫下午场门票成人票+秀才说人工讲解13:00场,讲解仔细认真负责。虽然累点，但是能够了解历史知识。了解很多书上没有的知识。很满意,,,,,,
kde555847728,70,3,2021.11.20,故宫博物院上午场门票成人票,可以，景点还不错哦，值得参观一下,,,,,,
BdJ838237213,70,5,2021.09.07,故宫下午场门票成人票+秀才说人工讲解13:00场,秀才说，王秀才。对比其他解说充满风趣，不然我也看不下去。很棒的一次游玩，推荐推荐,,,,,,
VNy445929352,70,5,2021.11.18,故宫博物院下午场（成人票）,服务很好 大气 太美了 要是有很多宫女就好了,,,,,,
刘昱彤姐姐,70,2,2021.11.19,故宫上午场门票成人票+人工讲解+无线耳麦,买了套票可是没有接到套票服务，,,,,,,
Vwy122339536,70,5,2021.08.30,故宫博物院上午场成人票,故宫我每年都会去一次的，可看的东西有很多，景色秀丽，环境清幽，还可以长长知识，很不错的选择。,,,,,,
匿名用户,70,5,2021.10.01,故宫下午场票成人票+珍宝馆+秀才说・网红导游讲解13:00场,导游很热情也很耐心，解说也很专业详细～非常开心能遇到这位超级好的导游大姐～,,,,,,
阿敏哥哥.,70,5,2021.08.25,故宫上午场成人票+秀才说人工讲解9:00场, ,,,,,,
张姑奶奶,70,4,2021.08.25,故宫上午场成人票+秀才说人工讲解9:00场,阳光明媚，第二次来北京故宫了，感觉身临其境，安导游讲解非常详细，口齿清晰！故宫是文化遗产希望永久存在！,,,,,,
CTp746389932,70,5,2021.11.03,故宫博物院上午场成人票,37度高温排队排几个小时感觉是值得的，故宫是不管什么时候去都会内心为之震撼的曾经皇家胜地,,,,,,
Axiaotongzhu,70,4,2021.11.21,故宫博物院上午场（成人票）,回忆总是那么美,,,,,,
YOYA酱,70,4,2021.11.14,故宫博物院上午场成人票,除了人多没啥不好的，到北京必打卡的地方,,,,,,
EP子林,70,5,2021.11.20,故宫博物院上午场（学生票）,特别好 强烈推荐 强烈要求！！！！,,,,,,
Ist709478738,70,5,2021.10.22,【故宫上午场门票】成人票+人工讲解+无线耳麦,态度很好 讲解的很好   值得推荐安导    人也很幽默  讲解条理清楚  北京故宫值得一游,,,,,,
匿名用户,70,1,2021.11.20,故宫博物院上午场成人票,强制许价，有意思吗？谁想的要评价,,,,,,
匿名用户,70,5,2021.11.19,故宫博物院下午场（成人票）,去北京必须要去的一个的地方……,,,,,,
匿名用户,70,5,2021.11.19,故宫博物院下午场（成人票）,去北京必须要去的一个地方,,,,,,
XJI293807477,70,5,2021.10.02,【故宫上午场门票】学生票+人工讲解+无线耳麦,秀才说谢导，服务优质，负责认真，业务娴熟，周到热情。希望下次继续得到服务,,,,,,
迷迷迷迷雪,70,5,2021.09.25,故宫下午场门票成人票+秀才说人工讲解13:00场, ,,,,,,
Axiaotongzhu,70,4,2021.11.21,故宫博物院上午场（学生票）,美腻,,,,,,
匿名用户,70,4,2021.11.19,故宫博物院上午场学生票,可以，里面很大，挺好玩,,,,,,
匿名用户,70,4,2021.11.19,故宫博物院上午场成人票,可以，里面很大，挺好玩,,,,,,
l连晓丽,70,5,2021.10.05,故宫下午场门票成人票+秀才说人工讲解13:00场,今天带孩子了解故宫，杨导，讲解到位，细心照顾，强烈推荐,,,,,,
Rtp747583605,70,3,2021.11.03,故宫博物院上午场成人票,气势恢宏，古时候的皇家办公室就是不一样，只可惜不能近距离浏览，也无法近距离感受历史的气息,,,,,,
NDq760268970,70,4,2021.09.29,故宫上午场成人票+秀才说人工讲解9:00场, ,,,,,,
娟，,70,5,2021.10.13,故宫上午场成人票+秀才说人工讲解9:00场,秀才说谢导：讲解特别到位，很照顾我们每个人，每个景区都带我们了解的特别清楚，从来没有遇到这么负责，专业的导游，非常感谢！,,,,,,
匿名用户,70,5,2021.09.10,故宫下午场门票成人票+秀才说人工讲解13:00场,今天和男朋友一起参观故宫，很热情的李导带我们详细的了解了整个故宫，炎炎夏日也依然不减热情，整个故宫的历史文化了解的很好，明清两代的皇宫还有很多需要去了解,,,,,,
Tvy514891630,70,5,2021.11.20,故宫上午场门票学生票,里面特别好很喜欢,,,,,,
tZE16854408,70,5,2021.09.20,故宫上午场成人票+秀才说人工讲解9:00场,秀才说陈秀才口才好，图样齐全，高清，讲解细致，路线安排合理，准备细致，耐心，值得推荐，人也很好。,,,,,,
bSi366152472,70,4,2021.10.07,故宫下午场成人票,冬天去的人比较少，景点还是很好的，外面卖的故宫的酸奶不喜欢喝特别酸的还是不要尝试了,,,,,,
冰菊舞487,70,5,2021.08.24,故宫下午场学生票+秀才说人工讲解13:00场, ,,,,,,
漫步云端丫丫,70,5,2021.10.04,故宫下午场学生票+秀才说人工讲解13:00场,秀才说的陈秀才，讲的幽默风趣，且服务到位，期望下次来。,,,,,,
IcO397239180,70,3,2021.11.11,故宫博物院上午场成人票,嗯，人实在多，文化底蕴深厚，去拍了婚纱照，景色很美,,,,,,
uhO446639509,70,3,2021.11.14,故宫博物院上午场成人票,仿佛回到了皇宫深处，气势磅礴！特别有王者风范！,,,,,,
never8566,70,5,2021.10.14,故宫下午场门票成人票+秀才说人工讲解13:00场,安导讲的特别好，故宫文化全部展现出来了,,,,,,
Wfd679794162,70,3,2021.08.21,故宫上午场成人票+秀才说人工讲解9:00场,安导讲解详细，生动，对故宫有新的认识。疫情期间人流不是很多，防控挺严，不过可以很好的看到故宫的景色，静心听到故宫的历史。,,,,,,
乔乔164,70,5,2021.09.12,故宫上午场成人票+秀才说人工讲解9:00场, ,,,,,,
SzZ747703135,70,5,2021.10.14,故宫下午场门票成人票+秀才说人工讲解13:00场,安导讲的很不错，非常准时！非常棒的体验，值得推荐，推荐带家人一起来，三个小时的时间了解历史文化！棒！棒！棒！,,,,,,
PSY526041459,70,5,2021.08.21,故宫博物院上午场成人票,带家人来玩的，感叹古人的伟大，建造的艰辛，景区很大，慢慢走，正殿偏殿多走走，由于我们不认识路，直接走正殿走出去了，出去就不让进了，挺遗憾的，以后有机会再来吧！推荐大家游玩，记得不要破坏文物，及不要乱扔垃圾哈！,,,,,,
dPO427949903,70,1,2021.11.13,故宫博物院下午场成人票,到地方了，根本就没有人要票………！,,,,,,
匿名用户,70,4,2021.11.17,故宫博物院上午场成人票,很值得一去的地方,,,,,,
yangyang0230666,70,5,2021.11.18,故宫博物院上午场（成人票）,【环境】还行,,,,,,
TnF387990265,70,3,2021.11.13,故宫博物院上午场成人票,环境不错！干净！卫生！以后有机会还会重游,,,,,,
CLHIELNI,70,5,2021.08.26,故宫下午场票成人票+珍宝馆+秀才说・网红导游讲解13:00场,此次是第一次来北京，过来办事，空闲之余报了团过来故宫看看，遇见了王导，非常的细心，讲解的也特别的到位。让我仔细了解了故宫的历史。期待下次再来。,,,,,,
tjP690919826,70,5,2021.10.07,故宫下午场门票成人票+秀才说人工讲解13:00场,今天跟了秀才说丁秀才的团，一路上的精彩讲解涨了很多知识，不虚此行，值得推荐,,,,,,
花火417,70,5,2021.08.11,故宫上午场成人票+秀才说人工讲解9:00场,李导讲解得特别详细，听故事一样了解历史，行程不紧张，边走边坐边拍照。故宫确实是特别有历史的风景线，光看建筑外观，很难深度了解它，必须要有专人解说。停过，在听过故事，才感觉真正来过…,,,,,,
xiaohuwamama,70,4,2021.06.25,故宫上午场门票学生票+人工讲解+无线耳麦,故宫  这座美丽的城中之城  以前曾经在书本上读到过  亲身来一趟   每往前去  都有些美丽迷人的风景故宫的建筑宏伟华丽  红墙黄瓦  镶金嵌银   加上过道走廊的白玉栏杆  十分华丽壮观每前进一处   每一个院落  都展现出庄严豪华  神奇优美  五彩斑斓的景色。豪阿哥导游知识丰富   讲解生动有趣  整个跟团游览讲解大概三个小时   通过豪阿哥导游的一个个故事   了解了故宫背后的历史故事  对故宫有了更深入的可解。,,,,,,
_qq8kc1438676888,70,5,2021.09.19,故宫下午场票成人票+珍宝馆+秀才说・网红导游讲解13:00场,此次游览故宫，是跟秀才说的丁秀才游览的，全程讲解生动详细，很好的了解了故宫的历史文化，行程安排合理，值得推荐。,,,,,,
kaY870696928,70,5,2021.10.08,故宫下午场门票成人票+秀才说人工讲解13:00场,秀才说小谢，一路上都不错，强烈推荐，大家一起去预约故宫不错，大家都来玩，听了很多故事，很好玩，人也很贴心，讲的挺好,,,,,,
nqT153613285,70,5,2021.09.04,故宫下午场门票成人票+秀才说人工讲解13:00场,来故宫游玩，小谢为我们做导游，讲解生动，态度亲和，讲解的内容丰富有趣，在故宫游玩的体验感非常好。,,,,,,
匿名用户,70,5,2021.11.12,故宫博物院下午场（成人票）,北京旅游必逛景点，感受皇城韵味。不错哟！,,,,,,
加油姑娘。,70,5,2021.11.18,故宫博物院上午场（学生票）,还想再去一次,,,,,,
RrV735102024,70,3,2021.11.14,故宫博物院上午场（成人票）,入园前均可购买,太大了，快累趴下了，玩的还可以,,,,,
稳稳的幸福.1,70,5,2021.10.15,故宫博物院下午场（成人票）,和同学一起去的，在北京那么久都没去过，同学偶然一起过来，都去了，买完票出发，排队，进去以后，下午3点半了，后悔没早点（一定要早出发）因为没逛完就闭宫了，真的很大，不够欣赏！早早去，推荐！五星！,,,,,,
DcM229172115,70,5,2021.09.24,故宫上午场成人票+秀才说人工讲解9:00场,雨天游故宫，别有一番意境，李秀才讲解的特别好，了解古代历史，有机会还会再次来故宫游玩。,,,,,,
zg8250827,70,5,2021.11.14,故宫下午场成人票,自带打卡地，经典中的经典,,,,,,
clemens,70,5,2021.08.28,故宫上午场学生票+秀才说人工讲解9:00场,今日在小雨朦朦和风和日丽中和杨老师一起游览故宫，虽然1420年的故宫在2021年看，但是因为有了杨导游细心准确细致的讲解我们对故宫的模样有了别致的讲解。红墙琉璃瓦，我们深深的爱上了故宫，故事没说完我们下次再见！,,,,,,
Cgk597490786,70,5,2021.09.25,故宫上午场成人票+秀才说人工讲解9:00场,小孙导游业务能力很好，通过他的讲解了解到故宫的历史。也了解到了建筑的意义。,,,,,,
蔡毛英,70,4,2021.11.18,故宫博物院上午场成人票,可以,,,,,,
9yfu,70,5,2021.08.22,故宫博物院上午场（成人票）,故宫是现在保存完整的建筑，故宫实在太大了逛了一天也没有逛完，而且迷迷糊糊的也不知道哪些逛了哪些没逛，但是从早上九点多开始到下午四点多，走走看看停停走到哪处都能想到宫廷剧里的剧情。可以让我们来感受历史的沧桑，了解历史背后的故事。,,,,,,
小唯Yuan,70,5,2021.08.29,故宫上午场成人票+秀才说人工讲解9:00场,秀才说接待员是杨导，从预约、等待，一直到进景区，态度和服务都很棒。准时开始的讲解，从景点特色到历史典故、故宫趣事，让游客全方位的了解景区。这是第四次来故宫，也是感受最棒的一次,,,,,,
九门提督波导股份,70,5,2021.09.04,故宫博物院上午场成人票,「御花园」「午门」「太和殿」「坤宁宫」「奉先殿」「青铜器馆」「畅音阁」「珍宝馆」「储秀宫」「角楼」「景仁宫」「太极殿」「文渊阁」,,,,,,
盈盈0808,70,5,2021.08.22,故宫下午场门票成人票+秀才说人工讲解13:00场,讲的真好，有内容有内涵，历史故事，风趣幽默，讲解了很多故事，以前自己来没有这么大的体验。文化还是需要传承和讲解！,,,,,,
liuchen0303,70,5,2021.10.09,故宫上午场成人票+秀才说人工讲解9:00场, ,,,,,,
HaY106473756,70,5,2021.09.20,故宫上午场成人票+秀才说人工讲解9:00场, ,,,,,,
匿名用户,70,4,2021.11.16,故宫博物院上午场成人票,不错不错,,,,,,
QFk741199463,70,2,2021.11.10,故宫下午场门票成人票+秀才说人工讲解13:00场,价格有点贵，不是很划算。讲解的不错,,,,,,
KHL958119709,70,4,2021.11.15,故宫博物院下午场（学生票）,超级大，逛了一天也没逛完,,,,,,
gyp492801348,70,5,2021.09.24,【故宫上午场门票】成人票+人工讲解+无线耳麦,李秀才服务周到，讲解很到位，很有意思，虽然是历史，但是一点都不会枯燥，都是一个一个的故事,,,,,,
CH175437734,70,5,2021.09.25,故宫上午场成人票+秀才说人工讲解9:00场, ,,,,,,
DBJ370909706,70,5,2021.10.01,【故宫上午场门票】成人票+人工讲解+无线耳麦,今天很来心来故宫，李秀才讲的特别好，下次还来故宫！,,,,,,
vhW37472767,70,5,2021.09.21,故宫上午场成人票+秀才说人工讲解9:00场,天气很好，中秋节人也不多，秀才说李导耐心讲解故宫文化，一边学习一边游玩，很赞,,,,,,
歌小歌儿,70,5,2021.08.13,故宫上午场成人票+秀才说人工讲解9:00场,今天天气很好，阴天，我自己游玩。秀才说的杨导很耐心，我迟到了，也没把我落下。杨导人很温柔，讲解仔细，认真带队，全程都有很棒的照顾大家所有人。强烈推荐大家来故宫游玩，找到杨导讲解喔。,,,,,,
phr490947497,70,5,2021.08.25,故宫下午场门票成人票+秀才说人工讲解13:00场, ,,,,,,
M萌小萌M,70,5,2021.09.17,故宫上午场成人票+秀才说人工讲解9:00场,故宫一日游#秀才说-孙秀才#出差偷的一日闲，故宫天安门yyds,威武庄严，大气磅礴呀，值了，有机会再来,,,,,
匿名用户,70,3,2021.10.24,故宫上午场票成人票+珍宝馆+秀才说・网红导游讲解9:00场,介绍的还挺好的，因为现在很多殿不能进去导游还自备了图片，让我们参考，就是最后导游找我们要好评的时候有点尴尬,,,,,,
upS248529416,70,5,2021.09.28,故宫上午场成人票+秀才说人工讲解9:00场,秀才说的陈秀才讲解合理，行程安排好，我很满意，给予好评，谢谢,,,,,,
pOO831307023,70,5,2021.08.27,故宫下午场门票成人票+秀才说人工讲解13:00场,今天全家人来到了故宫，听了王秀才讲解故宫的历史，涨今天全家人来到了故宫，听了王秀才讲解故宫的历史，涨姿势……今天全家人来到了故宫，听了王秀才讲解故宫的历史，涨姿势……,,,,,,
Vtq978942144,70,3,2021.11.07,故宫下午场成人票,进去感觉还行吧，拍照片挺好看，宏伟壮丽,,,,,,
鲁MA,70,5,2021.08.25,故宫上午场成人票+秀才说人工讲解9:00场,美团订票非常方便。今天天气也好。难得的体验。非常满意的一次旅行。强烈推荐安导。讲解非常专业。,,,,,,
BWK729796853,70,5,2021.11.13,故宫下午场成人票,国之魁宝！,,,,,,
suki_chencjj,70,4,2021.08.16,故宫博物院下午场（成人票）,故宫的门票这么大的景点，冬天去才40块，价格便宜到家了。网上直接买好，省得再去窗口排队买料，故宫一向人多票难买的，美团买好直接去现场换票即可，方便省事价格还能优惠几块，以后出去旅游都要在美团上买好，省心省力省钱，棒棒棒。,,,,,,
润润2018,70,5,2021.11.13,故宫博物院上午场学生票,很好，不错的地方,,,,,,
匿名用户,70,5,2021.09.09,【故宫上午场门票】成人票,太好了，太好了,,,,,,
匿名用户,70,5,2021.09.17,故宫下午场门票成人票+秀才说人工讲解13:00场,秀才说小孙导游讲的很好，内容非常丰富，很多宫殿超出了我的想象，今天人不多，我们看的很详细。,,,,,,
饭冰冰7912,70,5,2021.10.21,故宫下午场门票成人票+秀才说人工讲解13:00场,秀才说王导很专业，讲解得很全面，故宫真的太美了，即使亲眼见了也不敢相信故宫的美貌！我真的陷入了，这组图必须在我心里收藏！,,,,,,
iwL884650589,70,5,2021.08.26,故宫上午场成人票+秀才说人工讲解9:00场,第一次到故宫，感受导游精简讲解，对古代文化了解那是加之深刻呀，来北京必来故宫，赞,,,,,,
ljV218733725,70,5,2021.09.24,故宫上午场成人票+秀才说人工讲解9:00场,第一次听讲解，李秀才讲的很好，很专业，像听故事一样，有机会还会再来故宫来玩。,,,,,,
Eeu195680291,70,4,2021.09.12,故宫下午场门票成人票+秀才说人工讲解13:00场,了解明清历史的最佳地方，导游跟敬业，专业，也学到不少知识。点赞王导。,,,,,,
GPO685501652,70,3,2021.11.06,故宫博物院下午场（成人票）,值得，跟老朋友一起去的，带上讲解器游览最好，能懂背后的故事,,,,,,
xOv650837075,70,5,2021.11.13,故宫上午场门票学生票,门口烤肠非常好吃,,,,,,
cpc9043817934667,70,5,2021.10.03,【故宫上午场门票】学生票+人工讲解+无线耳麦,讲解的很详细，强烈推荐,,,,,,
匿名用户,70,5,2021.09.23,故宫下午场门票成人票+秀才说人工讲解13:00场,秀才说谢导讲的很好.自己来都不知道这么多历史。导游也很有耐心。,,,,,,
匿名用户,70,5,2021.10.29,故宫博物院下午场（成人票）,看到了雄伟而壮观的紫禁城！再和清宫剧联系，智慧勤劳的中国人,,,,,,
ukZ199574843,70,5,2021.08.20,故宫上午场票成人票+珍宝馆+秀才说・网红导游讲解9:00场,今天天气不错，我和朋友来到了故宫，路上遇到了些问题，秀才导游主动联系我们，并且耐心等待，真的很暖心。再有看过程中，秀才导游非常详细的讲解了有关故宫的历史文化，生动有趣，感觉时间过得很快乐！,,,,,,
GcE655867138,70,4,2021.09.17,故宫上午场门票学生票,第一次去，是期待的感觉，就是太大了，得提前做好攻略，还有身份证得提前检验，排完队才说身份证没有检验，还得回去整，重新排,,,,,,
魑魅魍魉小王八,70,5,2021.08.25,故宫上午场成人票+秀才说人工讲解9:00场,导游很专业，很细心的帮助讲解故宫的故事与典故，强烈推荐，责任心很棒，下次推荐伙伴联系小郭导游，棒棒滴！,,,,,,
zxJ708549363,70,5,2021.09.28,故宫上午场门票老人票+秀才说人工讲解9:00场,咱们秀才说的解说人员，服务很周到热情，强烈推荐。,,,,,,
yresearch,70,5,2021.08.08,故宫博物院上午场（成人票）,故宫博物馆的确是适合亲子游的地方，里面的建筑宏伟，历史悠久，小孩玩的特别开心，又能学到知识。就是人有点多，暑假去有点晒，一定要带够水和做好防晒。景区里有电子讲解器，每到一个景点会有感应，进行讲解，这个是很好很方便的。,,,,,,
Tonny_韬,70,5,2021.08.22,故宫上午场成人票+秀才说人工讲解9:00场, ,,,,,,
Jqe126817495,70,5,2021.09.22,【故宫上午场门票】成人票+人工讲解+无线耳麦,秀才说的丁秀才讲解详细幽默，工作认真负责，时间路线安排合理，强烈推荐,,,,,,
oiu763518648,70,5,2021.09.08,故宫下午场门票成人票+秀才说人工讲解13:00场,安导游讲解非常好，非常实惠，内容具体贴近生活，让人容易听懂，理解,,,,,,
润润2018,70,5,2021.11.13,故宫博物院上午场成人票,很好，值得一去,,,,,,
匿名用户,70,5,2021.11.08,故宫上午场成人票,故宫去了n次了，每次去都有不一样的感受，非常喜欢故宫,,,,,,
Summer3030,70,5,2021.08.14,故宫上午场成人票+秀才说人工讲解9:00场, ,,,,,,
TnF387990265,70,5,2021.11.13,故宫博物院上午场学生票,还可以,,,,,,
qAH807069845,70,5,2021.09.10,故宫下午场门票成人票+秀才说人工讲解13:00场, ,,,,,,
MMF802247646,70,5,2021.09.24,故宫上午场成人票+秀才说人工讲解9:00场,准时出发，人工讲解很仔细，很认真。故宫很大，学到了很多知识。故宫很漂亮,,,,,,
匿名用户,70,5,2021.10.31,故宫上午场门票成人票+人工讲解+无线耳麦,非常棒的讲解，导游小哥知识丰富，讲解生动，细致，，近4个小时的讲解，很值得，,,,,,,
紫沫1125,70,4,2021.11.13,故宫博物院上午场成人票,会再去的,,,,,,
RNc623441296,70,5,2021.10.05, ,讲解员杜冬冬讲解过程生动有趣，孩子们全程被深深吸引！4个小时互动不断，知识性，趣味性满满，讲解过程风趣幽默，不虚此行！家长都非常感谢！！下次还会继续选择！强烈推荐杜冬冬导游！！！,,,,,,
pjt541843834,70,5,2021.08.22,故宫上午场学生票+秀才说人工讲解9:00场,安导，讲解通俗易懂，风趣幽默，强烈推给我的朋友圈的朋友，大人小孩都喜欢的紫禁城故事的讲述人,,,,,,
hahah小崽子,70,4,2021.11.05,故宫博物院下午场（成人票）,不具体展开了，总之是一次不错体验，有机会还会再来,,,,,,
yuan19880,70,5,2021.11.08,故宫博物院上午场成人票,第一次去故宫，挺感动的,,,,,,
Kathryn560,70,5,2021.08.20,故宫下午场门票成人票+秀才说人工讲解13:00场,景色很壮观，环境特别美好，丁导的讲解也特别生动详细，让我们重新回顾了一下明清时期的历史以及晚清后期的一段屈辱史！宏伟的建筑让我们为古人的聪明智慧钦佩，也让我们铭记清后期的遭受外国侵略史的屈辱历史,,,,,,
xTE822071168,70,5,2021.08.22,故宫下午场门票成人票+秀才说人工讲解13:00场,安导，讲解详细生动，各个方面都有涉及，隔壁大哥一直夸好，为他点赞！为隔壁大哥点赞！图不够，天安门凑！,,,,,,
fZX889799615,70,5,2021.10.09,故宫下午场门票成人票+秀才说人工讲解13:00场,安导，请的很好，流利顺畅，安导辛苦了。,,,,,,
gKX312769002,70,5,2021.11.12,故宫博物院上午场（成人票）,入园前均可购买,不错,,,,,
gKX312769002,70,5,2021.11.12,故宫博物院上午场（老人票）,入园前均可购买,不错,,,,,
布布高升…,70,5,2021.08.25,故宫上午场成人票+秀才说人工讲解9:00场,安导不错，讲解的很详细，第一次来故宫，蓝天白云，深情气爽，下次带家人来，还找他,,,,,,
jimmyzhuzm,70,5,2021.09.14,故宫下午场门票老人票+秀才说人工讲解13:00场,秀才谢导，热情大方，耐心细致，历史知识非常丰富，也比较照顾我们的状况，非常好的一个导游,,,,,,
uaB910649273,70,5,2021.11.06,（不含门票）故宫专业级手机智能导游,入园前均可购买,故宫值得经常来逛，就是人永远特别多,,,,,
ZDG179681621,70,4,2021.08.25,故宫下午场门票成人票+秀才说人工讲解13:00场,安导语句通顺，幽默风趣，语言生动鲜活，思路清晰明了，把历史讲的超凡脱俗！让人仿佛游历在历史的长河中！,,,,,,
BQY843,70,4,2021.08.12,故宫下午场门票成人票+秀才说人工讲解13:00场,秀才说是北京的一个网红讲解团队，以故事的形式去讲解北京历史古迹，不限于故宫，还有长城、颐和园、天坛、恭王府等历史景点，每人发放一个无线耳麦，导游人工讲解，每个游客可以听到感谢，张导,,,,,,
ZBY323510597,70,4,2021.11.07,故宫博物院上午场成人票,带着妈妈去的，满足了她想去故宫的愿望,,,,,,
GrH211505586,70,5,2021.10.02,故宫上午场成人票+秀才说人工讲解9:00场, ,,,,,,
GXC2513877,70,5,2021.10.16,故宫博物院上午场（成人票）,入园前均可购买,「午门」「乾清宫」「御花园」「角楼」「延禧宫」故宫里的每一处都是风景，建议去细品景色。参观中国古人的伟大杰作。赞赞赞赞,,,,,
匿名用户,70,5,2021.08.14,故宫上午场成人票+秀才说人工讲解9:00场,故宫真是大，里面的景点非常美，代表了中国浑厚的文化底蕴。杨导讲解生动，每个景点都有详细的说明，时间安排也很合理。推荐推荐！,,,,,,
咦牛妞儿,70,3,2021.11.03,故宫上午场门票老人票, ,,,,,,
vWs606814107,70,4,2021.11.08,故宫博物院下午场（学生票）,值得去，故宫宏伟，很热闹，值得推荐,,,,,,
BEY371310543,70,5,2021.09.14,故宫上午场成人票+秀才说人工讲解9:00场,来到故宫博物院了解历史，经过丁秀才认真仔细的讲解，使我在这次参观中有了更深的了解，这次参观收获很大。,,,,,,
odd197717625,70,5,2021.09.12,故宫上午场成人票+秀才说人工讲解9:00场,第一次来到传说中的故宫，真是令人震撼，精美绝伦，加上秀才说王导的详细解说，更加增加了文化蕴含，不虚此行~,,,,,,
wangmeng212121,70,5,2021.09.28,故宫上午场学生票+秀才说人工讲解9:00场,陈秀才规划的路线合理，讲解仔细。,,,,,,
ZBY323510597,70,4,2021.11.07,故宫博物院上午场成人票,带妈妈去的，满足了她去故宫的愿望,,,,,,
Sno378112218,70,5,2021.09.22,【故宫上午场门票】成人票+人工讲解+无线耳麦,秀才说的丁秀才，讲解负责人认真，让我们了解不一样的故宫，不虚此行，很好！,,,,,,
夏o,70,5,2021.09.04,故宫下午场门票成人票+秀才说人工讲解13:00场,三分看七分听，蛮不错的，要是光自己去逛还真看不出个啥东西，边听边看蛮有趣的,,,,,,
menggulang008,70,5,2021.09.14,故宫下午场门票成人票+秀才说人工讲解13:00场,谢导讲的挺好的，进故宫讲了好多故宫趣事，产生强烈的兴趣，讲的故宫故事有底蕴，内涵，强烈推荐秀才说，谢导！,,,,,,
iwonhoo,70,5,2021.09.20,故宫上午场成人票+秀才说人工讲解9:00场, ,,,,,,
HQj200844967,70,4,2021.08.01,故宫博物馆上午场+电子导览票门票成人票,【环境】故宫呀那最对最好的了 气势辉煌超凡脱俗怪我词穷形容不出多好 但是自从来了北京 满打满算都去了五六次了 每次都有不一样的感觉 【交通】午门进更方便点 后门不好打车【项目】各个宫都有不同的样子特点 延禧宫那会儿比较火 但实际样子和电视里的不像的哦 不要盲目跟从,,,,,,
liu小镇,70,3,2021.11.07,故宫博物院上午场门票成人票,还行吧，没有想象的好，主要以前没去过,,,,,,
whq155555538,70,1,2021.10.16,故宫上午场门票成人票+人工讲解+无线耳麦,大家千万别上当..太差.实际30的门票..这里收一百多..到现场买30的门票进去花20一个讲解50搞定！所以千万别上当！无良商家！站在一个点上耗费时间半天不走！,,,,,,
傲娇的路人假1997,70,4,2021.09.22,故宫下午场门票成人票+秀才说人工讲解13:00场,导演讲的东西很详实 旁征博引 带着游客欣赏一座座冰冷的宫殿,,,,,,
MVl828860552,70,4,2021.11.06,故宫博物院上午场学生票,好好学习，孩子感受祖国强大,,,,,,
zRs574813229,70,1,2021.11.05,None,现在不能单订票了吗  为什么都是带导游的,,,,,,
Ess929076957,70,5,2021.08.31,故宫下午场门票成人票+秀才说人工讲解13:00场,第一次来北京.去的地方就是故宫.买的票有导游解说.丁导解说的很详细耐心.主要是很风趣.一路上有说有笑的.很容易理解明清两朝的历史.总之这次旅行很开心.愉快,,,,,,
qRU379559784,70,5,2021.09.12,故宫上午场成人票+秀才说人工讲解9:00场,今天给朋友一起参游故宫，秀才说王导太和门，文化殿，午门，非常喜欢，感谢王导的精心讲解，下次再约,,,,,,
咱不忘初心,70,5,2021.10.22,故宫上午场学生票+秀才说人工讲解9:00场,非常专业，非常敬业，强烈推荐！！！,,,,,,
Byb563954397,70,3,2021.11.07,故宫下午场门票成人票+人工讲解+无线耳麦,有讲解，比自己看要好的多了，比较满意,,,,,,
NNm379988831,70,5,2021.11.03,故宫博物院上午场成人票,感受下六百年帝王的皇城，感受华夏的文化脉搏,,,,,,
匿名用户,70,4,2021.10.18,故宫博物院下午场成人票, ,,,,,,
匿名用户,70,4,2021.11.10,故宫下午场门票成人票+人工讲解+无线耳麦,大家都知道,,,,,,
VSs534934887,70,5,2021.08.31,故宫下午场门票成人票+秀才说人工讲解13:00场,今天天气晴朗，遇到不错的倪导，说的仔细介绍完整让我感觉真的好！希望下次还遇到倪导,,,,,,
pjt541843834,70,5,2021.08.22,故宫上午场成人票+秀才说人工讲解9:00场, ,,,,,,
ojn96096703,70,5,2021.11.08,故宫博物院下午场（成人票）,文化与历史的交融,,,,,,
_qq3f71356668750,70,5,2021.08.22,故宫下午场门票成人票+秀才说人工讲解13:00场, ,,,,,,
BooMerl,70,5,2021.09.19,故宫上午场成人票+秀才说人工讲解9:00场, ,,,,,,
阿卜杜宁,70,5,2021.11.07,故宫博物院上午场成人票,很方便，值得一去，值得推荐,,,,,,
hLQ662429261,70,5,2021.08.08,故宫博物院上午场（成人票）,「乾清宫」「神武门」「午门」「九龙壁」「御花园」「皇极殿」「太和殿」「太和门」「体仁阁」「中和殿」「武英殿」「文华殿」「保和殿」「交泰殿」「坤宁宫」「东六宫区」「西六宫区」「养心殿」「奉先殿」「宁寿宫区」「数字馆」「陶瓷馆」「书画馆」「古建馆」「雕塑馆」「戏曲馆」「青铜器馆」「ぴ逄谩埂赋缏ァ埂腹使鼓浪屿外国文物馆」「斋宫」「宁寿门」「畅音阁」「养性殿」「珍宝馆」「阅是楼」「毓庆宫」「阙左门」「延禧宫」「乾清门」「角楼」「储秀宫」「景仁宫」「古华轩」「西华门」「永和宫」「慈宁宫」「协和门」,,,,,,
阿卜杜宁,70,5,2021.11.07,故宫博物院上午场（学生票）,不错，值得一去，值得推荐,,,,,,
gow952012260,70,5,2021.11.09,故宫博物院上午场成人票,【环境】,,,,,,
ojn96096703,70,5,2021.11.08,故宫博物院下午场（学生票）,历史的见证,,,,,,
楚清114,70,5,2021.10.06, ,讲解员杜冬冬，讲解得特别认真仔细。四个小时的讲解让我们学到很多故宫的历史知识。强烈推荐,,,,,,
nhQ732253928,70,2,2021.11.03,故宫博物院（故宫）语音导览票（不含门票）,没去不知道啥情况啊！有机会去了再评价,,,,,,
sJK443279300,70,5,2021.08.12,故宫博物院上午场（学生票）,这几年一共去了故宫两次，每次都有不一样的体验。故宫作为我国中华传统文化的瑰宝，是非常值得每个人都去看一看的。故宫真是太大了，可以在里面逛一天。作为学生，门票也是非常的便宜。每一个地方都充满了故事，都是岁月留下的痕迹。,,,,,,
dapangzichi,70,4,2021.09.09,故宫上午场成人票+秀才说人工讲解9:00场,秀才说的丁秀才服务周到，讲解清晰易懂，带团认真负责。故宫一定要来一次逛逛，感受历史的文化底蕴。,,,,,,
BVQ791202493,70,5,2021.08.21,故宫上午场成人票+秀才说人工讲解9:00场,秀才说丁导，不虚此行，看景不如听景，今天不仅一饱眼福，还大饱耳福，历史结合实际，条理清晰，耐心讲解。,,,,,,
匿名用户,70,3,2021.11.04,故宫上午场门票学生票,和朋友一起去的，故宫很大，人也挺多的，,,,,,,
ivX248899356,70,3,2021.11.03,故宫博物院上午场成人票,挺好的，美丽的故宫，天安门，我爱北京天安门,,,,,,
咦牛妞儿,70,3,2021.11.03,故宫博物院上午场成人票,不错，天气不错，适合漫游漫游的逛,,,,,,
CLARAyu21,70,5,2021.10.15,故宫上午场成人票+秀才说人工讲解9:00场,#秀才说王导讲解细致内容很多 不虚此行 后宫故事讲得非常精彩 ，让我们更深刻的了解故宫的博大精深，值得推荐秀才说,,,,,,
cfV828388726,70,4,2021.09.08,故宫博物院上午场成人票,人很多6.1去的  现场的工作人员很多 都很幸苦 也很负责,,,,,,
AuU517926367,70,4,2021.11.05,故宫博物院下午场（学生票）,感觉很不错啊  挺好的啊,,,,,,
wk861228win,70,5,2021.09.11,故宫下午场票成人票+珍宝馆+秀才说・网红导游讲解13:00场,秀才说杨导讲的很生动形象，真是收益匪浅啊，脾气也很好，我问了她好多问题，她很耐心地给我解答。,,,,,,
朱老大蜀黍,70,3,2021.11.04,故宫下午场成人票,人有点多，总体感觉还是挺不错的,,,,,,
hyx默默,70,5,2021.11.02,故宫博物院下午场成人票,很开心，虽然一个人去的，故宫之行值得推荐,,,,,,
syl龙在天涯,70,5,2021.09.09,故宫博物院（故宫）成人票上午场票,一定去看现场，现场比图片更美！,,,,,,
VNK126904090,70,3,2021.10.19,故宫下午场成人票,只能在外边看，进不去，就这人还很多,,,,,,
Sakura35791,70,5,2021.09.03,故宫上午场学生票+秀才说人工讲解9:00场,很好啊，故宫真大，导游讲的很清晰，细心，很多历史相关小故事，真好玩！导游知识渊博，说话风趣，很涨知识了，对中国文化了解更多,,,,,,
mon～seul,70,4,2021.10.30,故宫博物院上午场成人票,挺好的  很大   学到了很多  一定要跟着导游   自己转不会学到啥的,,,,,,
duY750345670,70,5,2021.09.17,故宫下午场门票成人票+秀才说人工讲解13:00场,游览名胜古迹一定要有一名优秀的导游，带领着游览才能了解其中的“奥秘”。明白那历史的精彩，感谢张导的优秀讲解，不虚此行。,,,,,,
TADRAGON,70,5,2021.08.07,故宫上午场学生票,故宫博物院经过单霁翔院长的带领下 变得越来越好越来越优秀越来越成熟 作为全中国第一大博物馆 世界七大博物馆之一 担当得起这个名号 开放的面积越来越大 开放的程度越来越多 不再是之前沿着中轴线一走而过 常来常新 会有很多高质量的展！很好,,,,,,
无语了都呵呵,70,5,2021.08.26,故宫下午场票成人票+珍宝馆+秀才说・网红导游讲解13:00场,秀才说丁导讲解很热情很专业。感兴趣仔细听的确实可以了解很多故宫的历史。可惜自己听得快忘的快。不过体验很好，绝大部分值得看的都带着我们看了。很满意,,,,,,
LIw589548222,70,4,2021.11.04,故宫博物院上午场学生票,人很多，但是故宫真的富丽堂皇。,,,,,,
xkb979963910,70,5,2021.08.25,故宫下午场门票成人票+秀才说人工讲解13:00场,安导导游讲解的相当得生动有趣。人也非常的有亲和力。强力推荐哦……,,,,,,
YLr333646656,70,5,2021.08.29,故宫下午场门票成人票+秀才说人工讲解13:00场, ,,,,,,
RJD404624104,70,4,2021.10.13,故宫上午场成人票+秀才说人工讲解9:00场,秀才高导讲的非常好，讲的建筑和皇帝的关系领导的关系,,,,,,
hxf163851789,70,5,2021.08.28,故宫上午场学生票+秀才说人工讲解9:00场, ,,,,,,
Xbs967534370,70,3,2021.10.29,故宫博物院上午场成人票,还可以吧！看不了啥东西！我是给我家老人定的！老人说就那样吧！,,,,,,
莫紫萱187,70,5,2021.09.21,故宫博物院票+珍宝馆票+秀才说导游讲解上午场老人票9:00场,秀才说谢导讲解很详细，全程有耳麦听讲解很方便，推荐,,,,,,
ivX248899356,70,3,2021.11.03,故宫博物院上午场成人票,还不错，，，我们的故宫，门票也不贵，,,,,,,
KeenJenny,70,5,2021.10.07,故宫上午场成人票+秀才说人工讲解9:00场,秀才说的丁秀才讲解非常精彩，一路上讲了很多故事，值得推荐，我为秀才说点赞，加油！,,,,,,
孤14,70,5,2021.06.05,故宫博物院上午场成人票, ,,,,,,
eGu983907365,70,1,2021.09.17,故宫上午场门票成人票+人工讲解+无线耳麦,故宫门票60，珍宝馆10元，租个自动讲解机也不过15元！非要配个导游收129元！！这就算了，导游一顿胡扯，本来可以参观完的故宫，非要拖够三小时，而且只走前后三殿和东宫两间小院！！！想钱想疯了也不能浪费别人的时间啊！最差的一次体验，一定要全网公开这个坑！！！！,,,,,,
eid242417011,70,5,2021.10.10,故宫上午场成人票+秀才说人工讲解9:00场,#秀才说，秀才说的陈秀才，北京男孩讲解北京故宫，讲的非常生动，,,,,,,
TUZ373054836,70,4,2021.08.17,故宫下午场门票成人票+秀才说人工讲解13:00场,安导讲的很不错，各种历史故事生动有趣，配合具体的景物景点，心旷神怡，体验感良好,,,,,,
小亮子菲菲,70,5,2021.09.16,故宫下午场门票成人票+秀才说人工讲解13:00场, ,,,,,,
qQi436903653,70,5,2021.10.24,故宫上午场成人票+秀才说人工讲解9:00场,今天阳光明媚，一家三人口来京参观故宫，秀才说杨导带我们畅游故宫，,,,,,,
wln789231979,70,5,2021.09.09,故宫上午场成人票+秀才说人工讲解9:00场,环境很好，建筑震憾，李秀才讲解行云流水，幽默有趣，典故清晰，值得推荐。下次还想来感受一下。,,,,,,
杨永生y,70,5,2021.08.11,故宫下午场票成人票+珍宝馆+秀才说・网红导游讲解13:00场,非常满意的一次故宫旅游，有爱心，有耐心，平易近人，天气适合拍张，疫情期间，大家不容易，安全第一，好人一生平安，好人好梦,,,,,,
若相惜、卟弃616,70,5,2021.08.25,故宫下午场门票成人票+秀才说人工讲解13:00场, ,,,,,,
Leianaj,70,3,2021.10.31,故宫上午场门票 成人票+人工讲解+无线耳麦,还行，讲解的还凑合吧。第一次去可以推荐一下。单程,,,,,,
li402885549,70,5,2021.10.13,故宫上午场成人票+秀才说人工讲解9:00场,感谢 秀才说 小谢的耐心讲解，这个地方真的适合各种人群来玩来体验呀，好评噢了解历史  了解知识  会推荐给朋友的哟,,,,,,
Pwo887258684,70,5,2021.09.22,故宫上午场门票学生票+人工讲解+无线耳麦,这次出游，跟满意，豪阿哥讲解的很好，强烈推荐,,,,,,
啊嚏诺诺,70,5,2021.08.28,故宫上午场成人票+秀才说人工讲解9:00场, ,,,,,,
wuZ864489091,70,5,2021.08.27,故宫上午场学生票+秀才说人工讲解9:00场,之前对故宫的不了解，通过郭导的讲解，对紫荆城各个宫殿各朝皇帝已经有大概的了解了，辛苦郭导,,,,,,
QXu167669548,70,5,2021.08.18,故宫上午场成人票+秀才说人工讲解9:00场,谢秀才的讲解特别专业，天气很热，谢秀才也热情似火，有职业操守，非常负责任，很愉快的一次旅行，专业讲解，收货丰富,,,,,,
OWG241338068,70,4,2021.11.05,（不含门票）故宫专业级手机智能导游,入园前均可购买,好,,,,,
OWG241338068,70,4,2021.11.05,故宫博物院上午场（学生票）,好,,,,,,
CelesteAfa,70,5,2021.11.05,故宫博物院（故宫）语音导览票（不含门票）,不错,,,,,,
oGl568786898,70,5,2021.10.23,故宫上午场成人票+秀才说人工讲解9:00场,李秀才非常好，讲解认真，因为路上不熟迟到了好久，她都非常有耐心！今天天气也好，拍照美。,,,,,,
希声303,70,3,2021.10.31,故宫博物院上午场（成人票）,入园前均可购买,中国最宏大的宫殿。去北京一定要去看看,,,,,
王zu11,70,4,2021.11.03,故宫博物院下午场（成人票）,毕竟是首都，古朴的气息,,,,,,
Fishbaby喵喵,70,4,2021.08.19,故宫上午场成人票+秀才说人工讲解9:00场, ,,,,,,
djAa,70,5,2021.08.29,故宫下午场门票成人票+秀才说人工讲解13:00场, ,,,,,,
ZHANYAMOU,70,3,2021.10.27,故宫上午场门票学生票,还可以，就是废人，费神，还有就是太阳太晒，建议没太阳的时候去,,,,,,
空空如__也,70,5,2021.08.29,故宫上午场成人票+秀才说人工讲解9:00场, ,,,,,,
JNz231049733,70,3,2021.08.20,故宫博物院上午场（成人票）,入园前均可购买,挺大的吧，去了和你想得不是一样的，很多历史的文化让你更加感觉这个世界那么大，古代人也是很不容易的了，皇上妃子也是很喜欢在里面居住的，各个庭院深深深几许，还有导游的谅解，所以还是强烈推荐大家去看看，里面的人也很多,,,,,
LEE二宝,70,5,2021.09.10,故宫下午场门票成人票+秀才说人工讲解13:00场, ,,,,,,
wIG805132680,70,5,2021.09.18,故宫下午场门票成人票+秀才说人工讲解13:00场,安导服务好，值得一游。,,,,,,
dvV358268366,70,5,2021.09.24,故宫上午场成人票+秀才说人工讲解9:00场,非常不错，导游很有耐心，讲得很清楚，值得跟大家推荐！故宫历史讲解非常清楚。,,,,,,
cEd183732632,70,5,2021.08.11,故宫上午场学生票+秀才说人工讲解9:00场,今天给孩子约了故宫博物院，孩子头一次来非常兴奋，在网上约了秀才说，陈秀才讲的非常清楚，吐字清晰，姿态大方。,,,,,,
xiP779734959,70,5,2021.09.20,故宫下午场门票成人票+秀才说人工讲解13:00场,秀才说，诙谐幽默，知识量强大强烈推荐,,,,,,
baH840515367,70,5,2021.09.03,故宫上午场成人票+秀才说人工讲解9:00场,王导非常棒哟！讲的仔细又生动，非常满意，下次带孩子来也能讲给孩子听了,,,,,,
EEX524013474,70,5,2021.08.20,故宫上午场票成人票+珍宝馆+秀才说・网红导游讲解9:00场,导游很耐心的，很细致的解说，了解历史看风景，很方便，戴上耳机听的很清楚，游玩速度正好，不会很赶，一家人报个这种讲解的很不错，性价比很高，比自己瞎逛的好，有需要再来,,,,,,
小总裁、,70,5,2021.09.14,故宫上午场成人票+秀才说人工讲解9:00场,秀才说的，丁秀才细心真不错，讲解的很好，下次家里人来，还会找他。,,,,,,
chengeng庚,70,5,2021.10.24,故宫上午场成人票+秀才说人工讲解9:00场,给爸妈团的，他们游玩很开心，导游讲解也很仔细，大大的赞。,,,,,,
BWU141244577,70,5,2021.09.01,故宫上午场成人票+秀才说人工讲解9:00场,在美团上定的秀才说，今天是小谢导游讲解！小谢导游讲得很好，很耐心！很仔细！也很贴心！下次来还找小谢导游讲解，谢谢！,,,,,,
jbQ461286413,70,5,2021.09.11,故宫上午场成人票+秀才说人工讲解9:00场,今天的导游李秀才讲的特别好，全程3小时讲解，深入浅出，是一次非常好的体验，推荐。,,,,,,
qzy107250286,70,5,2021.08.25,故宫上午场学生票+秀才说人工讲解9:00场,非常好，郭导讲解非常赞，故宫特别美，有机会还会来故宫。,,,,,,
danielxuhao,70,4,2021.10.30,故宫博物馆成人票（上午场）,世界排名第一的木结构皇家建筑,,,,,,
danielxuhao,70,5,2021.10.30,故宫博物馆成人票（上午场）,中国第一古建旅游景点！强烈推荐！,,,,,,
Pwo887258684,70,5,2021.09.22,故宫上午场门票成人票+人工讲解+无线耳麦,张导，豪阿哥，服务周到，讲解周到，推荐,,,,,,
cpc3393060131293,70,5,2021.08.22,故宫上午场成人票+秀才说人工讲解9:00场,安导的讲解非常详细，也能学到很多知识，天气今天非常适合逛故宫.,,,,,,
gehjrshjysfjk刘,70,5,2021.08.28,故宫上午场成人票+秀才说人工讲解9:00场,第一次在网上预约向导带队，通过王导细致入微的讲解感觉此次游玩更充实了！了解了很多故宫的历史文化！推荐朋友们带孩子一起！,,,,,,
fZX889799615,70,5,2021.10.09,故宫下午场门票成人票+秀才说人工讲解13:00场,安导讲的很好，流利顺畅。今天阴天还是照旧讲解，很好很好很好！！！！！,,,,,,
li402885549,70,5,2021.10.13,故宫上午场成人票+秀才说人工讲解9:00场,感谢秀才说 小谢 带玩的小姐姐非常专业，服务超级好，会认真给我们介绍具体游玩攻略，体验绝佳，值得推荐,,,,,,
HZH656635,70,5,2021.09.02,故宫上午场成人票+秀才说人工讲解9:00场,第一次来故宫，红墙青砖建筑壮观，天气虽热，王导讲解细致内容经典，此游收获非凡。强烈推荐。,,,,,,
imv597413803,70,5,2021.08.22,故宫下午场票成人票+珍宝馆+秀才说・网红导游讲解13:00场,安导挺好，讲的有文化，，故宫人不多，不挤，舒服，天也不热。,,,,,,
Las945847013,70,5,2021.08.28,故宫上午场票成人票+珍宝馆+秀才说・网红导游讲解9:00场,秀才说小孙讲解非常认真详细，对每一处地方都认真讲解，上知天文下知地理，故宫游玩推荐。,,,,,,
王春蕾蕾蕾,70,5,2021.09.04,故宫下午场门票成人票+秀才说人工讲解13:00场,参观了电视里面的各个宫院，全程有导游小姐姐的细心讲解，才算是称得上有意义的体验，推荐各位参观性景点一定要选择讲解服务，小郭导游超级赞哦！,,,,,,
RIe302253054,70,5,2021.08.22,故宫下午场门票成人票+秀才说人工讲解13:00场,故宫壮观雄伟....安导讲解仔细，热情，倍感亲切，值得推荐,,,,,,
暖暖的抹茶拿铁,70,5,2021.10.07,故宫上午场学生票+秀才说人工讲解9:00场,跟着丁秀才从早上到下午，讲解的特别详细，有意思，每一处，每一个经典景点都给了非常棒的故事典故！今天特别开心，跟着丁秀才，认真，负责，耐心,,,,,,
新年新气象992,70,5,2021.08.15,故宫上午场成人票+秀才说人工讲解9:00场,来多少次都是自己来拍几张照片，都没看懂，听郭导讲解后，觉得没白来，非常好！讲解的非常详细，非常专业！,,,,,,
IDi478782254,70,5,2021.10.03,故宫上午场成人票+秀才说人工讲解9:00场,秀才说小孙讲解得很生动，了解了故宫的历史。值得推荐。下次来了还会选择秀才说 很棒,,,,,,
匿名用户,70,1,2021.10.12,None,投诉！投诉！投诉！投诉！投诉！投诉！投诉！！！！！！！！！！！！！！！！！！！储秀宫女保洁态度超级蛮横！拿脏垃圾袋往游客腿上扔！现场2名男工作人员，拦住游客，将蛮横女保洁放走！！,,,,,,
LfH867110549,70,4,2021.10.14,故宫博物院上午场成人票,【交通】【环境】「乾清宫」「午门」「九龙壁」「皇极殿」「御花园」「太和门」「体仁阁」「武英殿」「中和殿」「坤宁宫」「交泰殿」「保和殿」,,,,,,
HVr637240741,70,5,2021.10.13,故宫上午场成人票+秀才说人工讲解9:00场,秀才说的真好，强烈推荐,,,,,,
代皓阳,70,3,2021.10.27,故宫博物院下午场成人票,还可以主要是看下中国的古代特色建筑！,,,,,,
bXI163361524,70,5,2021.10.01,【故宫上午场门票】成人票+人工讲解+无线耳麦,秀才说王导，讲解精彩。今天第六次来故宫第一次听讲解长了不少知识。逛故宫一定听讲解为秀才说点赞。,,,,,,
gRG765209101,70,1,2021.10.28,故宫上午场门票成人票+人工讲解+无线耳麦,现买票60元，到故宫现场人工讲解不认，坑,,,,,,
rFl699471938,70,3,2021.10.28,故宫博物院上午场（成人票）,【环境】很喜欢，【交通】很方便，【项目】很齐全。,,,,,,
wHW284676624,70,5,2021.08.24,故宫下午场门票成人票+秀才说人工讲解13:00场,弟一次带孩子来故宫太壮观了，太和殿在蓝天白云的衬托下显得格外的富丽堂皇，王导讲解也很细心周到,,,,,,
jieqibao,70,5,2021.09.12,故宫上午场成人票+秀才说人工讲解9:00场,秀才说王导人很热情，介绍了很多历史知识，学习了！不虚此行！,,,,,,
Cle591171345,70,5,2021.08.29,故宫下午场票成人票+珍宝馆+秀才说・网红导游讲解13:00场,李导讲的很详细，服务态度也非常好，游客提出不明白的地方，能够认真讲解。对故宫有了更深层次的了解，是非常愉快的一次体验。,,,,,,
左小朵。,70,5,2021.11.02,故宫博物院下午场（成人票）,不亏,,,,,,
胃食掌门人,70,4,2021.09.22,故宫下午场成人票,「午门」「乾清宫」「神武门」「九龙壁」「御花园」「皇极殿」「体仁阁」「太和殿」「太和门」「中和殿」「文华殿」「武英殿」「坤宁宫」「保和殿」「交泰殿」「东六宫区」「西六宫区」「养心殿」「数字馆」「奉先殿」「宁寿宫区」「故宫鼓浪屿外国文物馆」「ぴ逄谩,,,,,,
Hdx313016585,70,5,2021.09.04,故宫上午场成人票+秀才说人工讲解9:00场,秀才说的张秀才讲的非常清楚幽默，从入门到结束，每个地方都讲的非常清楚，大家都听的不亦乐乎特别痴迷！感谢张秀才！,,,,,,
胡小宁711,70,1,2021.10.28,故宫上午场门票 成人票+人工讲解+无线耳麦,没用，也不退，真是体验超级差，差差差,,,,,,
WJy606253852,70,5,2021.08.22,故宫下午场门票成人票+秀才说人工讲解13:00场,今天特别热，但是来故宫玩的也很好，杨导全程带着，很细心很辛苦，对于初次前来的我们真的是印象深刻，同时也赞叹古人的智慧，谢谢杨导的辛苦讲解！,,,,,,
匿名用户,70,4,2021.11.01,故宫博物院上午场成人票,不错,,,,,,
bmcas,70,5,2021.10.15,故宫上午场成人票+秀才说人工讲解9:00场,第二次来故宫，第一次没请导游根本看不懂。秀才说杨导解说专业，价格也合适，强烈推荐。,,,,,,
玉蜻蜓5806,70,5,2021.09.10,故宫下午场门票成人票+秀才说人工讲解13:00场,时间安排合理，讲解细致，天气也好语言通俗易懂，谢谢陈老师！,,,,,,
pUJ333907886,70,5,2021.08.31,故宫下午场门票成人票+秀才说人工讲解13:00场,秀才说的丁导  讲解的很生动 头头是道 样样能 故宫小飞侠   一块丝巾走天下 蒙面导游,,,,,,
Elaine_baby,70,5,2021.08.17,故宫下午场门票成人票+秀才说人工讲解13:00场, ,,,,,,
URi820510145,70,5,2021.08.31,故宫下午场门票成人票+秀才说人工讲解13:00场,倪导服务态度特别周到  讲解也非常到位 知识底蕴令人赞叹不已  尤其是和|这一段  令人叹服  非常舒服的一次旅行,,,,,,
RBO614029375,70,3,2021.10.25,故宫博物院门票上午场(成人票),入园前均可购买,值得花时间认认真真的看一看中华民族的建筑瑰宝,,,,,
KAr757569458,70,5,2021.09.05,故宫下午场门票成人票+秀才说人工讲解13:00场,天气不冷不热，故宫人也不多，杨导游解说的也挺有趣，游览过程都挺满意，景区建设的都挺好。,,,,,,
DQy760298400,70,5,2021.08.28,故宫下午场门票成人票+秀才说人工讲解13:00场,可敬的导游员哪！我们知道：你所有的付出是为了我们的旅程更加丰富、假期过得更好。你的语言，能使河流增添色彩；你的叙说，更让山林美丽妖娆；你的讲解，会使草原充满生机；你的倾诉，更让我们了解了中华五千年灿烂文化的真谛。,,,,,,
qyh1458654511,70,5,2021.09.05,故宫下午场门票成人票+秀才说人工讲解13:00场,在故宫看到很多真迹，慈禧宫里的金枝玉叶也是涨了见识了，还有后花园地上的碎石子铺的画，真绝了。,,,,,,
sJB23054550,70,5,2021.10.29,【故宫上午场门票】成人票,值得一去，可以转悠一下午,,,,,,
月之刑,70,5,2021.10.27,故宫博物院上午场成人票,挺好的,,,,,,
王佳海宁,70,5,2021.10.19,【故宫上午场门票】成人票+人工讲解+无线耳麦,跟着秀才说王导服务到位，故宫介绍详细。第一次来故宫，跟王导后面游故宫，收获满满～,,,,,,
uTl510974690,70,5,2021.08.17,故宫上午场票成人票+珍宝馆+秀才说・网红导游讲解9:00场,安导讲解非常好，今天天气也不错，愿山海无恙，希望下次再次相逢。,,,,,,
紫灬幕,70,5,2021.10.28,故宫博物院上午场成人票,很棒 就是太大了,,,,,,
刘瘦瘦要美美,70,5,2021.07.24,故宫博物院上午场成人票,美团工作人员服务态度非常好，在微信公众号预约不到可以在美团上留意下。故宫气势磅礴，雄伟壮观。等孩子大些，还会再来的，到时候一定会请讲解员详细了解故宫的故事。,,,,,,
Ico321026435,70,5,2021.09.25,故宫上午场成人票+秀才说人工讲解9:00场,秀才说孙导服务热情周到，讲解生动有趣，一路上很照顾大家。强烈推荐，欢迎大家找孙导游玩。,,,,,,
hfy1234567,70,5,2021.08.15,故宫下午场门票成人票+秀才说人工讲解13:00场,第一次来故宫，怕走马观花，买了一个秀才说，小郭导是位很漂亮的小姐姐，讲解的又详细又好，人也很细心，听着小郭导的讲解学到了很多,,,,,,
是糯米呀1717,70,5,2021.09.04,故宫博物院上午场成人票,来北京肯定要去故宫的，我已经去了很多次了，这次本来是陪朋友一起去看雪景，拍照片的，可惜没有下雪。不过这也不影响她的兴致。腿要溜断了，不过以后还会再去的。以下是重复内容：来北京肯定要去故宫的，我已经去了很多次了，这次本来是陪朋友一起去看雪景，拍照片的，可惜没有下雪。不过这也不影响她的兴致。腿要溜断了，不过以后还会再去的。,,,,,,
ztL491224314,70,5,2021.08.26,故宫下午场学生票+秀才说人工讲解13:00场,今天跟王导来故宫博物院，了解了中国历史，明清两代的历史，王导讲的非常清晰，人特别热情，知识专业，,,,,,,
拂耳.,70,5,2021.09.04,故宫下午场门票成人票+秀才说人工讲解13:00场,郭导的讲解非常专业耐心，人也非常好，我们没有伞还把自己的伞借给我自己淋雨，非常认真负责的一个导游！,,,,,,
亦逝殷,70,4,2021.10.31,故宫上午场门票学生票,好,,,,,,
亦逝殷,70,4,2021.10.31,故宫博物院上午场成人票,好,,,,,,
daK968211019,70,5,2021.10.20,故宫博物院上午场成人票,故宫就是故宫，珍宝馆，钟表馆最棒了御花园比我想的要小一点，有点挤,,,,,,
soo水蜜桃儿,70,5,2021.08.29,故宫博物馆成人票（下午场）,建议早点去，凉快天去，故宫很大逛不全,,,,,,
暖暖的抹茶拿铁,70,5,2021.10.07,故宫上午场成人票+秀才说人工讲解9:00场,今天早上时间有点紧张，丁秀才一直电话指引来到午门，跟着丁秀才一路从午门，太和殿，保和殿，中和殿，后三宫，特别认真，负责！,,,,,,
DnQ922473316,70,5,2021.08.29,故宫上午场成人票+秀才说人工讲解9:00场,讲解到位，服务周到，绘声绘色，声情并茂，讲解到位，服务周到，绘声绘色下次来还找小谢,,,,,,
Hpp13029,70,4,2021.08.27,故宫下午场学生票+秀才说人工讲解13:00场,王秀才讲的特别好，很有趣讲的，明明白白把故宫的重点都说的很好，学到了很多知识,,,,,,
hVb962841530,70,3,2021.10.20,故宫上午场门票成人票+人工讲解+无线耳麦,总体来说有好几个地方进不去，比较失望，就能在门口看看。,,,,,,
ILs210419691,70,4,2021.09.20,故宫下午场门票成人票, ,,,,,,
NCD182056047,70,2,2021.10.13,故宫上午场成人票+秀才说人工讲解9:00场,服务还是到位的，但是讲解员说话太多头晕，希望下次到故宫能看到点东西而不是在栏杆外看房子,,,,,,
陈孝生65,70,4,2021.10.26,故宫下午场门票成人票+人工讲解+无线耳麦,郭郭讲解的很到位，服务也很好,,,,,,
HJH小雨宝贝LN,70,5,2021.10.22,故宫博物院上午场（学生票）,孩子必须要见过和了解的中国历史,,,,,,
HJH小雨宝贝LN,70,5,2021.10.22,故宫博物院上午场（成人票）,一家三口一起去，请个导游讲解最理想,,,,,,
WAE677301045,70,5,2021.08.25,故宫上午场成人票+秀才说人工讲解9:00场,小郭导游讲解十分细致周到！言语亲切和蔼！还给找拍照的地点!下次还找她!,,,,,,
WTc900075256,70,5,2021.08.22,故宫下午场门票成人票+秀才说人工讲解13:00场,终于来故宫了，第一次来，感觉超级壮观。非常感谢秀才说杨导带我们游览故宫，讲的详细，发音标准，讲解到位。,,,,,,
啊永宝宝,70,5,2021.08.27,故宫上午场成人票+秀才说人工讲解9:00场,安导带领的非常好，讲解幽默风趣，简单易懂适合所有年龄段的人来听，行走过程强弱有序，强烈推荐，,,,,,,
飞飞公主557,70,5,2021.10.28,故宫博物院下午场（成人票）,祖国万岁,,,,,,
是一只开心鸭,70,5,2021.06.23,故宫博物院上午场门票成人票, ,,,,,,
ABv587408288,70,5,2021.09.04,故宫下午场票成人票+珍宝馆+秀才说・网红导游讲解13:00场,了解了历史，学习了近代史，很壮观！#秀才说-丁导#很棒.推荐，推荐，推荐，推荐，强烈推荐！推荐推荐！,,,,,,
pVb41615079,70,5,2021.10.22,【故宫上午场门票】成人票+人工讲解+无线耳麦,秀才说的陈秀才，讲解故宫六百年很完整，分片讲解，我表示很满意,,,,,,
Sqc571494838,70,1,2021.10.21,故宫博物院上午场成人票,建筑宏伟，就是工作人员服务太差,,,,,,
iSV654362902,70,5,2021.08.29,故宫上午场成人票+秀才说人工讲解9:00场,秀才说的陈秀才安排线路合理，从午门进门，过前宫至后宫，讲解到位，偶尔穿插的小故事也十分有趣。十分推荐。,,,,,,
Psq525553070,70,5,2021.08.31,故宫上午场成人票+秀才说人工讲解9:00场,秀才说的小丁导游历史知识非常丰富，讲解的也很有趣，值得推荐。故宫太大了，很累，但很值得,,,,,,
sbd813217232,70,5,2021.09.03,故宫上午场学生票+秀才说人工讲解9:00场,讲解的非常好，有浓重了历史文化气息，讲了好多小故事，非常有趣味性，一路听下来一点都不枯燥,,,,,,
单大宝和杜小宝,70,5,2021.10.26,故宫博物院上午场（成人票）,感受一下皇宫的感觉！！！！！！,,,,,,
uKw306278661,70,5,2021.10.17,故宫上午场成人票,带孩子到北京玩，每次都会来故宫，网上订票方便快捷，推荐,,,,,,
liuhui325861671,70,5,2021.07.09,故宫下午场门票成人票+人工讲解+无线耳麦, ,,,,,,
eiw648814824,70,4,2021.10.29,故宫博物院上午场（成人票）,入园前均可购买,好着呢,,,,,
rtx948263595,70,3,2021.10.07,故宫博物院上午场成人票,古代刺客晚进去，真不容易找皇帝,,,,,,
UUP35641712,70,5,2021.08.25,None,服务好，讲评好，内容清晰，有趣，能通过这次游故宫，从中了解自己很多不知道的，历史故事，了解中国历史的来龙去脉，更好了解故宫博物院。,,,,,,
匿名用户,70,5,2021.10.17,故宫博物院上午场成人票,太雄伟了，语言己无法表达当时的心情，建议进去参观前租个讲解设备。,,,,,,
匿名用户,70,5,2021.08.28,故宫上午场门票学生票,人超级超级超级多！！！ 故宫真的好大（jio都走疼了hhhhh）,,,,,,
ZH小肩膀,70,2,2021.10.21,故宫博物院上午场（成人票）,入园前均可购买,通风不好，卫生一般，一进屋一股臭脚味，地方有点偏僻,,,,,
小小小小的米粒儿,70,5,2021.08.28,故宫上午场成人票+秀才说人工讲解9:00场,秀才说确实讲的比较专业，杨导游讲解很细心，也非常认真热情，而且今天天气很好有小雨不晒，强烈推荐。,,,,,,
摩托摩托野,70,5,2021.08.10,故宫上午场成人票+秀才说人工讲解9:00场,秀才说的陈导游非常的奈斯，讲解风趣幽默，节奏控制的非常的人性，能在每天复杂的人流情况中给大家做合适的安排，而不是普通导游的按部就班，真的非常的奈斯，愉快的体验！亚克西！,,,,,,
MHP775237181,70,5,2021.10.24,故宫下午场门票成人票+秀才说人工讲解13:00场,不错，故宫比较大，导演讲解很到位！,,,,,,
kmJ356627808,70,5,2021.08.22,None,喜欢安导的讲解，对于历史的讲解很专业。故宫还是很值得一看的,,,,,,
uKw306278661,70,5,2021.10.17,故宫上午场学生票,每次来北京都会到故宫来参观，自己网上订票很方便，推荐,,,,,,
名字好才是真的好,70,5,2021.09.01,故宫博物院（故宫）成人票上午场票,确实宏伟，有必要来观赏，就是人多了点。网上预约门票后，还需要排队预检票，然后才能进午门,,,,,,
GaV944746,70,4,2021.08.28,故宫上午场成人票+秀才说人工讲解9:00场,今天第一次来故宫，经过黄导讲解，对故宫有一定的了解，黄导不仅漂亮，而且讲得很好，谢谢黄导，下次还会介绍朋友来。,,,,,,
eRr489820267,70,5,2021.06.25,故宫博物院上午场成人票,心心念念的故宫终于溜达了，去的当天非常凉爽，景色不错，工作人员服务很到位，景区里面卖的饮料不是很贵在接受的范围之内，大家来玩的时候不用担心景区水贵的问题，可以轻装来玩，玩累了，里面有很多供游客坐的凳子，景区附近很多饭店，至于味道如何我就不说了，就看大家口味了。,,,,,,
南边来的小吖,70,5,2021.10.25,故宫博物院下午场（成人票）,入园前均可购买,一天根本逛不完，还想再去一次,,,,,
阳光1254,70,4,2021.08.21,故宫上午场成人票+秀才说人工讲解9:00场,进宫了一次非常不错的体验了解历史，瞻仰一下皇家气息！！！导游非常认真，热情，谅解的很认真！！！值得推存！！！,,,,,,
aeh594981078,70,5,2021.09.05,故宫上午场成人票+秀才说人工讲解9:00场,秀才说杨导态度温和可亲，大雨天也坚持工作，解说非常专业，值得学习推荐。,,,,,,
lpo260657129,70,4,2021.10.24,故宫博物院（故宫）成人票上午场票,超级不错的体验，中国很强大,,,,,,
ZmR722596785,70,5,2021.10.26,故宫上午场门票成人票,喜欢博大精深的中华文化！,,,,,,
mWp110830878,70,1,2021.10.23,故宫上午场门票成人票+人工讲解+无线耳麦,购买的是有解说员的员门票，结果没人解说！,,,,,,
Qny132272338,70,5,2021.10.13,故宫上午场成人票+秀才说人工讲解9:00场,讲解讲解的很有耐心，老幼照顾到，希望生意越来越好，祝工作顺利，身体健康，万事如意,,,,,,
漂亮的小橙子,70,5,2021.10.22,故宫上午场门票老人票,很好，唯一就是人挺多的！,,,,,,
匿名用户,70,5,2021.07.11,故宫博物院上午场成人票,棒棒的，很满意，速度很快出票快，以后去故宫还在这里买票。故宫是中国明清两代的皇家宫殿，旧称紫禁城，位于北京中轴线的中心。北京故宫以三大殿为中心，占地面积约72万平方米，建筑面积约15万平方米，有大小宫殿七十多座，房屋九千余间。北京故宫于明成祖永乐四年（1406年）开始建设，以南京故宫为蓝本营建，到永乐十八年（1420年）建成，成为明清两朝二十四位皇帝的皇宫。,,,,,,
greenQ888,70,4,2021.10.27,故宫博物院上午场（成人票）,入园前均可购买,不错,,,,,
懒的三次方,70,5,2021.07.31,故宫博物院上午场（成人票）,入园前均可购买,趁着假期，陪爸妈一块来的，刚去时候没预约门票，很遗憾，过了两天有才去的，很震撼，很大。也算是完成了爸妈的北京打卡纪念。其实私心一直有一个念头，就是想看一下雪后的故宫，不过北京的雪不好碰，有机会还会再去的。,,,,,
FBW906764344,70,5,2021.10.12,故宫下午场门票成人票+秀才说人工讲解13:00场,今天的天气非常非常好，李秀才讲解的非常好，旅途十分愉快，了解了历史，强烈推荐下次来还找她,,,,,,
KGj503770420,70,5,2021.10.19,【故宫上午场门票】成人票+人工讲解+无线耳麦, ,,,,,,
ncp372425371,70,5,2021.09.02,故宫上午场成人票+秀才说人工讲解9:00场,秀才说陈秀才讲解好，会推荐给家人朋友，行程安排合理，带我们吃冰棍，强烈推荐,,,,,,
匿名用户,70,5,2021.10.20,故宫上午场成人票+秀才说人工讲解9:00场, ,,,,,,
于艺楠,70,5,2021.06.18,故宫博物院上午场成人票,很好看，值得一去，但很多地方都锁门，不是所有都对外开放的！最开始走的中轴线，之后走的两边的东南西北我也记不清了的轴线，，左边那一侧可以参观皇后太后的寝宫，很奢侈，都非常可观，也有人拍艺术照！右边的那个轴线是珍宝阁和珍妃井门票额外付十块钱。感觉每个长廊都长一个样子，红墙红门都很好看？御花园的鱼池很漂亮，鱼又大又肥！不过植物一般都不是以前的了。总体来说很有意义！,,,,,,
金月aini,70,4,2021.10.23,故宫博物院上午场成人票,挺好的宏伟大气,,,,,,
XKf587619018,70,4,2021.06.09,故宫博物院上午场成人票,服务完美，故宫的文化很多。大多数在抖音上已经了解得差不多了，这次来是印证一下。故宫的建筑之宏伟，规模之庞大，工艺之精美，用料之昂贵，工序之繁杂，都是人类文明的结晶。一个富强的国家从繁盛走向衰亡，值得人深思。穷则思变，不变则衰。再大的家产，也经不起挥霍。亡则亡矣，看着满园的房屋建筑，如今再也找不到一个当年生活在里面的人。又有多少感慨呢，岁月沧桑啊。,,,,,,
多仔熊纸尿裤厂家,70,5,2021.10.19,故宫博物院上午场（成人票）,带着妈妈团一起去的，老人家玩的很高兴,,,,,,
多仔熊纸尿裤厂家,70,5,2021.10.19,故宫博物院上午场（老人票）,带着妈妈团一起去的，老人家玩的很高兴,,,,,,
匿名用户,70,4,2021.10.18,故宫博物院上午场成人票,挺好的，去时候阴天，很多屋子已经不让进了，文创店很多,,,,,,
JII399823788,70,5,2021.10.23,故宫博物院下午场（学生票）,看繁华大道，又上云霄,,,,,,
Qny132272338,70,4,2021.10.13,故宫上午场成人票+秀才说人工讲解9:00场,感谢秀才高导耐心讲解，说到很多知识，口才不错哦，祝生意越来越好,,,,,,
夜羽丶,70,5,2021.09.11,故宫下午场门票成人票+秀才说人工讲解13:00场,杨导有较为丰富的带队经验，性格开朗大方。有很高的职业道德，值得推荐给大家。,,,,,,
Aon145350701,70,5,2021.08.26,故宫上午场成人票+秀才说人工讲解9:00场, ,,,,,,
wDj749458613,70,2,2021.10.17,故宫上午场门票成人票+人工讲解+无线耳麦,没有讲解，故宫说不提供第三方平台的讲解，美团也依旧打着招牌。,,,,,,
kTa816880811,70,4,2021.10.24,故宫下午场门票成人票+秀才说人工讲解13:00场,体验不错 生动有趣,,,,,,
GBb623577052,70,5,2021.10.03,故宫上午场成人票+秀才说人工讲解9:00场,秀才说孙导，讲解流利，声音好听，有他带领了解不少故宫里的知识，600多年的建筑保存的很好，以后还会来，还会选择秀才说,,,,,,
giy526242005,70,5,2021.08.31,故宫上午场学生票+秀才说人工讲解9:00场,秀才说的丁导讲解非常专业！安排合理，路线科学，照顾到团里的小朋友，服务很好！,,,,,,
dNN737436359,70,5,2021.10.21,故宫上午场成人票+秀才说人工讲解9:00场,王导热情，讲了很多历史知识。,,,,,,
nLm417063536,70,5,2021.08.21,故宫下午场门票成人票+秀才说人工讲解13:00场, ,,,,,,
Ase261619285,70,5,2021.08.28,故宫下午场门票成人票+秀才说人工讲解13:00场,孙导挺不错，学习了故宫的历史，一路很有收获。非常感谢，故宫今年已经601年，保护的还是很好的，很难得，值得推荐,,,,,,
LJr915715410,70,5,2021.08.17,故宫下午场门票成人票+秀才说人工讲解13:00场,安导讲的很到位！服务很热情！强烈推荐！,,,,,,
lpo260657129,70,5,2021.10.24,故宫博物院（故宫）成人票上午场票,超级棒的，下次还来,,,,,,
xAt140389272,70,5,2021.08.31,故宫上午场成人票+秀才说人工讲解9:00场,王导的全程讲解非常详细，而且很多知识都是以前所不了解的，非常不错的一次故宫体验！！！不虚此行！！！,,,,,,
铁柱_,70,1,2021.10.17,故宫上午场门票成人票+人工讲解+无线耳麦,电话是摆设，永远联系不到商家，出了问题解决不了,,,,,,
kNk567143087,70,5,2021.10.08,故宫下午场门票成人票+秀才说人工讲解13:00场,孙导声音好听，讲解细腻，有一种听书的感觉，让人逛的时候体验感满分，下次来还找他！,,,,,,
aSY942050921,70,5,2021.10.18,故宫上午场门票学生票,很喜欢仔细观赏品味故宫的古建筑，聆听他们背后的故事，,,,,,,
jDq523759663,70,4,2021.08.25,故宫下午场门票成人票+秀才说人工讲解13:00场,今天天气很好，导游讲解很清楚，对待孩子提出的问题认真讲解，讲解过程中有时也很幽默。带队过程中也很注重团员的体力。,,,,,,
匿名用户,70,3,2021.10.06,故宫博物院上午场（学生票）,故宫很大。租的智能导游机其实没有那么智能, 只能侦测个大概位置。然后不仔细听的话, 就不会讲第二遍的哦。,,,,
NY清风瘦马,70,5,2021.10.23,故宫博物院上午场（成人票）,入园前均可购买,非常好，值得一看,,,,,
姚d,70,5,2021.10.08,故宫上午场成人票+秀才说人工讲解9:00场,很震惊的紫禁城，想想八国联军入侵，这里也都有痕迹，满满耻辱感，振我中华！！！！丁秀才说真棒！,,,,,,
乖乖兔1996,70,5,2021.09.09,故宫博物院上午场成人票,趁国庆之前，带上父母一起出游了一次，这次赶脚不错，没来之前呢，父母不愿意出门，来了呢，还是挺高兴的，毕竟第一次去到那么远的地方，看到了宏伟壮观的古迹，景区比较大，一定要留够足够多的时间，才能好好欣赏。。。,,,,,,
天晨曦,70,3,2021.10.17,故宫上午场门票成人票+人工讲解+无线耳麦,讲解风味有趣，声音好听，普通话标准。,,,,,,
DZW531953651,70,5,2021.08.18,故宫下午场学生票+秀才说人工讲解13:00场,导游很负责，人很不错，讲解的幽默搞笑有深度，让人听的心驰神往，第一次全程都在认真听讲,,,,,,
匿名用户,70,3,2021.08.15,故宫下午场成人票,一个小时出来了    其实也不大    就是很多地方不让看    不让进   感觉还没有外景好看   里面没什么实质性的东西   还是外头好看,,,,,,
幸福孙1982,70,5,2021.10.20,故宫博物院上午场（老人票）,入园前均可购买,环境优美，设施好，指示清晰,,,,,
我叫左好人,70,5,2021.08.13,故宫博物院上午场成人票,已经去过三次了，可能还会再去，大部分都是冬天去的，除了冷，哪哪儿都好。还去看过一次故宫的雪景，超级漂亮,,,,,,
想飞935,70,5,2021.10.20,故宫博物院上午场（学生票）,不用多说了，有时间还会去,,,,,,
mJZ857943656,70,5,2021.08.25,故宫下午场学生票+秀才说人工讲解13:00场,秀才说的杨导特别热情，讲解的非常细致，让我们对历史有了更深入的了解，对故宫有了更深刻的印象，孩子们都很喜欢她,,,,,,
fch4335,70,4,2021.10.16,故宫博物院上午场（成人票）,买单美团票，特别合适，既省时间又省钱,,,,,,
咖啡加百合,70,5,2021.08.28,故宫上午场成人票+秀才说人工讲解9:00场, ,,,,,,
绒毛小喵,70,5,2021.10.05,故宫上午场门票老人票+秀才说人工讲解9:00场,秀才说小孙讲解的不错，只是天气比较冷，黄房子黄房子都是黄房子，中间有个绿房子,,,,,,
X九泫x,70,5,2021.07.26,故宫博物院下午场门票成人票,故宫肯定必须要来的！！！可能疫情原因人不是特别多，有的地方在整修没进去有点可惜，有这样的景色真的很棒！家人也很开心，逛了下午直5点左右闭馆还没逛完，能听到讲解员讲解，了解到很多历史故事文化知识，很开心,,,,,,
素心剑88,70,5,2021.08.25,故宫上午场成人票+秀才说人工讲解9:00场,金碧辉煌，确实是皇家气派。导游小郭很不错，一路都在详细讲解，非常敬业。,,,,,,
eyW675501125,70,5,2021.08.27,故宫上午场学生票+秀才说人工讲解9:00场,今天很感谢小谢带着我们并且给我们讲解故宫，讲解特别详细，也让我知道了许多的历史，态度也特别好，特别耐心，非常感谢今天的讲解,,,,,,
2宝贝辣妈,70,4,2021.10.21,故宫博物院上午场（成人票）,很多人，树很大，环境很好,,,,,,
aZq617352937,70,5,2021.09.02,故宫下午场门票成人票+秀才说人工讲解13:00场,秀才说的陈秀才，行程安排合理，带我们吃冰棍，我们坐着他站着！讲解风趣幽默！,,,,,,
宋先生lllll,70,5,2021.08.31,故宫上午场成人票+秀才说人工讲解9:00场, ,,,,,,
泷宝儿ing,70,4,2021.10.22,故宫上午场门票学生票,特别好一如既往的好,,,,,,
WZY963370264,70,5,2021.08.18,故宫上午场成人票+秀才说人工讲解9:00场,跟着旅行社外出已经成了习惯，但这次运气特好，遇到一个博学多才的导游。普通话说得好，吐词清晰，出口成章，好评小谢导游。,,,,,,
oMz253546576,70,5,2021.08.20,故宫上午场票成人票+珍宝馆+秀才说・网红导游讲解9:00场,今天有幸在李老师的带领下游览故宫，讲解的非常到位，历史文化知识丰厚，幽默风趣，非常不错的体验，强烈推荐哈。,,,,,,
TRu980399226,70,4,2021.08.17,故宫上午场成人票+秀才说人工讲解9:00场,感谢安导游，仔细热心讲解……开放的是故宫，锁住的是紫禁城,,,,,,
fkA887512613,70,4,2021.10.05,故宫博物院下午场老人票,景区人M为患，因为历史因素，都想实地参观一下代表皇权的地方，也是开了眼界，体验非常满意。,,,,,,
Dua897878927,70,5,2021.08.20,故宫下午场门票成人票+秀才说人工讲解13:00场,秀才说的丁导，服务热情，解说风趣幽默 ，知识面挺广的，令人十分舒服，下次介绍朋友还来。,,,,,,
月月爸爸514,70,3,2021.10.20,故宫博物院上午场（成人票）,人太多。到哪儿哪儿都是人，适合拍照。,,,,,,
Vms842284703,70,5,2021.08.28,故宫上午场成人票+秀才说人工讲解9:00场,王导游服务很周到，讲解很清晰。第一次带孩子来故宫听到了很多王导讲的历史故事，体验很好,,,,,,
月月爸爸514,70,3,2021.10.20,故宫博物院上午场（学生票）, ,,,,,,
鄢圆级,70,5,2021.10.22,故宫博物院上午场成人票,好！！,,,,,,
bestman518,70,3,2021.10.19,故宫博物院上午场（老人票）,入园前均可购买,走马观花，仨年多了，今天来评价一下,,,,,
cindy_1024,70,5,2021.10.16,故宫博物院上午场成人票,便宜很好不错不错不错,,,,,,
程小程11,70,3,2021.08.15,故宫下午场门票成人票+秀才说人工讲解13:00场,想了很久的故宫，抽空来了，感受一下皇帝的居住的地方，一直在走路，有点小累，不过还是很开心的,,,,,,
匿名用户,70,3,2021.10.18,故宫上午场门票学生票,总体很漂亮，是个令人放松的地方,,,,,,
张杰芳521,70,5,2021.10.13, ,导游很好很细心，讲解的通俗易懂，是一次愉快的旅途,,,,,,
瘦瘦姐姐,70,5,2021.08.28,故宫上午场成人票+秀才说人工讲解9:00场,今天跟妈妈来故宫玩 天气好 强烈推荐秀才说的杨导 人美漂亮 说话好听 很有才华！,,,,,,
mNa187117088,70,5,2021.08.26,故宫下午场门票成人票+秀才说人工讲解13:00场,今天第一次来故宫，今天天气很棒，进入了故宫见到了王导，王导讲解很细致，内容讲解非常深入，很棒，非常满意的一一次旅游体验。,,,,,,
bHO201142191,70,5,2021.08.31,故宫上午场成人票+秀才说人工讲解9:00场,秀才说丁导服务很到位，讲解非常好非常清楚，讲的故事也很有趣，真的很棒！,,,,,,
oDD571120826,70,5,2021.08.20,故宫下午场学生票+秀才说人工讲解13:00场,王秀才讲得故宫很棒，明清两代六百年的建筑，红墙黄瓦，六百年的历史，历代皇帝讲解的很到位，也很详细，期待下次还能赶上王秀才讲解,,,,,,
匿名用户,70,3,2021.10.06,故宫下午场门票成人票+人工讲解+无线耳麦,看攻略自己游玩吧，或者去机器讲解。不推荐，没必要人工讲解。虽然讲解的小哥，挺热情努力的。,,,,,,
GXC2513877,70,5,2021.10.16,故宫博物院上午场（成人票）,入园前均可购买,环境优美，古建筑宏伟，值得观赏,,,,,
匿名用户,70,5,2021.07.11,故宫博物院上午场成人票,很满意，以后去故宫还在这里买票。故宫是中国明清两代的皇家宫殿，旧称紫禁城，位于北京中轴线的中心。北京故宫以三大殿为中心，占地面积约72万平方米，建筑面积约15万平方米，有大小宫殿七十多座，房屋九千余间。北京故宫于明成祖永乐四年（1406年）开始建设，以南京故宫为蓝本营建，到永乐十八年（1420年）建成，成为明清两朝二十四位皇帝的皇宫。,,,,,,
SVg944514184,70,5,2021.08.17,故宫下午场门票成人票+秀才说人工讲解13:00场,今天天气挺热，带家人来故宫玩，与秀才说的李导结缘，她是我们的讲解导游，讲的特别好，认真细心、听完了解了故宫的历史，非常好，推荐,,,,,,
温帅伟,70,5,2021.10.18,故宫博物院下午场（成人票）,棒棒棒，喜欢，强雷推荐,,,,,,
匿名用户,70,3,2021.10.13,故宫博物院上午场（学生票）,当时还可以买学生票，人挺多的，一天都逛不完,,,,,,
我跟你赌两百,70,4,2021.07.09,故宫博物院门票上午场(成人票),入园前均可购买, ,,,,,
SAz943900860,70,5,2021.10.17,故宫博物院上午场（成人票）,故宫是个好地方,,,,,,
匿名用户,70,4,2021.08.22,故宫下午场门票成人票+秀才说人工讲解13:00场,今天天气不错，跟好朋友一起来到了故宫，这是我们一直想来，但犹豫不决的地方，导游杨导讲解的非常好，非常不错的体验~~,,,,,,
郑云114,70,5,2021.10.20,故宫博物院下午场（成人票）,挺好的,,,,,,
_qqns41441759069,70,2,2021.09.16,故宫博物院上午场成人票,北京天安门就是大来了好几次真好,,,,,,
chenfuyan,70,5,2021.09.21,故宫上午场学生票+秀才说人工讲解9:00场,故宫很大，今天天气很给力，一家人出游，最好是找李秀才讲解，可以边走边听边看。,,,,,,
feizhouxiaohei,70,5,2021.09.08,故宫上午场成人票+秀才说人工讲解9:00场,安导讲解超级认真仔细，我能够感受到他确实很热爱这个工作，故宫博物院及时文化传播者。太优秀了吧……爱了爱了。值得好评,,,,,,
扇子_01,70,4,2021.09.01,故宫上午场门票成人票+人工讲解+无线耳麦,曹老师大长腿，讲解得幽默通俗，重点突出，精典到位，很好啦，就是我们走不动了,,,,,,
雪建源逸,70,2,2021.10.17,故宫博物院门票上午场(成人票),故宫挺好的，美团不给力。。。。,,,,,,
小洋2016,70,5,2021.08.14,故宫下午场门票成人票+秀才说人工讲解13:00场,张导游口才棒，讲的故事很有趣也很生动，寓教于乐，孩子很喜欢，我们玩的很高兴，值得推荐给大家，我觉得可以成为网红打卡地,,,,,,
LH雨后彩虹,70,5,2021.08.29,故宫上午场成人票+秀才说人工讲解9:00场,陈辰导游讲解非常到位  来了趟故宫  了解了历史  学到很多知识  非常感谢陈导,,,,,,
JkX464448781,70,5,2021.08.27,故宫上午场学生票+秀才说人工讲解9:00场,秀才说的陈秀才服务非常好，解说特别到位，跟着他不虚此行，从中学到了很多知识，强烈推荐,,,,,,
没得乐,70,5,2021.10.12,故宫上午场成人票+秀才说人工讲解9:00场,来故宫旅游，今天天气很好，跟秀才说扬导解说，很高兴，解说的很好，很高兴,,,,,,
SsO582846934,70,5,2021.08.11,故宫下午场门票成人票+秀才说人工讲解13:00场,郭导真的很ok ，一路上她都没有休息，深感佩服，我跟我男朋友脚都要走废了，她的讲解也真的特别OK的，很详细，来这边还真的是需要讲解，因为很多东西其实自己也并没有那么了解，来故宫，找郭导。,,,,,,
幸福的大绵羊,70,4,2021.08.18,故宫下午场门票成人票+秀才说人工讲解13:00场,带孩子来有导游讲解，还是很有必要的，小谢导游讲的知识型比较强，故事也很精彩，乞丐龙这个词很有意思，孩子收货不小,,,,,,
匿名用户,70,4,2021.10.19,故宫博物院下午场（成人票）,入园前均可购买,一生必去一次的地方，,,,,,
月湾湾yww,70,5,2021.09.27,故宫上午场成人票+秀才说人工讲解9:00场,秀才说的杨导，讲解生动丰富，增加了很多史料和故事，服务热情周到，时间很长，值得推荐！,,,,,,
qWT200115525,70,5,2021.08.21,故宫下午场门票成人票+秀才说人工讲解13:00场,服务周到 讲解很细心！！！！ 一共三个小时左右的讲解 这么热的天太辛苦了！ 讲解了很多历史故事 ！！要听讲解才能学习到东西！,,,,,,
k.ki,70,4,2021.10.14,故宫博物院上午场（成人票）,故宫还是要去看看的，下次带着家里小朋友再去看看。,,,,,,
Erc666189636,70,5,2021.10.19,故宫下午场门票成人票+秀才说人工讲解13:00场,王秀才特别优秀,,,,,,
knm149824106,70,5,2021.08.15,故宫下午场门票成人票+秀才说人工讲解13:00场,特别nice的郭导，讲解的特别详细，透彻，清晰，易懂。又一次深刻了解了中国历史的博大精深。自己游玩顶多逛一逛，强烈推荐找个导游，游玩一圈，超值。,,,,,,
vtW314192208,70,5,2021.08.31,故宫下午场门票成人票+秀才说人工讲解13:00场,第一次来北京故宫，找的秀才说的丁导讲解的特别好，讲的特别详细，非常感谢,,,,,,
wangmeng212121,70,5,2021.09.28,故宫上午场成人票+秀才说人工讲解9:00场,陈秀才推荐的路线合理，讲解认真仔细，。,,,,,,
RWg362963456,70,4,2021.08.10,故宫下午场门票成人票+秀才说人工讲解13:00场,故宫讲解陈秀才讲解的非常详细，耐心细致，很好的介绍了故宫各处宫殿，详略得当。虽然天气很热，但是总是给我们找凉爽的地方讲解，优质的讲解和细致的服务给予好评！,,,,,,
颖颖love2015,70,5,2021.08.19,故宫下午场门票成人票+秀才说人工讲解13:00场,安导，非常棒，雨天游故宫，精讲，妙语连珠，妙趣横生，还有爱心，有强烈的责任心，设计的路线也很棒，为他点赞,,,,,,
yujj9988,70,5,2021.10.14,故宫下午场门票成人票+秀才说人工讲解13:00场,导游很认真讲的不错，很喜感,,,,,,
BtU762200385,70,5,2021.08.29,故宫上午场成人票+秀才说人工讲解9:00场,陈秀才讲解的非常棒，还帮忙拍照，路线经典不重复，强烈推荐陈秀才的讲解,,,,,,
小涵吃吃吃66,70,5,2021.08.24,故宫上午场成人票+秀才说人工讲解9:00场,很好，小姐姐讲的很好，玩的很开心，走了很多地方，感觉这个地方特别有意义，不虚此行，讲解的小姐姐很用心，特别好！,,,,,,
hbnysong,70,5,2021.08.28,故宫上午场成人票+秀才说人工讲解9:00场,杨导讲解得非常仔细，讲了很多历史知识，孩子很受启发，收获满满，强烈推荐杨导！,,,,,,
Fyh555708472,70,5,2021.08.24,故宫下午场门票成人票+秀才说人工讲解13:00场,带着孩子们来故宫，跟着秀才说的丁导了解悠久的历史，丁导讲解非常详细  强烈推荐丁导 ，超级赞,,,,,,
快到碗里菜,70,2,2021.10.15,故宫博物院上午场（成人票）,真是一个人的生活方式的时候我也是醉了,,,,,,
wuZ864489091,70,5,2021.08.27,故宫上午场成人票+秀才说人工讲解9:00场,太和殿  东华门  午门  御花园……已经通过郭导的讲解了解了，回家可以写一篇长篇作文了，谢谢郭导,,,,,,
ULI679078420,70,5,2021.08.20,故宫下午场门票成人票+秀才说人工讲解13:00场,故宫导游“王秀才”服务周到，热情，幽默风趣，从午门～郁花园，讲解历史知识很厉害，值得推荐。,,,,,,
MSZ663307098,70,5,2021.08.29,故宫上午场成人票+秀才说人工讲解9:00场,秀才说的陈秀才讲解内容丰富，路线安排合理，故事内容展开吸引人,,,,,,
牵手看月落,70,5,2021.08.14,故宫下午场门票成人票+秀才说人工讲解13:00场,我遇到的男的 有的改变了我的音乐爱好 有的改变了我的作息习惯 张导改变了我对故宫的认识。,,,,,,
wanghaorui,70,5,2021.10.02,故宫上午场成人票+秀才说人工讲解9:00场,秀才说谢导，讲解详细，服务细致周到，整个过程穿插了很多故事，听后意犹未尽,,,,,,
牛妞2wd,70,5,2021.08.19,故宫下午场门票成人票+秀才说人工讲解13:00场,强烈推荐秀才说陈导，讲解仔细，风趣幽默，带领我们走的中轴线，对每座宫殿都细心讲解，娃都听得津津有味！,,,,,,
kbC484903163,70,5,2021.09.28,故宫上午场成人票+秀才说人工讲解9:00场, ,,,,,,
Jason_ld,70,5,2021.08.29,故宫下午场门票成人票+秀才说人工讲解13:00场,秀才说的陈秀才讲解清楚合理，全程很认真，历史背景讲解清楚,,,,,,
OlH213567911,70,5,2021.09.02,故宫上午场票成人票+珍宝馆+秀才说・网红导游讲解9:00场,导游态度非常好，学识渊博，受益匪浅！！！一定多多推荐,,,,,,
I632831095,70,5,2021.08.24,故宫上午场学生票+秀才说人工讲解9:00场, ,,,,,,
GrJ534150306,70,5,2021.07.09,故宫上午场门票学生票, ,,,,,,
tLx285145743,70,4,2021.09.30,故宫博物院（故宫）成人票上午场票,好棒棒哒,,,,,,
vTc240763488,70,5,2021.08.18,故宫上午场学生票+秀才说人工讲解9:00场,故宫博物院秀才说的丁导讲解的非常到位，态度很好，讲话幽默风趣，强烈推荐。,,,,,,
zheng100200,70,5,2021.09.04,故宫上午场成人票+秀才说人工讲解9:00场,秀才说的小丁导游讲解很到位，很有意思，让我们对故宫有了更深的印象，非常棒！,,,,,,
匿名用户,70,5,2021.10.17,故宫上午场门票成人票+人工讲解+无线耳麦,神武门出口，什么人？,,,,,,
爱吃的渣子,70,4,2021.08.17,故宫下午场门票成人票+秀才说人工讲解13:00场,上次是自己瞎逛，这次特意买了有讲解导游的门票。安导讲解很棒，疫情原因人也很少，非常适合游玩。（神兽雪糕也不错！）,,,,,,
dgx160033266,70,5,2021.07.15,故宫博物院票+珍宝馆票+秀才说导游讲解上午场老人票9:00场,天气闷热，建筑壮观，导游是秀才说李导，讲解很认真，非常满意，哈哈哈哈。北京故宫是中国明清两代的皇家宫殿，旧称紫禁城，位于北京中轴线的中心。北京故宫以三大殿为中心，占地面积72万平方米，建筑面积约15万平方米，有大小宫殿七十多座，房屋九千余间。,,,,,,
miaomiao_meng,70,5,2021.08.20,故宫上午场成人票+秀才说人工讲解9:00场, ,,,,,,
uKy491434450,70,5,2021.08.14,故宫上午场成人票+秀才说人工讲解9:00场,第一次来故宫，运气很好，天气不冷不热，是游览故宫的好时机。杨导讲解很生动，把历史都讲活了，值得推荐给家人朋友,,,,,,
zheng100200,70,5,2021.09.04,故宫上午场成人票+秀才说人工讲解9:00场,秀才说的丁导游，热情细心，讲解很有意思，很不错的故宫zhixing，好大，好壮观！,,,,,,
MKS117754238,70,5,2021.10.12,故宫上午场成人票+秀才说人工讲解9:00场,杨导解说非常好，下次来故宫秀才说,,,,,,
PQd158084160,70,4,2021.10.14,故宫下午场门票成人票+秀才说人工讲解13:00场,讲解很细，非常好,,,,,,
王春蕾蕾蕾,70,5,2021.09.04,故宫下午场门票成人票+秀才说人工讲解13:00场,参观了电视里面的各个宫院，全程有导游小姐姐的细心讲解，才算是称得上有意义的体验，推荐各位参观性景点一定要选择讲解服务，赞哦！,,,,,,
更生先森,70,5,2021.10.17,故宫下午场成人票,太大了，太累了。,,,,,,
匿名用户,70,4,2021.10.07,故宫博物院上午场成人票,基本上每年都会去一趟，感受一下古人的智慧，体会一下现在生活的意义，每次都不一样的感受,,,,,,
byO632522504,70,5,2021.08.27,故宫上午场成人票+秀才说人工讲解9:00场,陈秀才带我们游故宫，讲解细致，为人热情，游玩时体谅游客的实际情况。,,,,,,
贾慢慢jjjjj,70,5,2021.10.16,故宫博物院上午场成人票,好,,,,,,
墨烟浔,70,5,2021.08.11,故宫上午场成人票+秀才说人工讲解9:00场,秀才说的陈秀才很有才，之前自己来只是走马观花，这次听讲解了解到很多相关的历史，也很有意思,,,,,,
匿名用户,70,3,2021.10.06,故宫博物院上午场成人票,提前购买，到场可用，挺方便的，就是太热了，大家可以趁天气凉爽些去逛,,,,,,
UsT198483718,70,5,2021.08.18,故宫上午场票成人票+珍宝馆+秀才说・网红导游讲解9:00场,秀才说的丁导讲解的非常好，各种历史典故信手拈来，故宫博物院旅游线路清晰，感觉没有白来一趟。,,,,,,
killy614,70,3,2021.10.09,故宫上午场门票学生票+人工讲解+无线耳麦,还行吧，一般。讲解不多，没有达到预期的要求。,,,,,,
tRo774337785,70,5,2021.07.16,故宫上午场票学生票+珍宝馆+秀才说网红导游讲解9:00场,安导讲解的很透彻，服务态度也很好，今天天气比较凉快，很适合逛故宫！带着孩子来北京必须得来逛故宫，中国人民的智慧真是无穷的！,,,,,,
dys424636937,70,5,2021.08.28,故宫下午场门票成人票+秀才说人工讲解13:00场, ,,,,,,
Georgeleee,70,5,2021.10.16,故宫上午场门票成人票+人工讲解+无线耳麦,讲解很不错,,,,,,
ZCm582166768,70,5,2021.08.18,故宫上午场成人票+秀才说人工讲解9:00场, ,,,,,,
匿名用户,70,5,2021.08.29,故宫上午场学生票+秀才说人工讲解9:00场,小谢导游讲解非常详细，来了北京来了故宫不虚此行！强烈推荐！,,,,,,
火溷y,70,5,2021.10.17,故宫博物院上午场（成人票）,入园前均可购买,不错,,,,,
winnewendy,70,4,2021.10.13,故宫上午场门票学生票,参观的很棒，环境也好，很方便,,,,,,
sxi767253725,70,5,2021.08.19,故宫下午场门票成人票+秀才说人工讲解13:00场,第一次和女朋友来，感觉还不错，安导也很有耐心，态度也很好，虽然下着雨，走得也挺累的，但是还是很开心,,,,,,
萨塔妮娅喵,70,5,2021.08.10,故宫上午场学生票+秀才说人工讲解9:00场,天气好，风景好，雪糕小贵但挺好吃的，拍照点很多，秀才说丁导讲解也很棒，听着很乐呵，总之很推荐！hhhhhhhhhhhhhhhhhhhhhh,,,,,,
isW536670809,70,5,2021.08.21,故宫下午场门票成人票+秀才说人工讲解13:00场,秀才说的丁导，讲解风格幽默风趣耐人寻味，通过讲解，了解到明清时期古代文化挺好的,,,,,,
whl86513515,70,5,2021.08.13,故宫下午场门票成人票+秀才说人工讲解13:00场,讲解员讲解清晰，内容丰富多彩，孩子听的很有兴趣能够留下深刻的影响，时间安排也比较合理。,,,,,,
WgG671214133,70,5,2021.10.01,故宫上午场成人票+秀才说人工讲解9:00场,大姐很博学，孩子和大人都很受益。十一国庆北京的的天气也很好。棒棒哒，心情美美的！,,,,,,
fwm639229686,70,4,2021.08.21,故宫下午场门票成人票+秀才说人工讲解13:00场,导游讲解的很细，非常棒。也很关心游客的安全。整个环节我们听得很认真，特别不错，推荐哦。,,,,,,
gOZ470978735,70,5,2021.08.28,故宫上午场成人票+秀才说人工讲解9:00场,非常感谢王导的讲解，细致入微，值得推荐，下次有机会来故宫还请王导讲解。,,,,,,
wey913331237,70,3,2021.10.10,故宫下午场成人票,值得去、挺好的、看看古人的智慧了不起,,,,,,
牛佳一N,70,5,2021.07.13,故宫下午场成人票, ,,,,,,
qzy107250286,70,5,2021.08.25,故宫上午场成人票+秀才说人工讲解9:00场,小郭讲了特别多历史故事，讲解清楚明白，很负责任。来故宫非常美非常漂亮，很赞,,,,,,
DhF199783702,70,3,2021.07.26,故宫博物院（故宫）语音导览票（不含门票）,这个有点用处吧，因为故宫还是比较大的，不怎么了解的话，可以买来用，阳光好景物美，风也很大，一边听一边逛一边了解这里的一切，爱国的青年怎么也得来一趟的，虽然要排长队，不过很值得呀，也给自己上一堂历史课吧,,,,,,
冰菊舞487,70,5,2021.08.24,故宫下午场门票成人票+秀才说人工讲解13:00场,故宫风格清丽典雅的堂皇建筑，淡蓝色的琉璃瓦屋顶;洁白的玉石栏杆;精工细琢的青石基台，衬着鹅黄色墙壁，真是显得淡雅端庄，明亮秀丽。今天天气极好，王导游讲的特别好 讲的细致入微 极力推荐秀才说团队,,,,,,
Amily901216,70,3,2021.10.08,故宫博物院上午场成人票,人多，还可以，孩子开心，评价强制要求字数,,,,,,
zXP322703276,70,5,2021.08.18,故宫上午场成人票+秀才说人工讲解9:00场,感谢丁导精细的讲解，挺完美的一次游玩，下次有机会带家人来，还找丁导，完美收工,,,,,,
特灬仑灬苏,70,5,2021.10.12,None,秀才说，进故宫，讲故事,,,,,,
彭彭4044,70,4,2021.08.14,故宫下午场门票成人票+秀才说人工讲解13:00场,我们的杨导游热情好客，提前做好游客的信息，提前给我们联系，很负责的导游，在讲解过程中很专业及很耐心的为游客讲解。感谢您，辛苦了,,,,,,
_weixin721685504,70,5,2021.08.25,故宫上午场成人票+秀才说人工讲解9:00场,不错不错安导游讲的很好,,,,,,
songshu_lx,70,5,2021.08.14,故宫上午场成人票+秀才说人工讲解9:00场,杨导行程规划很好，讲解特别细致，内容丰富生动。这次出行非常满意，收获很多，对故宫有了更深入的了解，回去是要再补一补明清历史了。,,,,,,
小佳琪490,70,5,2021.07.18,故宫上午场门票老人票,故宫真的是太大了，一层一层的楼梯，一层一层爬，早上两位老人家像小孩子一样，一早就醒来了，兴致勃勃的收拾东西准备出发，我们从天安门的校门排队进入，虽是五月份，但人还是真的多，散客排队速度还算是很快，一定要提前一天买票预订哦！当天买票是进不去的,,,,,,
KcF756943674,70,5,2021.10.08,故宫下午场门票成人票+人工讲解+无线耳麦,杜冬冬讲解员讲解的挺好的，下次有时间再来 ，感受不错,,,,,,
nSG1584582,70,5,2021.08.11,故宫上午场学生票+秀才说人工讲解9:00场,秀才说的陈秀才，真不错，认真负责，提前一天联系，细致入微，讲解清楚，强烈推荐大家找陈秀才讲解，孩子听得明白。,,,,,,
小琪琪宝贝520,70,4,2021.10.05,故宫博物院上午场（成人票）,入园前均可购买,不得不说以前的房屋建设的很漂亮，故宫之大之美丽，设施很完善,,,,,
zom388685975,70,5,2021.08.24,故宫上午场成人票+秀才说人工讲解9:00场,秀才说陈秀才讲解清晰，内容丰富，风趣幽默，行程安排合理，非常满意,,,,,,
cYe242043562,70,2,2021.10.08,故宫博物院下午场（成人票）,很多次了吧台资味们班戟爬楼完毕晚安安全教育平台,,,,,,
killy614,70,3,2021.10.09,故宫上午场门票成人票+人工讲解+无线耳麦,还行，讲解不是太深入，一般般。,,,,,,
Odg987537158,70,5,2021.09.01,故宫上午场成人票+秀才说人工讲解9:00场,小郭导游炒鸡好评，大力推荐，呱唧呱唧,,,,,,
KZz195594021,70,3,2021.10.10,故宫上午场门票成人票+人工讲解+无线耳麦, ,,,,,,
Ogx294826225,70,5,2021.08.19,故宫上午场学生票+秀才说人工讲解9:00场,下雨天，我和儿子去故宫游览，秀才说的杨导很尽职，带领我们游览故宫。而且讲解也非常到位，有趣。,,,,,,
mkl645208188,70,5,2021.08.14,故宫上午场成人票+秀才说人工讲解9:00场,今天天气很棒，跟着杨导参观故宫，很过瘾，了解历史，观看美景，和家人一起，很愉快。走了一路，到处看看，很长见识～,,,,,,
omT277482362,70,3,2021.10.10,故宫博物院上午场学生票,除了排队哪都行，必须十五个字，没办法。,,,,,,
QAa335496471,70,5,2021.08.28,故宫上午场学生票+秀才说人工讲解9:00场,导员讲的很好，工作很认真，联系到位。故宫一定要来的，物美价廉，哈哈哈哈哈哈哈哈,,,,,,
素质型农民工,70,5,2021.10.10,故宫博物院下午场（成人票）,可以，非常贵^_^好。值得一去！123456789,,,,,,
SyR769477980,70,5,2021.10.01,【故宫下午场门票】成人票+人工讲解+无线耳麦,讲解认真细致，讲解员讲的精彩，故事很多，逻辑通顺，参观过程中对团员细致有加。,,,,,,
Tht746261840,70,5,2021.07.24,故宫上午场门票学生票, ,,,,,,
IWB211,70,5,2021.09.28,故宫上午场成人票+秀才说人工讲解9:00场,秋高气爽风情云淡 今天的天气也很舒服 导游非常专业！以后大家都来秀才说找杨导！赞赞赞赞赞赞赞赞！,,,,,,
yZF693437075,70,5,2021.08.21,故宫上午场门票老人票+秀才说人工讲解9:00场,环境不错非常美丽，小郭导游也讲解的很细心，整体感觉非常不错，希望下次再来！,,,,,,
ZUV958657113,70,5,2021.08.12,故宫上午场成人票+秀才说人工讲解9:00场,王秀才讲解幽默风趣，认真负责，来六百年故宫太漂亮了，来了就找王秀才就行。,,,,,,
闫_克,70,5,2021.08.25,故宫上午场成人票+秀才说人工讲解9:00场, ,,,,,,
闫_克,70,5,2021.08.25,故宫上午场学生票+秀才说人工讲解9:00场,来故宫必须有导游，自己逛真是啥也不知道。一听全是故事。小郭导游赞赞赞,,,,,,
liuyang814392939,70,5,2021.09.07,故宫下午场门票成人票+秀才说人工讲解13:00场,秀才说的王秀才真秀才！没有秀才不知道的历史，故宫通过他的讲解，收获颇多！各位游客都可以找秀才说的王秀才讲解故宫！找王秀才，你不吃亏，不上当！带着满满的知识点回去有多好！我推荐王秀才！欢迎大家都来找王秀才！,,,,,,
zeichen001,70,5,2021.08.15,故宫上午场成人票+秀才说人工讲解9:00场,导游小郭非常认真负责，强烈推荐，从入园到离开一路没休息的讲，辛苦了。,,,,,,
victoryoyoo,70,5,2021.10.13,故宫下午场成人票,不愧是故宫推荐推荐推荐,,,,,,
笨笨爱11,70,5,2021.06.08,故宫博物院上午场成人票, ,,,,,,
快饿死了请你快点,70,5,2021.10.04,【故宫下午场门票】成人票+人工讲解+无线耳麦,秀才说的小陈讲解很好，风趣幽默，内容充实。五星好评！,,,,,,
FMc388153550,70,5,2021.10.12,故宫上午场成人票+秀才说人工讲解9:00场, ,,,,,,
Gwd439783587,70,5,2021.09.23,故宫上午场成人票+秀才说人工讲解9:00场,非常好 超级好很好,,,,,,
事在人为.666,70,5,2021.10.08,故宫博物院上午场（成人票）,入园前均可购买,大中国的故宫就是不一样为前辈点赞了！,,,,,
magyxiaoping,70,5,2021.08.21,故宫上午场成人票+秀才说人工讲解9:00场,好好的补了一下历史，解说员李导讲解到位幽默诙谐知识面广，强力推荐,,,,,,
Tgd618971647,70,5,2021.10.12,故宫下午场门票老人票+秀才说人工讲解13:00场,解说非常满意。推荐王导,,,,,,
hdE897826710,70,5,2021.08.21,故宫上午场成人票+秀才说人工讲解9:00场, ,,,,,,
gro380612947,70,5,2021.09.05,故宫下午场门票成人票+秀才说人工讲解13:00场,今天天气很好，我们一家人一起到故宫游览，在美团上订了票以后，很幸运认识杨导，她讲解的很全面，很精彩！,,,,,,
于一先一生,70,3,2021.10.06,故宫下午场门票学生票+人工讲解+无线耳麦,参观效果一般，进不了殿内。讲解没用上，打客服没人接。,,,,,,
于一先一生,70,3,2021.10.06,故宫下午场门票老人票+人工讲解+无线耳麦,参加效果一般，进不了殿内。讲解没用上，打客服没人接。,,,,,,
HzqRomonMQ,70,5,2021.10.10,故宫下午场成人票,来北京必去之地,,,,,,
JorneyTse,70,5,2021.08.21,故宫下午场门票成人票+秀才说人工讲解13:00场,很不错的导游，解说故事也很清晰，故宫也很美的。下次有机会可以再带父母来看看。,,,,,,
zh6524414,70,5,2021.08.25,None,孙导讲解的跟不错，也很详细，很满意的一次游玩。转了很多的地方，满意。,,,,,,
宝宇哥,70,5,2021.10.06,故宫博物院上午场成人票,去了一个人的时候就会觉得自己是个人的一个人的时候就会觉得自己是一个人的时候就会觉得自己是一个,,,,,,
你1算哪块小饼干,70,5,2021.06.22,故宫博物院上午场成人票,「午门」「乾清宫」「神武门」来啦来啦，端午带上妈妈来北京旅游，真真切切的感受到了北京故宫的雄伟壮丽，【环境】非常干净 【交通】非常便利【项目】由于太大 只走了一条直线【餐饮】可以自备「太和殿」「体仁阁」「文华殿」「武英殿」「中和殿」满足了妈妈的心愿，emmm，好像70后都喜欢古老的建筑，可能因为环境会想到小时候吧,,,,,,
头上带壳,70,5,2021.10.05,故宫上午场学生票,故宫，每一次前往都是一个赏心悦目的旅游景点。,,,,,,
YFc513748267,70,5,2021.10.13,故宫下午场门票（成人票）, ,,,,,,
GCe193295144,70,5,2021.08.20,故宫下午场门票成人票+秀才说人工讲解13:00场,秀才说的丁导，说话流利，讲解生动形象有取，服务周到，值得推荐给大家，很好！,,,,,,
ddM323408644,70,5,2021.08.21,故宫下午场门票成人票+秀才说人工讲解13:00场,郭导说的真的很详细，又让我深度的了解了一下中国的历史。非常的奈斯！还会找秀才说！,,,,,,
HuV194304004,70,5,2021.08.14,故宫上午场成人票+秀才说人工讲解9:00场,行程很充实，内容很丰富，倪导的讲解通俗易懂，很适合小朋友来学习，一家人玩的很开心，推荐假期来游玩。,,,,,,
somnus丶筱萱,70,1,2021.06.22,故宫博物院上午场成人票,慈宁宫都被改成雕塑馆了，东西六宫一共就能看一两个，全都进不去，整个故宫逛下来，已经完全失去了皇宫的感觉，像是现代的商铺，卖的东西也死贵死贵的，排队排好几次，还得先扫健康码，再刷身份证，两个东西还不是一个地方，特别麻烦！,,,,,,
lwQ171218788,70,5,2021.08.19,故宫下午场门票成人票+秀才说人工讲解13:00场,秀才说的陈秀才挺好的，今天故宫下雨，但是讲解过程还是比较顺利，个人挺喜欢他，给个好评。,,,,,,
Stresswrs,70,5,2021.10.06,故宫下午场门票成人票+人工讲解+无线耳麦,阿斌导游讲解的非常好，三个小时的讲解不虚此行。,,,,,,
ruirong771,70,5,2021.09.11,故宫博物院下午场（成人票）,故宫是去北京必须打卡的地方，感受一下雄伟壮观的历史！！,,,,,,
kFY496478562,70,5,2021.08.21,故宫下午场门票成人票+秀才说人工讲解13:00场,就今天我们宝贝套故宫登场康开心李秀才凉的讲的不错强烈推荐,,,,,,
梧桐辰安,70,5,2021.05.30,故宫博物院上午场成人票,到了北京，不去故宫，那可能比较遗憾的。故宫现在需要网上预约，至少提前三天以上，亲们自行网上先预约，周一闭馆。故宫，那真的是大啊。带着娃，若真的要全部看完，一天完全不够，我们走马观花似的的，主体都看了，也才看了2/3不到，右边的最后没没时间看了。看着故宫的建筑，感受当时皇家气息，不得不佩服古人的工匠艺术之高超。其实整体感觉，只能看到外表，若能有些主殿能进去走一圈那就更完美了。,,,,,,
HFU212173934,70,4,2021.09.25,故宫博物院上午场（学生票）,很好的游玩，不过孩子小，对里面只是看看，稍微性了解，我则带着甄执和延禧攻略看各宫，哈哈,,,,,,
QBl511485563,70,5,2021.08.10,故宫上午场成人票+秀才说人工讲解9:00场,秀才说陈秀才讲解的非常好，为人热情，讲解到位，天气炎热，还主动借我们伞，非常感谢，不虚此行！！,,,,,,
HYY570422259,70,1,2021.10.08,故宫上午场门票成人票+人工讲解+无线耳麦,没有导游，也联系不上，不接电话,,,,,,
鱼YYY余,70,5,2021.08.20,故宫下午场学生票+秀才说人工讲解13:00场, ,,,,,,
suyi545,70,5,2021.08.15,故宫下午场门票成人票+秀才说人工讲解13:00场,导游人非常nice，讲解的很好，三分看七分听，强烈推荐郭导，恰好赶上了一场大雨，故宫雨景特别好看,,,,,,
iNX942946173,70,5,2021.08.15,故宫上午场学生票+秀才说人工讲解9:00场, ,,,,,,
GOe195861507,70,5,2021.08.15,故宫上午场学生票+秀才说人工讲解9:00场,第一次来故宫，刚踏进故宫的门就感觉到历史的宏伟建筑，真的很不错，身为中国人，为历史点赞，,,,,,,
ijw595197335,70,5,2021.08.21,故宫上午场成人票+秀才说人工讲解9:00场,李导讲解非常详细专业，路线很经典，这么热的天，尽职尽责！讲解员很辛苦，,,,,,,
