id,价格,评价,评价日期,票务类型,评论,,
包bear,225,5,2021.11.21,None,“大漠孤烟直，长河落日圆”说的是敦煌鸣沙山及月牙泉周边景象。鸣沙山怡性，月牙泉洗心，唐人王勃当之无愧成为代言人。我N年前第一次去鸣沙山，因为风大，牙缝里塞满黄沙，还把奥林巴斯相机毁了一半（细沙吹进镜头）。第二次看到了日落，可惜当时还没即时社交工具微信。,,
穿云叶,225,5,2021.09.28,鸣沙山月牙泉票风景名胜区【成人票】（含沙画瓶）,我们机组来敦煌飞航拍半个月了，一直没有时间去沙漠，去月牙泉看看。昨晚上我们机组从机场回来的路上，机组说完成我的一个心愿，然后我们就直奔月牙泉了，到了月牙泉都很晚了，按照规定过了时间点就不让进了。在此特别感谢月牙泉景区的工作人员，在请示他们领导后。让我进去了，让我可以不留遗憾的离开敦煌。月牙泉的景色实在是太美了，在此向敦煌月牙泉景区的工作人员致敬，非常感谢你们的通融，让我很愉快的离开敦煌！,,
Blossoming945,225,5,2021.09.24,鸣沙山月牙泉票风景名胜区【成人票】（含沙画瓶）,非常好，值得游玩，我们去到天气也十分晴朗，鸣沙山干净漂亮，踏上沙山看起来容易，而细柔的五色沙让你感受柔中带刚，走走歇歇的山路，可以回头俯瞰月牙泉的美丽，碧玉高楼，沙漠中的翡翠明珠形容起来似乎不够，亲自入境其中切身感受各自有不同的体验。对了沙漠直升机，滑翔伞，越野车惊险刺激值得体验「月牙阁」「乘骑骆驼」「月牙泉」「鸣沙山」「滑沙」,,
米妮方头仔,225,5,2021.10.05,鸣沙山月牙泉票风景名胜区【成人票】（含沙画瓶）,骑骆驼和摩托车推荐 虽然价格不便宜（骆驼100，摩托车120）但是很值得 防沙鞋套门口有租 15元一次 无押金 不怕进沙的小伙伴也可以不用租 我就没租 但是鞋里全是沙子 头发里也是沙子（建议带上护发素回宾馆好好洗洗）爱美的姑娘们拍照记得穿鲜艳衣服 不要怕冷怕热怕风沙 尽情舒展自己～,,
uKC399770433,225,1,2021.10.07,鸣沙山月牙泉票风景名胜区【成人票】（含沙画瓶）,这个带沙画瓶的套餐就是骗人的！大家千万不要上当！还不如直接去景区买单独门票，110块钱，然后夜市上到处都是沙画瓶卖的，只要10块钱。这个沙画瓶要领的话，还要自己加供应商微信，然后自己打车去领。像我们这种从外地过来旅游的，都是赶时间的，领取时间一会儿一变！早上赶行程，好不容易到了，又跟我说九点开门！不退款，不邮寄，就是多收的钱。虽然一个沙画瓶没多少钱，在这划到20左右，但是一天那么多订单呢，到底有多少人去领的呢？没去领的就当自己放弃了，那多出来的钱去哪了？平台拿了？供应商拿了？负责人拿了？还是被谁分摊了？我们又不是自愿要买这种套餐票的，平台为什么不放单独门票的订单呢？目的就在这吧？这是我买的最差的一个订单了！买过的，大家看看，有多人去领了？没买过的，千万千万不要上当了，直接景区门口买票也挺快的。,,
YzZ504327068,225,3,2021.11.26,鸣沙山月牙泉门票成人票, ,,
Chn11437659,225,1,2021.10.07,【成人票】鸣沙山月牙泉票（含沙画瓶）,真坑，景区实际门票110元，到景区可以随时买票，提前在平台购票135元实际多出25元，平台上说的还有沙画瓶到景点后到处问了景点客服才知道平台订单上一个小字备注：沙画瓶是到另外一个地方自取（高德地图导航居然没有这个地址），还不邮寄必须自取！试问出来旅游会特意为了一个沙画瓶专门到另外一个地方自取吗？根本就是挣昧心钱，估计来回车费都不够还耽搁行程时间，建议平台少些套路不要弄些虚拟套票以客户实际需求为准，请不要欺骗外地游客，25元钱不多但被骗的人多了加起来也不少，吃相确实太难看，这次西北自驾游7天，唯一就月牙泉给了超级不好的印象，太坑，特坑，超级坑，吃相太难看。,,
three胖,225,3,2021.10.01,鸣沙山月牙泉门票成人票,哈哈哈来夸夸店员，太会拍照了，还指导我们怎么拍好看，不得不说，太有感觉了，有内味了跟着导航特别好找，停车也很方便，上菜也很快，推荐！门口就可以停车，停车位也很多，非常nice不限时这一点真的爱了，可以慢慢悠悠的享受整个过程，被治愈了环境非常不错，很出片，推荐想拍照的姐妹来！,,
夏日乌云,225,1,2021.10.08,鸣沙山月牙泉票风景名胜区【成人票】（含沙画瓶）,在这商家订票比景区购买门票贵20元，景区没有限流的情况下订票还贵，未消费提前致电不能退款。网络订票一般是有优惠和方便才选择，像这种又贵又不能退的商家为什么还要选择。美团官方联系了几天都联系不到商家,,
nQt843047070,225,3,2021.10.02,鸣沙山月牙泉票风景名胜区【成人票】（含沙画瓶）,沙漠风景是好看，还有玩乐的项目都可以，就为了看个月牙泉，130着实有点小贵。,,
jww655836220,225,1,2021.10.08,鸣沙山月牙泉票风景名胜区【成人票】（含沙画瓶）,很脏，景区很小，门票很贵！不值得。不能借着故事妄自抬高票价，服务卫生都要跟上！不值得推荐去的景点！一点都不值得推荐！我也牙根不会推荐！,,
匿名用户,225,1,2021.10.10,鸣沙山月牙泉票风景名胜区【成人票】（含沙画瓶）,景点无话可说，我只说订票，这是我美团订票最糟糕的一次，景点票价110元在美团平台的这家公司订票135元，高出25元是因为有个沙画瓶，实际就是堂而皇之的幌子，要去市区门店自己取，没见过这样讹人的，亲们不要在这订票，现场去买或者鸣沙山月牙泉小程序购买，这家公司的态度超级差，不能退票解释蛮狠。,,
alH214783057,225,5,2021.10.06,鸣沙山月牙泉票风景名胜区【成人票】（含沙画瓶）,蛮好的，门票良心。孩子还可以滑沙，骑骆驼。真的有那种宁静壮美的感觉。,,
HeI407307491,225,1,2021.11.26,鸣沙山月牙泉票风景名胜区【成人票】（含沙画瓶）,没领到沙瓶 感觉很不开心 希望工作人员以后能安排好,,
iVc347738623,225,5,2021.11.15,鸣沙山月牙泉风景名胜区门票老人票（60-60岁）, ,,
匿名用户,225,3,2021.12.01,鸣沙山月牙泉门票成人票,整体和想象中较接近，环境保护不太好。,,
匿名用户,225,5,2021.09.27,鸣沙山月牙泉票风景名胜区【成人票】（含沙画瓶）,特别喜欢～玩得好开心,,
eBA853519309,225,3,2021.11.28,鸣沙山月牙泉票风景名胜区【成人票】（含沙画瓶）,风沙太大，牵骆驼的人脾气还不小！,,
边聪盼,225,5,2021.10.07,鸣沙山月牙泉票风景名胜区【成人票】（含沙画瓶）,挺方便省事的唯一美中不足票价不便宜啊跟正常景区购票差不多。,,
kBC576985344,225,5,2021.11.27,鸣沙山月牙泉票风景名胜区【成人票】（含沙画瓶）,很棒,,
匿名用户,225,2,2021.08.03,成人票鸣沙山月牙泉票（含沙画瓶）,进去园区有人会给你推荐骑摩托车，总共三个路线，会说最少的钱带你骑摩托车去整条路线，其实并没有到了一个点给你推荐，去原始沙漠，，其实没啥，花340。在一个装摄像头50。我觉得没必要。又不是自己骑旁边还有人。没什么好拍摄的，去过的都说可以讲价，我们没讲价傻傻的。骑了骆驼100。能接受。滑梯很累。体力消耗大。 说送的什么沙画瓶我们没去拿。反正很远。。。总之这个景点玩了一千多块钱。。。,,
yuhaitao19811209,225,2,2021.11.18,鸣沙山月牙泉门票成人票,服务一般，环境一般，希望今后可玩儿项目增加一些。,,
偌铉,225,4,2021.10.03,鸣沙山月牙泉风景名胜区【学生/老人票】门票,不错,,
西去黄鹤,225,5,2021.11.20,【成人票】鸣沙山月牙泉票（含沙画瓶）,1,,
偌铉,225,4,2021.10.03,鸣沙山月牙泉票风景名胜区【成人票】（含沙画瓶）,网上买票太坑，比现场买票还贵二十呢,,
TOo150802139,225,1,2021.08.21,鸣沙山月牙泉门票成人票,买学生票第1次拿学生证还不行，必须要当面打开学信网，有史以来第1次，售票态度极其恶劣，最后一气之下买了普通票，景点可玩性一般，里面的滑翔机骆驼。等自费项目比较多，然后走不到泉边远处就被拦住了，作为甘肃人一直心心念念，但是此次行程比较失望,,
SRa130518276,225,4,2021.09.29,鸣沙山月牙泉票风景名胜区【成人票】（含沙画瓶）,和预期吻合。景区不大，沙山特别适合孩子玩。拍照圣地。,,
匿名用户,225,1,2021.10.05,鸣沙山月牙泉票风景名胜区【成人票】（含沙画瓶）,票中包含的沙画瓶根本不在景区内部工作人员手里，而是要去打美图客服电话，要到了一个私人微信，加了私人微信之后还需要到他指定的地方去拿，而且时间在10分钟以外，可以说是十分恶心,,
虾米吃鱼肉干,225,2,2021.11.02,鸣沙山月牙泉票风景名胜区【成人票】（含沙画瓶）,价格比景区贵，而且赠送的东西离景区门口太远了，根本没功夫领,,
西瓜点点。,225,3,2021.11.04,鸣沙山月牙泉票风景名胜区【成人票】（含沙画瓶）,。归山深浅去哦陕西省咸阳市王守义十三香让我破功,,
ONr83079556,225,4,2021.10.07,鸣沙山月牙泉票风景名胜区【成人票】（含沙画瓶）,坚持爬了沙丘，虽然累但是风景真的很美。从上往下看月牙泉真的很美。遗憾的是没能感触月牙水。,,
hello吴大燕,225,5,2021.09.19,成人鸣沙山月牙泉票+21:00场普通席又见敦煌票,又见敦煌超级推荐！！！场面很震撼！！！一定要去看！鸣沙山也很人性化，首次入园后，48小时内还可以免费再次入园。建议下午七点后去或者早上六点多去，否则中午太热啦！景区外的纪念品小商品等价格也很合理！！！总的来说，体验感受特别好,,
yuzhuluo123,225,1,2021.10.23,鸣沙山月牙泉票风景名胜区【成人票】（含沙画瓶）,那个沙画瓶不值得，就一小瓶装点沙子，还要自己去离景区挺远的地方拿，纯属坑钱,,
VxJ229380279,225,1,2021.10.11,鸣沙山月牙泉票风景名胜区【成人票】（含沙画瓶）,买完票到景点了，景区人员说酒嘉地区不需要买票，联系商家说给退票，等了好几天，商家连消息都不回复了，真的是恶心，非常差的体验,,
三毛6002,225,5,2021.08.02,鸣沙山月牙泉门票成人票,景色特别漂亮，沙子软绵绵的，光着脚丫子走在上面特别舒服。陡峭的阶梯，一开始看着特别渗人，一路走上去不敢回头，越往高处风景越漂亮。晚上看着月牙泉真的是绝美，下来时候还蛮快的，最主要是要自己克服恐高心理，冲就是了。大青甘之旅回来后最念念不忘的就是鸣沙山，还想再去。,,
vth785610780,225,1,2021.10.08,鸣沙山月牙泉票风景名胜区【成人票】（含沙画瓶）,景区没有毛病，玩的也开心，就是订单里面的沙画瓶还是在市里面，也不说清楚需要领取的位置和领取方式，当时着急谁会去想领取地和景区没在一个地方。,,
Kig178635639,225,4,2021.10.12,【成人票】鸣沙山月牙泉票（含沙画瓶）, ,,
HDn602570774,225,4,2021.10.31,鸣沙山月牙泉风景名胜区门票成人票,事隔那么久才来评价！,,
Xst646786023,225,1,2021.10.04,【成人票】鸣沙山月牙泉票（含沙画瓶）,这是我遇到最差的服务，位置说不清楚还挂掉顾客电话，门票110元，带什么沙画瓶，沙画瓶在地摊上卖10元2个，差差差，大家谨防上当受骗,,
yf7756,225,1,2021.10.23,鸣沙山月牙泉风景名胜区【学生/老人票】门票,无法退票 预留电话始终占线 伙计们是否有同感,,
春夏秋冬VV,225,1,2021.10.22,鸣沙山月牙泉票风景名胜区【成人票】（含沙画瓶）,比景点还要贵、谁买谁上当，在也不想来的地方之一,,
匿名用户,225,1,2021.08.21,鸣沙山月牙泉风景名胜区语音导览票（不含门票）,景区门票100，优惠身份比较少，可能有老人学生，对于教师及摄影爱好者没有任何优惠，进去以后收费项目比较多，然后自行参观，走不到泉边，本次跟家人一起去，体验不是特别好,,
PRs675466345,225,1,2021.10.07,鸣沙山月牙泉票风景名胜区【成人票】（含沙画瓶）,因行程变更 与商家沟通后 商家态度强硬 不予退票 甚至以支付违约金的方式处理 商家还是态度蛮横 不予退票,,
时代元朝,225,5,2021.10.14,鸣沙山月牙泉票风景名胜区【成人票】（含沙画瓶）,骑骆驼非常的nice。没有见过大沙漠的，可以参观一下大沙漠。,,
uUH711905837,225,1,2021.10.14,鸣沙山月牙泉票风景名胜区【成人票】（含沙画瓶）,门票比现场贵，拿门票的地方跟拿礼品的地方距离太远，还不能退款,,
ZLG286388595,225,4,2021.10.24,鸣沙山月牙泉门票成人票,hao,,
LZPDMQ150000,225,1,2021.10.12,鸣沙山月牙泉票风景名胜区【成人票】（含沙画瓶）,买错票不给退，这是在抢劫，为落后的城市悲哀,,
匿名用户,225,3,2021.10.14,鸣沙山月牙泉票风景名胜区【成人票】（含沙画瓶）,风景很好，但是承诺的沙画瓶找不到人给，现场问不到,,
VeW259923753,225,2,2021.10.17,鸣沙山月牙泉票风景名胜区【成人票】（含沙画瓶）,项目还可以，但请保管好自己的财务,,
ZDQ629632835,225,5,2021.10.09,鸣沙山月牙泉门票成人票,骆驼此生必坐，不在沙漠体验一次骑骆驼真的枉此一生，超级喜欢一只白色的骆驼，意犹未尽。,,
匿名用户,225,5,2021.10.18,鸣沙山月牙泉票风景名胜区【成人票】（含沙画瓶）,太好玩了,,
Fdu331918903,225,1,2021.10.09,鸣沙山月牙泉票风景名胜区【成人票】（含沙画瓶）,美团太坑了，景区售票才110,想着美团能有优惠，谁知道还贵20,千万不要上当
FwD300974841,225,5,2021.10.11,鸣沙山月牙泉票风景名胜区【成人票】（含沙画瓶）,环境优美，景区卫生干净，设施齐全，是旅游的最佳选择地。,,
匿名用户,225,5,2021.09.07,鸣沙山月牙泉门票成人票,时间稍匆忙，还会在来一次！,,
vJo225127285,225,5,2021.10.08,鸣沙山月牙泉票风景名胜区【成人票】（含沙画瓶）,很美  要选个好天气哦  好像一张票可以玩三天，大家买的时候要注意 不要买重复啦,,
xSC166541830,225,4,2021.10.19,鸣沙山月牙泉门票成人票,挺好的,,
匿名用户,225,1,2021.09.07,鸣沙山月牙泉票风景名胜区【成人票】（含沙画瓶）,千万别在美团买票，比现场要贵不说，领取的什么破烂沙画瓶根本在景区领不到，根本领不到！只是一个人多花十几二十块钱去买票！！而且还不支持退票！所以根本就是骗钱的！！千万别在美团买票，只会让你受堵生气！！！,,
JJd227077185,225,2,2021.10.11,鸣沙山月牙泉票风景名胜区【成人票】（含沙画瓶）,第二次去，明显没有第一次惊艳，门票太贵了,,
怒战天下,225,4,2021.10.06,鸣沙山月牙泉票风景名胜区【成人票】（含沙画瓶）,鸣沙山算是不错的景点了 骑骆驼1个多小时 沙漠也不错,,
oiK703703415,225,1,2021.10.07,鸣沙山月牙泉票风景名胜区【成人票】（含沙画瓶）,门票包含沙画瓶，打客服电话直接挂了，也没领到,,
BtV846502597,225,3,2021.10.09,鸣沙山月牙泉门票成人票,环境非常不错，很出片，推荐想拍照的姐妹来！,,
匿名用户,225,2,2021.10.07,鸣沙山月牙泉票风景名胜区【成人票】（含沙画瓶）,现场买票价格便宜些，不推荐网购。,,
zxd129012580,225,4,2021.10.04,鸣沙山月牙泉票风景名胜区【成人票】（含沙画瓶）,挺好玩的地方，值得一去！山的镜子，沙漠的眼！,,
CBb891154227,225,1,2021.10.04,鸣沙山月牙泉票风景名胜区【成人票】（含沙画瓶）,差到极致，大家不要买，根本进不去！不买不买不买！差差差，骗人的，我要报警，投诉,,
eXV870133963,225,5,2021.05.30,成人票鸣沙山月牙泉票（含沙画瓶）,利用工作之余，感受大自然的鬼斧神工；1、景色真的很美，每个时间段都有不一样的美景；2、有部分游客将饮料瓶、烟头等垃圾随意丢弃在沙山上，在欣赏这美丽风景的时候，突然看到好多垃圾真是！！！真心的希望出来旅游的人们提高一下自己对环境的爱护和敬畏之心！！！3、这里的工作人员很热情如有问题都会一一解答；4、这里的游乐项目也不错，直升机、滑翔机、沙漠越野车、当然骑骆驼是首选，其它项目看个人了。  鸣沙山月牙泉是大自然缔造的美，希望每一位游客能够感受到大自然给予的馈赠，只有保护好环境才能让更多的后人能够了解它的故事，欣赏到它的美，不要让美丽的景色最后变成书本里的图片。,,
coz405505275,225,2,2021.10.04,鸣沙山月牙泉票风景名胜区【成人票】（含沙画瓶）,沙画瓶在哪领啊？找前台问又在这踢皮球,,
lGX145378438,225,1,2021.10.07,鸣沙山月牙泉票风景名胜区【成人票】（含沙画瓶）,切记不要随便买，买了就退不了了，不给退的。,,
lm204315,225,5,2021.10.03,成人鸣沙山月牙泉票+20:00场普通席又见敦煌票,景色非常美,,
lcM196269308,225,1,2021.09.12,鸣沙山月牙泉票风景名胜区【成人票】（含沙画瓶）,1.美团比现场贵2.沙画瓶啥的根本不知道在哪里领，电话打不通。3.无售后，根本没地方申诉4.本地人都不要票，美团上稀里糊涂买了,,
匿名用户,225,3,2021.08.30,【成人票】鸣沙山月牙泉票（含沙画瓶）,是可以去三天的，景色宜人，拍照好看,,
婷婷宝贝1208,225,5,2021.10.05,鸣沙山月牙泉门票成人票,爱了爱了,,
pZI149337237,225,1,2021.10.04,【成人票】鸣沙山月牙泉票（含沙画瓶）,太差，骗人－－－－－－－－.∵,,
南辕北辙988,225,1,2021.09.20,成人票鸣沙山月牙泉门票+沙漠露营,简直不要太差，吃得也不好，还不如去景点找个小屋，星空也没看着。票上的项目也没有,,
fcC479483873,225,2,2021.09.21,成人票鸣沙山月牙泉票（含沙画瓶）,谈不上服务，态度还可以，买套票时要送的礼物无人提醒，只好放弃了,,
匿名用户,225,5,2021.09.04,None,景区很不错，商家出票速度快，送的沙画瓶也很喜欢,,
匿名用户,225,1,2021.09.26,鸣沙山月牙泉票风景名胜区【成人票】（含沙画瓶）,建议最好去景区买。这里买很坑。,,
kdF465978544,225,5,2021.08.11,鸣沙山月牙泉门票成人票,丝绸之路沿线应该算是最好玩的地方了,,
匿名用户,225,2,2021.09.02,鸣沙山月牙泉门票成人票,做骆驼会被强制消费，领到中间，拉骆驼的人会让你掏钱，然后他拿你的手机给你拍照，一个人三十还是四十，不拍就不继续走继续停在中间,,
Gtb363498233,225,4,2021.09.16,鸣沙山月牙泉票风景名胜区【成人票】（含沙画瓶）,美团忠实用户，对美团客服满意。好评,,
bRE763243905,225,5,2021.09.08,鸣沙山月牙泉风景名胜区门票成人票,很想念这个地方，是年轻的我记忆里面最好的一次旅行。有机会再带家人去。,,
ZZZw雪,225,4,2021.09.11,鸣沙山月牙泉门票成人票,很有特色的旅游景点就是硬件设施需要加强,,
jfZ944415115,225,4,2021.08.11,【成人票】鸣沙山月牙泉票（含沙画瓶）,环境很好，风景也很好看，坐了越野车还不错,,
J__恒,225,1,2021.09.03,鸣沙山月牙泉票风景名胜区【成人票】（含沙画瓶）,别在美团买票，比现场买贵，什么鬼沙画瓶景区不认,,
wgg671544839,225,4,2021.08.28,鸣沙山月牙泉风景名胜区门票成人票,可以去等太阳落山，在鸣沙山看夜晚的月牙湖，真的很美,,
吴玉萍883,225,3,2021.08.25,鸣沙山月牙泉风景名胜区旺季门票成人票,入园前均可购买,挺好的。不旺大老远去一趟。就是飞机太贵了,
紫含烟112,225,3,2021.08.19,【成人票】鸣沙山月牙泉票（含沙画瓶）,旅游设施不错，环境很美，跟我十年前去的时候相比，变化还是很大的。,,
锦兮413349,225,5,2021.08.19,成人票鸣沙山月牙泉票（含沙画瓶）,非常美，和视频里一样，希望还有机会去拍飞天,,
一只咸蛋黄不够味,225,5,2021.05.23,鸣沙山月牙泉风景名胜区门票成人票, ,,
EIx856243016,225,3,2021.08.21,成人鸣沙山月牙泉票+21:00场普通席又见敦煌票,不错啦 白天太热 早上或日落去吧 拍照美,,
偶尔刀一发,225,5,2021.06.14,鸣沙山月牙泉门票成人票,很好，月牙泉很漂亮。玩沙子也挺开心。,,
匿名用户,225,1,2021.06.13,成人票鸣沙山月牙泉门票+敦煌特产+特色丝巾,千万别买这个！！！鸣沙山月牙泉门票只要110元！商家电话永远打不通！所谓的特产和丝巾还得自己去市区领，找客服联系提供的商家地址去到那根本找不到，问周围的商铺都不知道，百度地图上都找不到在哪！而且商家拒不退多收的门票差价。美团还比较良心给补贴了差价。强烈建议下架这个产品，比在景区现场买门票还贵。,,
iVc347738623,225,5,2021.08.11,鸣沙山月牙泉门票儿童票/学生票,鸣沙山月牙泉，丝路之旅最难忘的地方。实在太美了！,,
小游游！,225,5,2021.06.11,【成人票】鸣沙山月牙泉门票+敦煌特产+特色丝巾,时隔三年再次来到鸣沙山月牙泉，依旧非常美。,,
小游游！,225,5,2021.06.11,【成人票】鸣沙山月牙泉门票+敦煌特产+特色丝巾,鸣沙山月牙泉太美了，沙漠明珠,,
ufD947337662,225,1,2021.06.22,（成人）鸣沙山月牙泉票+21:00场普通席又见敦煌票+成人莫高窟正常参观票,对于近视500℃的人来说，看电影时发现自己忘带眼镜了，问工作人员说，先回车上把眼镜带上，再参观莫高窟，结果工作人员说不用，随大巴到了莫高窟，结果没眼镜不让借助手机拍照功能看，而且因为是网上订票的散客，根本不知道随谁走，一片茫然。,,
wangjianruyqyx,225,5,2021.07.28,鸣沙山月牙泉门票成人票,一边是水，一边是沙，景色很奇异，骑着骆驼走一圈，颇有些大漠黄沙任我行的感觉。,,
懒散仙森,225,5,2021.08.08,鸣沙山月牙泉门票成人票,很漂亮，值得！,,
XMV719206488,225,5,2021.07.18,鸣沙山月牙泉门票成人票,和朋友四个人一次一次一起从沙丘上冲下，一头栽到沙子里真开心，换手机了没有照片，真的度过了一个非常开心的下午。,,
VOI907752767,225,4,2021.08.04,鸣沙山月牙泉风景名胜区门票老人票（60-60岁）,很好玩，蛮不错的，值得去玩一玩,,
hen冰淇淋,225,3,2021.08.05,鸣沙山月牙泉门票成人票, ,,
我们殊途同归可好,225,5,2021.07.31,鸣沙山月牙泉门票学生票+雅丹地质公园门票学生票,真的很不错，落日很美,,
ping91367,225,3,2021.07.27,【成人票】鸣沙山月牙泉门票+敦煌特产+特色丝巾,还不错吧！就是小礼物没取很遗憾！,,
PTV505692022,225,5,2021.08.01,鸣沙山月牙泉门票儿童票/学生票,很漂亮，值得二刷。,,
PTV505692022,225,5,2021.08.01,鸣沙山月牙泉门票成人票,很漂亮。,,
KkE361169020,225,3,2021.07.29,鸣沙山月牙泉门票成人票,注意防晒，防沙子烫脚。注意天气!,,
Leo雷欧wang,225,5,2021.05.05,鸣沙山月牙泉门票成人票,去年十月一去的，今天五一上热门了，说是堵骆驼。我们是黄金周旺季去的，一般情况下是上午去莫高窟，下午去月牙泉，所以人特别多。虽然骆驼排队很多，但是驼队很多，比预想的快，骑行时间在1个小时吧，很值。而且重点就是月牙泉了。,,
Rxi737875947,225,5,2021.06.22,成人票鸣沙山月牙泉票（含沙画瓶）,完美的一次旅行,,
小兔兔兔兔丸子,225,5,2021.04.14,鸣沙山月牙泉门票成人票,当时是国庆热门的时候去的，不过我走的是返向环线，所以算是避开了大部队，但是还是人挺多的，里面不给得无人机，所以大家一定要注意了，不然会被没收的，当时中午去的，在那玩了一整天，拍照，摆造型绝对酷，大西北的感觉,,
LnB947553878,225,5,2021.07.14,鸣沙山月牙泉门票儿童票/学生票, ,,
张小蓉啊,225,5,2021.07.16,鸣沙山月牙泉门票成人票,挺好,,
hanjiagefay,225,5,2021.07.12,鸣沙山月牙泉门票成人票,日出很美,,
ABF646748187,225,5,2021.07.12,鸣沙山月牙泉门票成人票, ,,
义…x,225,4,2021.06.21,鸣沙山月牙泉门票成人票,骑骆驼看日出，晚上华沙很值得去的，一个地方看月牙泉，要到山顶去看才看得到全景，有机会还会再去。,,
pQn491122971,225,3,2021.07.04,鸣沙山月牙泉门票成人票,还可以吧，不错，很漂亮，哈哈哈哈,,
匿名用户,225,5,2021.06.24,鸣沙山月牙泉-成人票,请至少当天的18点30分前购买,挺好的，值得一去。人挺多的。还可以出去。不错，进来的时候就不用买票了，循环利用。,
atz697054186,225,5,2021.04.06,鸣沙山月牙泉门票成人票,就在天的那边很远很远有美丽的月牙泉它是天的镜子沙漠的眼星星沐浴的乐园看那  看那月牙~泉顺带一提，门票三天内可以反复进出，需要在入口处的机器激活一下。,,
FLu898127352,225,2,2021.06.17,成人票鸣沙山月牙泉票（含沙画瓶）,景色一般，坑子很多。1）门票现场买比在美团上买要便宜将近20元。2）里面所谓的歌舞表演有圈钱的嫌疑。,,
匿名用户,225,5,2021.07.03,鸣沙山月牙泉国家级风景名胜区成人门票+手机语音讲解,好,,
义…x,225,4,2021.06.21,鸣沙山月牙泉门票儿童票/学生票,真的很值得去的地方，骑骆驼真的可以，小孩子很喜欢，早上要早一点去看日出，别太晚。,,
有种人生叫做淡定,225,5,2021.06.26,鸣沙山月牙泉风景名胜区门票成人票,好，很好，非常好，必须好评，666双击，操作起来吧,,
lijianhao88,225,5,2021.06.28,莫高窟应急票+鸣沙山月牙泉票+《敦煌盛典》A区票（成人票）,演出值得一看,,
匿名用户,225,1,2021.06.14,【成人票】鸣沙山月牙泉门票+敦煌特产+特色丝巾,直接去景区买和在官方买票都是110，这个礼品还要去市区景区，没必要,,
mRw773953721,225,2,2021.05.08,成人鸣沙山月牙泉票+20:00场普通席又见敦煌票+莫高窟正常参观票,套票价格没有什么优势，最主要是美团没有提前订，鸣沙山和又见敦煌都是等到进门了刷身份证才发现没有订票信息，然后打人工服务又是各种按数字，每次前前后后差不多二十分钟才进去。建议还是联系当地旅行社订票,,
匿名用户,225,1,2021.06.18,成人票鸣沙山月牙泉票（含沙画瓶）,入园一看沙画瓶还得单独去市区取？？？什么操作这是。差评这个产品,,
好好好不错哦,225,5,2021.06.21,鸣沙山月牙泉门票成人票,妹纸很美，沙子很烫脚，回忆很难忘,,
匿名用户,225,3,2021.06.21,【成人票】鸣沙山月牙泉门票+敦煌特产+特色丝巾,没有送特产也没有送丝巾，既然没有，为什么买票时说有？,,
leiruina258,225,2,2021.06.16,成人票鸣沙山月牙泉票（含沙画瓶）,总体还行吧，但是个人觉得门票着实贵了点！,,
gdb125970929,225,5,2021.06.22,鸣沙山月牙泉门票+21:00场次《又见敦煌》普通席门票成人票+莫高窟正常票,很好！,,
Lixiaomin878588,225,1,2021.06.17,【成人票】鸣沙山月牙泉票（含沙画瓶）,美团坑人.景区110元.美团买135.下次再也不来了,,
~SAME,225,1,2021.06.15,【成人票】鸣沙山月牙泉票（含沙画瓶）,没有见到沙画瓶，骑的骆驼还把我摔下来了,,
pPD191441763,225,4,2021.06.19,成人莫高窟应急票+鸣沙山月牙泉+《敦煌盛典》C区票,剧制宏大，场景震撼,,
qVS473690769,225,3,2021.06.04,鸣沙山月牙泉门票成人票,太热了. 建议天凉的时候去，热的走不动路。月牙泉的亭子那边雪糕一根四元。亭子下面就凉快多了。,,
dNV587175594,225,5,2021.05.21,鸣沙山月牙泉门票成人票,环境很好、月牙泉电视里看过后就一直念念不忘. 身临其境后果然比电视里更让人向往，孩子玩的很嗨皮，票价也合适，有机会和时间的一定要带孩子去看看！,,
TheShine30,225,5,2021.06.18,成人票鸣沙山月牙泉票（含沙画瓶）,还会在来的   天气很好  风很温柔,,
AzA717729652,225,5,2021.06.16,鸣沙山月牙泉国家级风景名胜区成人门票+手机语音讲解,跟家人一起旅行，美到窒息，孩子玩的很开心，,,
qrC944378282,225,2,2021.06.12,鸣沙山月牙泉门票成人票,有无人机拍起来好看，进好多沙子难受,,
lKR459184734,225,1,2021.05.27,成人票鸣沙山月牙泉票（含沙画瓶）,骗人的，什么狗屁沙画瓶。联系别买，因为你要到很远的市区去拿这个沙画瓶，直接到景点买票入园就好还便宜。,,
匿名用户,225,1,2021.06.05,【成人票】鸣沙山月牙泉门票+敦煌特产+特色丝巾,门票才110，结果你们收132，附赠的礼品还要自己上门去取，真是不地道。,,
金牛座小女人109,225,5,2021.04.28,鸣沙山月牙泉门票成人票,我的旅游宗旨是:用最烂的相机，拍最美的风景……各位要是有机会一定要骑一次骆驼，还有，千万不要穿着红裙子在骆驼面前跑！（没故事，散了吧）,,
我很怕死,225,3,2021.06.10,鸣沙山月牙泉风景名胜区门票成人票,还不错吧，旅途中到过的，泉水的水不是那么多了,,
VGX408215603,225,1,2021.06.13,成人票鸣沙山月牙泉票（含沙画瓶）,答应送沙花瓶，怎么没送，骗人的.。,,
rto326292616,225,5,2021.03.08,鸣沙山月牙泉门票成人票,蓝天白云，风景优美，兑换也很方便，就是走沙路有些难走，比较晒，要注意防晒和晒伤了。整体来说还是不错值得打卡的地方。沙漠中间有一汪泉水就是这个景区的特色之处吧。,,
mui767585135,225,3,2021.06.09,鸣沙山月牙泉+玉门关+雅丹地质公园门票成人票,好看，好玩，就是累，不过整体的体验还不错,,
MeC557123567,225,4,2021.03.25,鸣沙山月牙泉门票儿童票/学生票,我当时是8月份去打，还挺热的，建议8月份去的话 可以穿防晒衣 ，我记得当时去的时候，这个骆驼是要收现金的，所以说去的时候可以准备点儿现金，应该是一人100元吧 个人建议骑骆驼呢比较累，如果说怕累的就不要骑了,,
IEa899855968,225,2,2021.05.31,鸣沙山月牙泉门票成人票,商业太严重不知道可以持续多久等待无止境,,
井盖人,225,5,2021.05.31,鸣沙山月牙泉门票成人票,爬上山很累，但风景真的不错,,
匿名用户,225,4,2021.05.29,鸣沙山月牙泉风景名胜区门票成人票,怀念去大西北的日子。记得滑沙只爬了一半，但是还是看到了月牙泉,,
huangli1231,225,1,2021.05.06,【成人票】鸣沙山月牙泉门票+沙漠露营,说是露营，结果就给一个睡袋，坑的要死，完全不能住人，搭的帐篷都不给住的。完全是骗子，我直接没住，商家也不给退钱。只消费了晚餐，应该只付晚餐的费用,,
匿名用户,225,2,2021.05.24,莫高窟正常票+鸣沙山月牙泉门票+20:00场次《又见敦煌》普通席门票成人票,赶上恶劣天气，月牙泉闭馆，客服处理慢，来回协调好多次,,
巽子,225,4,2021.05.31,鸣沙山月牙泉门票成人票,来过两次了，很美！！,,
小兔子不知道,225,3,2021.02.28,鸣沙山月牙泉门票成人票, ,,
AwU170374817,225,5,2021.05.25,鸣沙山月牙泉门票成人票,这个景点一定要去，独一无二，奇观,,
bnQ31890051,225,2,2021.05.21,鸣沙山月牙泉门票成人票,风景区无什么意思。还应该增加些项目,,
咦～呀呀呀呀呀！,225,5,2021.02.18,鸣沙山月牙泉门票成人票,1. 敦煌莫高窟、鸣沙山月牙泉景区没有很远，可以住在当地好好游玩。2. 景区景色非常优美，很多电影电视剧都在这里取过景，沙漠非常壮观，月牙泉犹如镶嵌在蓝天和黄沙之间的一颗明珠。3. 建议徒步爬沙漠，非常有意义。还可以体验下骆驼和沙地越野摩托，特别刺激！,,
繁华皆尽成空,225,3,2020.12.01,鸣沙山月牙泉门票成人票,由于没去过沙漠，没骑过骆驼，特意从山东过来玩。交通 :  做的飞机（机票便宜）直接到敦煌机场，下机坐上去市区的大巴车（票价20）到终点站下车（是一个大酒店）然后坐3路公交车就到月牙泉了（公交车乘车码不好用，得刷微信或者支付宝付款码）              到达景区，直接刷身份证进去，景区不大，不需要买观光车票。（就10来分钟的路程就到月牙泉了）。推荐做一次骆驼（100一位。体验一下很过瘾，骑过的请忽略）牵骆驼的半路会给客人拍照。20一位。看个人喜好吧，不拍也没啥，不会有脸色的。其他娱乐项目就不推荐了。滑沙没意思（25一次）。自己带块板子。可以无限免费划。滑翔机，直升机更不推荐了，除非你没做过飞机(太贵了，飞行距离很短)。越野车可以体验一下(最好自己开)。早晚温差大，中午穿衬衫，早晚穿薄羽绒服。我是中午十二点去的，进去直接骑骆驼走一圈，然后步行到月牙泉逛了一圈，顺便爬了一下沙丘。这个景区一天时间错错有余。我第二天早上又来了，这次是专门爬沙丘的，一上午爬了好几座。下来的时候累的脚都抽筋了。总结一下这个景区，如果你来不玩项目的话。就爬爬沙丘，看看日落。单纯来看景，真的没必要。,,
inP963543186,225,2,2021.05.14,鸣沙山月牙泉门票成人票,人多，还行，没有啥玩的项目，但是拍照还可以。,,
Vhe498850061,225,3,2021.05.05,鸣沙山成人票+沙漠露营门票,还不错，很美，就是理解错了，以为是在月牙泉里露营，其实是在7公里外的露营基地露营。晚上节目很丰富，还不错。,,
NSZ595150925,225,3,2021.05.09,成人莫高窟应急票+鸣沙山月牙泉票+沙漠露营,【交通】「月牙阁」「乘骑骆驼」「月牙泉」「滑沙」「鸣沙山」好玩，但是有点贵了,,
TFL20141213,225,4,2021.05.13,鸣沙山月牙泉门票成人票, ,,
DBooker1,225,2,2021.04.22,鸣沙山月牙泉成人票+沙漠露营门票,门票包含鸣沙山月牙泉景区门票和沙漠露营门票。沙漠露营是两三平米左右的小帐篷，商品页面未说明。希望商家注明。,,
刘萝卜头儿,225,3,2021.05.04,鸣沙山月牙泉门票成人票,喜欢！很不错的地方，就是沙山太高，走不了多远就好累，人也很多！,,
nHU185962030,225,4,2021.05.05,鸣沙山月牙泉门票成人票,骑骆驼很有趣，就是要多穿裤子，不然比较阁，屁股疼。哈哈，值得一去。,,
匿名用户,225,5,2021.05.05,鸣沙山月牙泉门票成人票,真的想重游的地方  就是温差太大啦 做好防晒,,
Anglians,225,3,2021.05.01,莫高窟应急票+鸣沙山月牙泉票+《敦煌盛典》B区票（成人票）,还行挺壮观的，去一次就体验一下现场的感觉吧,,
_qq5c31336630843,225,3,2021.04.30,鸣沙山月牙泉门票成人票,风景非常好，来了敦煌一定要去，不去就等于没来敦煌,,
谨言慎行9980,225,5,2021.04.19,鸣沙山月牙泉门票老人票,服务态度很好，住宿的地方老板非常热情，景区环境很好，出行旅游首选之地,,
澈rr,225,5,2021.04.27,鸣沙山月牙泉门票成人票,第一次去沙漠神奇，沙子软软的。。,,
Iab827379520,225,4,2021.04.17,鸣沙山月牙泉风景名胜区旺季门票成人票,入园前均可购买,环境不错，值得推荐一下，我带朋友去的，玩的挺高兴，还做了山地摩托，骑了骆驼,
林小默儿,225,4,2021.04.23,鸣沙山月牙泉门票成人票,拍照美，除了沙，没有啥好玩的，风景开阔。,,
意大利3A,225,3,2021.04.06,成人鸣沙山月牙泉票+20:00场普通席又见敦煌票,不想写字，非要叫我写字，真麻烦,,
BWW410849125,225,4,2021.04.21,鸣沙山月牙泉风景名胜区门票老人票（60-60岁）,名胜景区，景茂独特，值得一看，,,
秋水伊人52009,225,3,2021.04.17,鸣沙山月牙泉门票成人票,除了人多一点，其它还是不错的。,,
SUr125901584,225,5,2021.04.18,鸣沙山月牙泉风景名胜区门票成人票, ,,
钻石糖0704,225,5,2020.12.27,鸣沙山月牙泉门票成人票,很美的沙漠   去的时候人很多   还可以坐直升机看沙漠   排队骑骆驼的人也很多   所以我选择步行进去   通过一片平坦的沙漠   然后沿着一条小路就到了月牙泉边上   对面有几条梯子   沿着梯子爬上去就是鸣沙山了  风吹的沙粒砰砰响   上面可以看到美丽日落   晚上看有灯光的月牙泉也超级美   去的时候还是做好防沙工作！不错  有机会还会再去！,,
liangtinghn,225,5,2021.04.07,鸣沙山月牙泉门票成人票,去西北当然会去这个地方了，一定要走上沙漠上面看一看全景，在出钱玩一玩滑沙,,
dannyqweasdzxc,225,5,2021.04.17,鸣沙山月牙泉风景名胜区门票成人票,可玩项目较多,,
镜头感觉,225,4,2021.04.14,莫高窟正常参观票+鸣沙山月牙泉票门票+19:00场又见敦煌普通席门票成人票,还行吧，挺热的哈哈哈哈哈哈哈哈,,
NXQ417579840,225,3,2021.03.21,鸣沙山营地门票+沙漠露营成人票,吃的就那样，玩的也没啥，主持人挺拼的，篝火晚会没啥意思，但是类似“铁树银花”那个表演很惊艳，全场最赞。星星很漂亮，气氛很好,,
匿名用户,225,5,2021.04.01,鸣沙山月牙泉门票成人票, ,,
RYy205401876,225,5,2021.02.23,成人莫高窟应急票+鸣沙山月牙泉票+沙漠露营, ,,
LMM187708655,225,4,2021.04.06,鸣沙山月牙泉门票成人票,设施不错，环境优美，有图有真相。以后还会再来的！,,
yaodaidongli,225,4,2020.11.21,鸣沙山月牙泉门票成人票,不骑骆驼只看日落的话可以晚点进去。月牙泉外面一大片的芦苇荡起到了保湿的作用，维持月牙泉的水位有点帮助。先去到月牙泉另一侧看完风景就要抓紧时间上山了，因为看日落的人还是很多的。爬山的辅助梯子经常塞车，爬到半山腰这里也能看日落，要想去最高峰要么坐冲锋车，要么自己爬上去。冲锋车是真的很贵，爬上去又很累，看到有3个人沿着山脊冲刺，据说没有梯子辅助，太刺激了。看完日落就开始变冷了，要看星空的话，可以换一个地方，景区外面有一片帐篷露营区可以看。,,
匿名用户,225,3,2021.04.03,鸣沙山月牙泉门票儿童票/学生票,和朋友一起去的，挺好玩的，但还是有许多自费项目,,
Yld360891490,225,4,2021.04.01,鸣沙山月牙泉门票成人票,设施齐全服务到位，推荐去敦煌一定要去月牙泉,,
杨小咩521,225,3,2020.11.18,鸣沙山月牙泉门票成人票, ,,
澈rr,225,5,2021.01.04,鸣沙山月牙泉门票成人票,沙子细细软软，景区外面有人卖的板子在里面划不动，拿来拿去不方便，手上拿东西很重很累，里面太阳还是挺大的。水要带够，里面卖的有点贵。可以自己选择要不要坐骆驼，穿好鞋子，日落很快就结束了，能看到的话多看一会,,
波波波波波宅男,225,4,2021.03.31,鸣沙山月牙泉门票成人票,必来的地方，非常棒,,
CQj271817919,225,5,2020.12.11,鸣沙山月牙泉门票成人票,和朋友五一四天时间过去玩的，一路上都很期待这个美如画的地方。果然到了不会让人失望，门票很亲民，而且当时去的时候游客也不是特别多，所以体验感很好，在这样的地方去玩，就感慨，中国的大好河山如此多娇，有机会一定再去一次大西北环线。,,
ybs637222874,225,4,2021.03.21,鸣沙山月牙泉门票成人票,从田震的歌感受月牙泉的美，这次亲眼看到确实很美！,,
匿名用户,225,5,2021.02.09,鸣沙山月牙泉门票成人票,值得一去，门票第二天仍可进入，如果未尽兴并且时间允许可以二次游玩，滑沙项目可以体验，有专业人员指导，保障安全，但千万不要买门口阿姨卖的塑料滑沙板，根本滑不起来，完全用不上，避免踩雷～,,
Xnz997978192,225,4,2020.11.07,鸣沙山月牙泉门票成人票,特别的，独有的地方！独有的，自己的体验。可以看攻略，不停地梦游。但没有风，没有沙子，没有阳光和月色，甚至没有骆驼长长的队伍留下的味道。这样特别的景点是需要亲身体验的。敦煌作为旅游城市，管理相当好。出租车 饭店 旅馆 没有负面新闻，街面 商店 小贩都有规矩。月牙泉景区我们进出两次，门口检票都非常方便。（稍稍避开旅游团队）还有莫高窟一定要去，提前两周官网订票。,,
卅345,225,3,2021.03.20,鸣沙山月牙泉门票成人票,还不错，外面的葡萄多买了几串来吃,,
摩羯座HYL,225,3,2021.03.18,鸣沙山月牙泉门票成人票,还不错的，值得推荐，大家可以去试一试,,
摩羯座HYL,225,2,2021.03.18,鸣沙山月牙泉风景名胜区语音导览票（不含门票）,感觉买了也没啥用，哈哈哈哈哈哈哈，,,
文爷是小仙女,225,5,2021.01.08,鸣沙山月牙泉门票成人票,去了两次月牙泉，两次都是不同的感受和不同的心境，得到的收获也不一样,,
matingjunab,225,4,2021.03.07,鸣沙山月牙泉门票成人票,环境不错，符合著名景区的级别，有机会下次再来。,,
Jacicamomo,225,4,2020.10.09,鸣沙山月牙泉门票成人票, ,,
匿名用户,225,1,2021.03.06,鸣沙山月牙泉门票成人票,设施不全，环境不好，服务差，还等了几个小时。,,
lisaji4748,225,4,2021.03.05,鸣沙山月牙泉门票成人票,太喜欢了，除了娱乐项目贵，没毛病,,
WL8506,225,4,2021.03.03,鸣沙山月牙泉门票成人票,设施很好，环境也很好，推荐大家去看看,,
fKh182667810,225,2,2021.02.25,鸣沙山月牙泉风景名胜区门票成人票,都商业化了，就好像一个大玩具厂一样，谈不上多好，起码去过吧,,
Ptz349486480,225,5,2021.02.27,鸣沙山月牙泉门票成人票,这是一个有灵魂的地方，一生的向往，我到了我到了我到了我到了,,
RXa532642936,225,2,2021.02.18,鸣沙山月牙泉门票成人票,建议景区安排空中俯视月牙泉！正常视线根本看不出啥！太坑了！尤其是拍照，啥也拍不到！,,
OBI936455626,225,5,2020.11.16,成人鸣沙山月牙泉票+20:00场普通席又见敦煌票+莫高窟正常参观票, ,,
水彩笔小辛,225,5,2020.10.16,鸣沙山月牙泉门票成人票,这个价格不算便宜，但是一张票可以玩三天，我们在里面看了日落（半山腰看的），看了日出，看个各种颜色的月牙泉，孩子玩了一下午沙子，骑骆驼100一大圈40-50分钟，滑沙20一次，价格还算是不错呀。没有穿鞋套，穿的板鞋爬沙坡，进的袜子里都是沙子，好在沙子很细不会觉得硌脚扎脚，自认为不用穿鞋套，穿个高腰的靴子就行。爬上山顶看日出日落的地方距离爬梯还有一大截，踩着爬梯上山还不算累，没有爬梯爬的那一段才真累，爬一步滑下来大半步，好在后来发现沿着山脊走会比较省力。,,
时间自在,225,4,2021.02.20,鸣沙山月牙泉门票成人票,喜欢坐在沙丘上看日出和夕阳，就是人太多了,,
CnM879845620,225,5,2021.02.23,鸣沙山月牙泉门票成人票,很好玩，第一次看见这么多骆驼,,
匿名用户,225,5,2021.02.17,鸣沙山月牙泉风景名胜区门票成人票,鸣沙山月牙泉 网上买票很划算。景色漂亮，值得再去,,
sxh2wl,225,3,2021.02.16,鸣沙山月牙泉门票成人票,圈起一块沙丘和月牙泉收费门票太贵性价比不高,,
凌307535167,225,4,2020.10.15,鸣沙山月牙泉门票成人票,很值得去一次，我8月中旬去的，晚上7点到的景区，天还是很亮，太阳真的是非常大很穑在景区买了一顶帽子挡太阳，9点钟天渐渐黑了，晚7点到8点半玩鸣沙山，8点半后看夜幕中的月牙泉，好美，体验一下大西北的自然风光是不错的选择，出来后喝一杯当地特色饮品杏皮水好爽。然后去沙洲夜市逛一逛，排了一个多小时的队吃了有名沙葱牛肉饼。去的几天每天都去沙洲夜市吃小吃，还去当地有名的党河逛逛，前提是不要跟团去，跟团去只能玩鸣沙山和月牙泉，当地的人文是要慢慢的去体味的。,,
ZZh639727410,225,4,2021.02.21,鸣沙山月牙泉门票成人票,没有想象的漂亮，只能说是到此一游，我来过。,,
HH啊啊啊,225,5,2020.12.04,鸣沙山月牙泉门票成人票,国庆期间去的，好玩，人好多啊，好多骆驼，鸣沙山的沙很细，爬了好久好久才到鸣沙山顶，爬一步被沙滑退半步，但是没有体验过，很好玩，月牙泉真的很神奇，是一个月亮弯弯的形状，很神奇，沙漠中的一汪泉水，里面很大很大。不错的回忆,,
i肉球,225,3,2021.02.11,鸣沙山月牙泉门票成人票,去的晚了，没有看到日落有点遗憾，景区不大，景点也没啥，夜景很棒,,
匿名用户,225,5,2020.09.26,鸣沙山月牙泉门票成人票,满星推荐。西安―西宁―敦煌，这是三站中体验最好的城市，整个城市干净卫生，地方小，到各景点打车才5元起步也不远。门票三天内都有效，可以玩过瘾。不仅在于景点景色优美，更在于当地人热情好客，尤其在于景区管理规范，每个必要地方都有配备工作人员。下次还会再来的，非常值得再去。骑骆驼、滑沙、山地摩托车、观光车都体验了，特别爽啊。天气也给力，爬上山再光脚走下去真爽，如同踩着棉花一样，推荐这个玩法。虽然爬上去很累，但上面的风景和走下去的感觉值得拥有。,,
笔帽跑啥啊,225,4,2021.02.14,鸣沙山月牙泉门票成人票,一个人去玩，还认识了一个小美女，我们互相拍照，玩起来，很高兴。,,
花和尚花和尚落,225,5,2020.11.07,鸣沙山月牙泉门票成人票,我们一行五人，去了直接去排的骆驼，期待已久，大家骑骆驼一定要穿裤子或者裤袜，骆驼有点脏，但是挺可爱的，照片很出彩。领骆驼的人收小费拍照，一人20可以搞价，当时不知道。另外如果想要景区的照片一定要早点去出口取，我们想去选的时候出来太迟，已经被扔了。,,
向华唐,225,3,2020.10.24,鸣沙山月牙泉门票成人票,爬鸣沙山顶很累，全身是沙子，在景区外买鞋套5块，滑沙的话20块，可以自己带个气泡膜趴上面滑(自己的想法而已，呵呵)，骑骆驼，沙滩车价格很贵，没体验过沙漠的人可以来玩一下，月牙泉近看不如远观，就普通一个水塘。,,
tQV281324035,225,4,2021.02.18,鸣沙山月牙泉景区门票+沙漠露营成人票,老板人很好,,
GsU116539436,225,4,2021.02.04,鸣沙山月牙泉门票成人票,很好，第三次来了，每次都和不同的家人一起来玩，感觉每次也就不一样，独特的风景，值得来哦！,,
matingjunab,225,4,2021.02.15,鸣沙山月牙泉门票儿童票/学生票,很好的地方，很推荐,,
原来是菲菲吖,225,4,2021.01.03,鸣沙山月牙泉门票成人票, ,,
SIG342732185,225,3,2021.01.19,鸣沙山月牙泉门票成人票,沙漠里的一片绿洲，只不过体会不到古人的那种心境了，落日的景色不错,,
敖迎春,225,4,2021.02.04,鸣沙山月牙泉门票成人票,环境好，富有特色，有腰椎的来骑骆驼，感觉可以治好「乘骑骆驼」「滑沙」,,
尕洋气！,225,1,2021.02.04,鸣沙山月牙泉景区门票+沙漠露营成人票,第一项目里写到的大部分没有，只有摩托有意思在啥也没有，这个价格真划不来,,
豆草,225,5,2020.10.13,鸣沙山月牙泉门票成人票,鸣沙山月牙泉是除魔高窟以外，敦煌的第二大景点，很多年前在杂志上看到过月牙泉的美照，被他奇特的自然景观和美艳的照片所吸引，鸣沙山月牙泉不仅风景优美，而且沙山特别好玩，废了九牛二虎之力，爬上去几分钟就可以冲跑下来，砂山特别好玩，可以翻滚，可以跳跃，可以跑，完全不用担心，身体会收到伤害。,,
花芊不语,225,5,2020.10.10,鸣沙山月牙泉门票成人票, ,,
ejI558114987,225,3,2021.02.05,鸣沙山月牙泉门票老人票,服务态度很好，设施齐全，就是人太多,,
XX113114,225,5,2020.12.24,鸣沙山月牙泉门票成人票,好玩,,
pityfog,225,3,2021.02.04,莫高窟应急票+鸣沙山月牙泉票+西晋墓壁画票（成人票）,请至少提前1天的20点前购买,排队时间太长。千万不要假期去啊啊啊啊啊,
凶骨,225,5,2020.10.05,鸣沙山月牙泉门票成人票,去了挺好玩的，爬砂山爬到顶才能看到月牙泉全景，挺值得去的，骑骆驼一人100元，骆驼特别多所以不用排太长时间队，基本10分钟就可以骑上可爱的小骆驼。里面的杏皮茶，梨茶价格也正常，景区厕所也比较干净，一张票可以来回进去3次，躺倒沙子上别有一番风味。记得涂防晒哦。,,
ejI558114987,225,3,2021.02.05,鸣沙山月牙泉门票老人票,服务态度很好，环境也不错，点赞,,
Ting121yu,225,5,2021.02.03,鸣沙山月牙泉门票成人票,再也不想去沙漠了，爬死人,,
匿名用户,225,3,2020.10.28,鸣沙山月牙泉门票成人票,吃的偏贵，天气很重要。骑骆驼100元/人，排队排了很久，而且很可能和朋友排散，所以我全程都是一个人……骑了一会儿，牵骆驼的人会提出给拍照，20元/人。有些骆驼不听话，所以选择还是需要谨慎一点。骆驼方和景区不是一起的，出了问题不怎么好弄哦。月牙泉适合远观。,,
fvc999099443,225,5,2020.10.09,鸣沙山月牙泉门票成人票, ,,
kdu734988487,225,5,2021.01.14,鸣沙山月牙泉门票成人票,等太阳快落山凉快点儿再去，离住的地方很近，溜达过去的，骑骆驼溜一圈下来就去月牙泉了，亮灯很漂亮,,
王佳916,225,3,2021.01.31,鸣沙山月牙泉风景名胜区门票老人票（60-60岁）,我觉得这样的真的很方便哈值得推广,,
噜噜啦吼吼,225,1,2020.09.27,鸣沙山月牙泉门票成人票,青甘大环线里门票最贵的一个景点，而且爬到沙顶累死。本以为骑骆驼会送到山顶，于是就买了骑骆驼，但是并不会，走的路线根本看不到月牙泉，100块一位的价格很不值得，再有，牵骆驼的人途中帮拍照，我以为是出于好心，结果收费20块，果然天下没有免费的午餐！我指着牌子上写的.(严禁途中帮拍照索要小费，举报电话、，，)，那人说你别管那个。那我说，算了不拍了。可见，这都是黑白一道的，都疏通好了关系！来的时候，朋友说，敦煌挺黑的，我还觉得应该不会，现在看来，是真的黑！前些天抖音爆火的，上厕所，车陷沙里，拖车费索要3000事件也真的有力的证明了当地的黑！不想再来第二次！奉劝来的各位，买个门票玩玩拍照得了。展示下青甘环线那边的自然景观且不收费的，比这个好看，壮观多了！,,
叫饭软件,225,5,2021.01.10,鸣沙山月牙泉门票成人票,这一生暂时还没遇见比这地方更美的日落,,
Amy安琪儿鑫,225,3,2020.12.25,鸣沙山月牙泉门票成人票, ,,
匿名用户,225,5,2020.10.28,鸣沙山月牙泉门票成人票,如果去看月牙泉，一定要爬到最高的那个沙漠，上面人很少，但是超级累，要爬一个多小时，不过也可以坐山地摩托上去。我是爬上去的。风景觉得震撼,,
肽使您健康,225,4,2020.12.03,鸣沙山月牙泉门票成人票,很美很好，值得带着最爱的人收获幸福和快乐，也长见识，我们是自驾游的可以说是玩得美，吃的也很好，还有美景伴着。,,
匿名用户,225,4,2021.01.29,鸣沙山月牙泉门票成人票,景色有特点，值得①看。,,
lili20a30,225,4,2020.12.13,鸣沙山月牙泉门票成人票,也不知道算不算便宜，提前订总是好的。骑骆驼好玩，千万不要去周边的所谓什么勇士俱乐部，都是骗钱，在鸣沙山骑骆驼就很好，当然人也多,,
VII｀小东,225,5,2020.12.05,鸣沙山月牙泉门票成人票, ,,
东林石769,225,4,2021.01.29,鸣沙山月牙泉门票儿童票/学生票,很有特色，值得一游。,,
匿名用户,225,4,2020.10.15,鸣沙山月牙泉门票成人票, ,,
Sarlahont,225,4,2020.12.10,鸣沙山月牙泉门票成人票,月牙泉确实值得去，但爬鸣沙山会去掉半条命，不上山看不到月牙泉全貌,,
cfq511214368,225,3,2021.01.18,成人票莫高窟B类票+鸣沙山月牙泉门票+沙漠露营门票, ,,
hCG895160928,225,4,2021.01.22,鸣沙山月牙泉门票成人票,「月牙阁」「乘骑骆驼」「月牙泉」「鸣沙山」「滑沙」,,
MKP480525847,225,3,2020.07.06,鸣沙山月牙泉门票成人票,小孩骑骆驼，爬沙漠山，都不错，唯一的就是买小孩子票太繁琐，等的时间太久，在网上买了票还要去拿身份证换，没有身份证的还要退掉重新现场指定的4号窗口买，青甘环线一路走下来其他都是美团购买凭二维码直接进团唯有这个地方太麻烦，不太好。,,
月夜星辉111,225,4,2021.01.20,鸣沙山月牙泉门票成人票,地方不错，景区环境保护的可以，服务态度很好。,,
大萌神―吾皇,225,5,2021.01.24,鸣沙山月牙泉门票成人票,很好看，很不错,,
江南漂漂,225,4,2020.12.11,鸣沙山月牙泉门票成人票, ,,
RVJ445636321,225,5,2021.01.18,鸣沙山月牙泉门票成人票,很好玩的，人生第一次骑骆驼，只是骆驼太辛苦了,,
变成吃不胖的吃货,225,3,2021.01.18,鸣沙山月牙泉门票成人票,比较坑吧…反正就去一次，以后也不会去了,,
小城青年cn,225,5,2020.10.09,鸣沙山月牙泉门票成人票,月牙泉、鸣沙山真是相得益彰。在茫茫沙漠中有一湾泉水，千百年来都不曾干涸，风景非常非常的优美。看日落，所以说下午4:00才到月牙湖畔，欣赏完月牙泉之后开始爬山。爬到山上为了看日落。直到8:30才下山。沙漠气候，昼夜温差很大白天非常热，太阳落山之后就很冷了。景区交通很方便，公交车直达。,,
Alexwuyu,225,1,2021.01.14,鸣沙山月牙泉门票成人票,不好，就一个沙山。。。和一个月牙形状的湖。。。卖的太贵，不值那个价。。,,
hey宝贝宝贝宝贝,225,5,2020.10.09,鸣沙山月牙泉门票成人票,爬鸣沙山真的好累好累啊，建议大家不用买鞋套，直接拖鞋上，会省力点儿，拿两个水瓶支撑会更方便，提前可以准备一下衣服，多拿点儿水，真的，一定要多拿水，因为爬不了一丢丢，喉咙就干的要命呀！总体很推荐哦，晚上一定要看月牙泉灯亮了之后，超级美丽的呢！,,
高原雪豹252,225,4,2020.12.04,鸣沙山月牙泉门票成人票,「乘骑骆驼」「滑沙」，来敦煌不去月牙泉枉费旅程,,
燕衔泥793,225,4,2020.10.22,鸣沙山月牙泉门票成人票,进入鸣沙山可以骑骑骆驼，领略下当年驼队过境大漠风情，骆驼队还能直接把游客驼到月牙泉。骑骆驼是要单买票的，还有怕鞋子进沙子可以从景区外买好鞋套，或者在景区里面租也可以，体验下来还挺开心的。,,
eCb367563315,225,5,2020.10.14,鸣沙山月牙泉门票成人票,很漂亮的景点，值得去。偷偷带狗进去，他玩的可开心了，也骑了骆驼。本来人家不给骑的，我保证他不会乱叫，惊扰骆驼才勉强给我带着。我的狗狗还好也很听话，全程没有出声。月牙泉太高了，爬不上去，只爬到了半中腰，我的狗变成了傻狗，弄了一身的傻子，整个眼睛都是,,
冷袖江蓠,225,3,2020.08.29,鸣沙山月牙泉门票成人票,首先谈景色。沙漠不错，层叠起伏。但看到月牙泉就会觉得被“照骗”了，虽然的确很神奇在沙漠里能够看到月牙形状的湖泊，但整体景观一般，周围的建筑也是后面新建的，里面有买东西的比较贵。据说沙漠日落很美，但当天也没有看见晚霞就普普通通的日落而已，照在沙漠一片金灿灿倒是不错。其次谈玩乐。骆驼，100元一人，来回一趟一个小时，并没有走多远，也没有想象中的翻山越岭，中途牵骆驼的小哥帮忙拍照20元一人。直升机和滑翔伞，看了一下几个路线相对应的价格，个人觉得并不值，所以心疼钱没有坐。景区内有亭子和夫妻柳可以乘凉歇息，有一片芦苇拍照挺好看。为了看日落，爬了沙山，有木梯放在沙上比较省力，下山特别好玩，两步下去可以滑出三米。最后谈交通和门票。从市政府附近出发，3路车直达，出租车10元，很方便。返程如果错过最后一班公交车也有出租车在守候，所以不必担心回来太晚。门票据说可以用3天，但是我们当时不知道，知道的时候再去又来不及了，晚上是七点半就停止进入景区了。顺便说一下，我们8月23日去的，8点半日落。总之，去之前一定做好攻略，不然有很多你不知道的事情！！,,
宋晓博,225,5,2020.09.21,鸣沙山月牙泉门票成人票,鸣沙山月牙泉，离敦煌市区并不太远，著名的沙漠旅游景点，沙漠形成的大山，配上月牙形状的泉水，实属奇景，九月份上午过去正好。月牙泉正面人很多。推荐到景区后面去拍照，效果非常好，水会很清很蓝，全程3小时左右可以逛完。,,
BHu971690333,225,4,2020.10.12,鸣沙山月牙泉门票成人票,鸣沙山还是挺值得去的，看了月牙泉，爬了沙漠，爬上顶看了日落。一张门票在3天内可以反复进入，还挺好的，里面游玩项目还是挺多的，骑骆驼，滑沙，滑翔机，直升机，越野摩托。国庆人太多了，也没有玩到项目，有机会再去一次。沙漠上昼夜温差很大，注意保暖。要不然很容易感冒。,,
bfd384685897,225,2,2021.01.13,鸣沙山月牙泉国家级风景名胜区成人门票+手机语音讲解,我觉得一般，让我下次去，我就不去,,
匿名用户,225,5,2020.10.10,鸣沙山月牙泉门票成人票,鸣沙山月牙泉实在实在是太有意思了吗，去了第一件事就是去排队骑骆驼，这里的骑骆驼绝对物超所值啊，2000多头骆驼，排队在沙漠里面行走，你绝对想象不到有多壮观宏伟，骆驼很可爱，就是到中间2处，牵骆驼的人会安排你们收费拍照，是自愿的，哈哈哈哈哈，晚上的月牙泉也超级超级美，希望大家爱护资源，让那个月牙泉永存,,
戴贝贝说话要慢点,225,5,2020.10.13,鸣沙山月牙泉风景名胜区门票成人票,月牙泉的水位一直在下降，有预计2016年就会消失，一定要去的景点，不太喜欢爬沙漠，但是这个山脊的位置要爬到的，拍照也是必须的。衣服吧颜色要鲜艳，怎么拍都好看。网上买一个沙套也是必须的，然后最后把照片里面的人p掉,,
简单爱444,225,5,2020.09.06,鸣沙山月牙泉门票成人票,很好！如果有学生证去，那绝对划算。人多了去更好玩儿。一起拍照，一起爬山，一起滑沙！门票是三天内都可以进去。我们第一天到敦煌就去了。天气不好，漫天黄沙，但是第一次，充满了好奇。于是，我们几个朋友用大纱巾裹住头，往漫天黄沙的景区里边冲。沙子无孔不入，再加上风很大，沙子打在腿上很疼。但是这种感觉，第一次经历，依然觉得有趣！我们之前买的冰袖，迫不得已套在腿上，抵抗风沙的用力拍打。    到第二天再去的时候，天气放晴了，才知道，昨天漫天黄沙背后，是一个个高高的沙山！蔚为壮观！风和日丽！月牙泉也变得静谧可爱！我们一起，拍了很多照片，作为毕业旅行的纪念。一起都大学到研究生的日子！一辈子都忘不了！实在找不到图了，先找几张我们在一起的日子吧？,,
半岛铁盒cc,225,4,2020.09.12,鸣沙山月牙泉门票成人票, ,,
住南宫的隐川,225,4,2020.10.11,鸣沙山月牙泉门票成人票,景区总体不大，外面有卖一次性鞋套的，讲讲价5元一双，景区内可以10元租鞋套，但人多的话要排很久的队，进门右手边可以骑骆驼到月牙泉附近，100块钱可以骑很久，觉得很值，沙丘拍照好看，就是爬沙丘太累了，真的超级累！,,
不想上班的小辣鸡,225,2,2020.09.16,鸣沙山月牙泉门票成人票,强调！如果只是想去月牙泉看一看，没必要骑骆驼，从大门进去十分钟就能走到！个人比较恐高，有点后悔骑了骆驼，一路上没有给小费，牵骆驼的小伙子一路走的飞快，大概十五分钟就走完了，全程非常煎熬，好处是中途会有景点的摄影师，给骑骆驼的游客拍照，出门花15块钱就能拿到洗好的照片，做个留念还行。,,
匿名用户,225,4,2020.10.14,鸣沙山月牙泉门票成人票,玩沙子玩得很开心，去的当天日落时分有云遮挡了，没能看到日落。景区内有好多游玩设施，滑沙啊，骑骆驼啊，沙漠越野啊，主要看其他人玩了，挺爽的。月牙泉挺神奇的，光脚走在沙上体验也挺好的，就是爬上去真的累得慌。十一人超级多,,
qindan4643,225,4,2020.11.02,鸣沙山月牙泉门票成人票,我觉得还是挺好玩的。和妈妈约好的一年一次的旅行,,
漫步云端6644,225,5,2020.10.23,鸣沙山月牙泉门票成人票,第一次尝试网上购票，很方便！取票便捷，每个机台跟前都有义务工作者帮忙，很快就可以取到票！景区很美，强烈推荐,,
原来是菲菲吖,225,5,2021.01.06,鸣沙山月牙泉门票老人票,很美,,
原来是菲菲吖,225,5,2021.01.06,鸣沙山月牙泉门票儿童票/学生票,很美,,
匿名用户,225,2,2020.10.04,鸣沙山月牙泉门票成人票,鸣沙山月牙泉的名气很大，之前一直很想来，但来了之后实在不知道这里为啥能收110的门票，进去可以爬个沙堆，看一个小泉，敦煌西线的景点也很坑，玉门关、魔鬼窟之类，收费着实不合理。图二是玉门关，希望大家别像我一样被诗句吸引而来，理智一点，别人的照片好看真不是因为景色美。整个敦煌值得去的就是莫高窟了。,,
农民的儿子1327,225,5,2020.11.16,鸣沙山月牙泉门票成人票,沙漠绿洲 魅力敦煌。,,
iDC935375880,225,3,2020.11.11,鸣沙山月牙泉门票成人票,大漠风情，没来过西北的人都会感叹。就是门口到景区的路有点远，也不太好，其他都可以,,
Kwp658615219,225,5,2020.08.25,鸣沙山月牙泉风景名胜区语音导览票（不含门票）,月牙泉如一片黄沙中的翡翠。感叹大自然的神奇造物。景区功能完善，食物和水的补给特别充足。随便一拍都是景。爬鸣沙山也很有意思，每往前踩一步沙山脚就会陷进去。用不着买沙套，太热，直接光脚最好。记得背背包放防晒装备。滑沙也很好玩，20元一次。坡度比较陡，爬得好累啊！但是爬到山顶一看，又是一片茫茫沙漠，不得不感叹古代商人的大漠精神！不愧是5a景区。还有骑骆驼、滑翔机、直升飞机、沙漠露营没有时间体验，留下遗憾。简直可以玩两天，当然要上午不热。,,
匿名用户,225,3,2020.10.12,鸣沙山月牙泉门票成人票,2020年十月初去内蒙古额济纳胡杨林，胡杨林有三个一千年年 能生长1000年 1000年不死，1000年不朽。胡杨林的生存条件恶劣，有水的地方 胡杨林长得好，没有水的地方是一片干枯，但还是顽强地成长。秋季的胡杨林让人流连忘返，生活中我们也要像胡杨林一样顽强生活……,,
麟|,225,5,2020.10.10,鸣沙山月牙泉门票成人票,美团购票很便宜，还很方便，来了很多次的鸣沙山了，感觉拍照挺好看，团购买票很是划算，就是千万不要过节来，人山人海全是人哪里拍照，都是大合照，里面卖的东西也是挺贵的，所以建议都提前准备好。自拍的千万不要放沙里，进了沙就坏了,,
闲云宵,225,5,2020.10.07,鸣沙山月牙泉门票儿童票/学生票,对象就是甘肃滴，说骆驼100元一次已经十多年没涨过价了，骑行时间也很久，一个小时左右吧，哈哈哈，景色真的是美如画 远处沙丘在阳光映射下和慕斯一样丝滑,,
qGO168067458,225,4,2021.01.02,鸣沙山月牙泉风景名胜区语音导览票（不含门票）,都挺好,,
QKc298236792,225,5,2020.11.18,鸣沙山月牙泉门票成人票,山东人第一次领略到大漠风光，完全被震撼到,,
英子Jennyfer,225,5,2020.10.10,鸣沙山月牙泉门票成人票, ,,
happy19870123,225,5,2020.10.09,鸣沙山月牙泉门票成人票,超级漂亮，这次西北行，鸣沙山是最难忘里，就漂亮的一个点，我们一共同行10个人，对这个点的印象都最深刻了，骑骆驼，看日落晚霞，踩沙子，聊天，拍照，看美景。下次有机会的话一定要带家人再去玩一次，很少有一个景点是我会想去第二次的，这里就是一个！,,
_qqfxc1439568416,225,3,2020.08.30,鸣沙山月牙泉门票成人票,超级热，又干燥，一定要带防晒霜除了防晒衣外。一趟观光车进去后到终点，但不是月牙泉，月牙泉在附近要走一会儿，没有问别人也不清楚没，看到月子泉，以为还有一站，不知道是返程的观光车就坐回原地了，没看到月牙泉，听说也就是一点点的水坑那里，也没什么好玩的，8-9月份去又热，不好玩。想去的，不热的时候去可以。骆驼没骑，听坐的人说那里缺水骆驼很久没洗澡了身上有臭味，而且只去不返回，自己走回来好远又热真会受不了。拍了几张照片坐错车回原地就走了。对了，那个卖鞋套的说沙漠很烫鸡蛋能熟，还好吧也不是很烫，一次性的15一双，主要是怕沙子进去鞋里了就买了。去的可以自己网上买好带上，景点的贵一些。带小孩的话自己带上玩沙的铲子套装，景点很贵。,,
匿名用户,225,4,2020.09.29,鸣沙山月牙泉门票成人票,一张门票可以进取三次吧～～傍晚可以爬到沙山看日出哟，沙子不是那么好爬的，看日落不要太早或太晚，太早晒得不行不行的，太晚还没爬上去太阳就落山了～进去景区可以骑骆驼，十来分钟哦到沙山脚下半山腰处可以滑沙，比较好玩月牙泉没想象中惊艳吧晚上可以躺在沙堆可星星哇，很爽的,,
tgM173480072,225,2,2020.12.30,成人莫高窟应急票+鸣沙山月牙泉票+沙漠露营,还可以没得问题服务业可以美美哒,,
匿名用户,225,4,2020.09.21,鸣沙山月牙泉门票成人票,挺值得去的一个景点，天气好拍照可以出大片的感觉，到景点门口时太阳快落山了，爬到顶时，太阳已经落山了，建议爬坡时规规矩矩跟着大部队走小梯子，自己从边上爬，没有小梯子辅助很累的，切身体会，一定要自带水，沙漠顶没有水卖的，我们为了减轻负重没带水，以为上面有水卖，爬到顶时又累又渴，只能忍着。总体还是可以的。,,
yuyang8362566,225,4,2020.12.29,鸣沙山月牙泉门票成人票,很好玩！下次还来看看！,,
小小山羊皮,225,4,2020.11.06,鸣沙山月牙泉门票成人票,还是可以的，来早不晒人也不多，爬上沙山坐着看风景,,
阿水3333,225,4,2020.12.22,鸣沙山月牙泉门票成人票, ,,
hlqw888,225,5,2020.10.07,鸣沙山月牙泉门票成人票,风景别致，很近很方便，停车费也不贵，一定会去的。建议早上或傍晚七点多再去，太阳很晒，九点半以后才天黑,,
翠米飞蓝,225,4,2020.12.21,鸣沙山月牙泉风景名胜区门票成人票,下午进去可以玩很晚，看日出和日落很漂亮，就是要爬很多，很有乐趣,,
lidai511,225,4,2020.08.16,鸣沙山月牙泉门票成人票,我们一大早就去了，运气很好，常年不下雨的月牙泉竟然下起了小雨，一点也不热，月牙泉很美，太阳出来后拍照特别漂亮，不用一进景区拍照，想拍出月牙泉的全景，最好是爬上鸣沙山，妥妥滴大片，花了100元骑骆驼，感觉景区服务蛮成熟的，毕竟是全国知名的旅游景点，尤其我朋友换鞋套的时候把手机忘在座位上了，物业的工作人员捡到后马上还给我们，真的是太感谢了，有娃的家庭推荐一定要过来玩玩沙子,,
匿名用户,225,1,2020.10.07,成人莫高窟应急票+鸣沙山月牙泉票+沙漠露营,月牙泉可以，很棒，这个没得说，骆驼一百块骑一个小时，很爽哦，直升机也坐了，坐着直升机可以看到月牙泉，里面有卖饰品的佛店，有师傅在里面，卖的钱会捐给佛像，但是为什么我给差评呢，因为我买的是套票，有星空露营，敦煌烈焰星空户外基地就是个骗子地方，那帐篷太差了，潮湿阴冷就不说了，天气这个样子，主要是票里送的体验都要钱，这也就罢了，这个态度太恶心了，直接嫌弃你，我踏马裂开，主持人还是别的工作人员，都态度恶劣，放烟花，隔壁往天上射，他家地上转个圈,,
简单爱444,225,5,2020.09.06,鸣沙山月牙泉门票成人票,已经评论过了，是我买了两张票吗？总之，敦煌作为西北乃至祖国的一大必游之地，那些瑰丽的壁画，有了鸣沙山的衬托，才更加独特和珍贵，也是因为干燥的天气，才使得壁画这么完美的呈现在我们的面前。作为毕业旅行的最后一站。我和我的伙伴们选择来敦煌，感受沙漠的辽远，敦煌的神秘，西北的故事。很不错！留下几张黄河水的照片吧（太久了，照片比较难找）,,
SuF813803431,225,5,2020.08.07,鸣沙山月牙泉门票成人票, ,,
匿名用户,225,5,2020.08.17,鸣沙山月牙泉门票成人票,由于是7月份，鸣沙山月牙泉太阳落下要到晚上9点以后，建议晚上6点以后晚上出发也有3个多小时可以游玩，时间非常充足，到景区门口，门口有卖鞋套的，门口10元，景区租要15元，建议在门口就买鞋套，走进景区就是个很大的广场，鸣沙山就在眼前，是鸣沙堆积成山，对于南方的我来说，太惊讶万分，风好大，全是沙，我没什么遮脸的，只能顶着风沙；建议做好防沙准备，进去以后，最直观感受就是好多人在骑骆驼，100元一个人，有乐趣，路途很远，性价比高，月牙泉要翻过黄沙堆，旁边有游览车，20元来回，也可以沿着游览车的车道走过去的，不远，最多几百米，买鞋套的朋友建议直接在沙堆上走过去，最多200米，到了月牙泉旁边，值得一看，四处全是沙山，就中间有个月牙一样的湖泊，不大，水很清澈，风好大，水面有水浪，和海面一样，阵阵波浪，估计是地下水形成，月牙泉一边就是沙鸣山，爬山是一大乐趣，比较耗体力，沙山上有木梯，可以沿着木梯爬山，建议下午6点以后爬山，沙不会很烫，鸣沙山月牙泉主要就是看月牙泉，骑骆驼，爬沙山，其他几个项目可以根据自己的爱好，没见过沙漠骑过骆驼朋友，建议游玩，出门在外做好防护措施哦,,
AaJ539241729,225,5,2020.10.24,鸣沙山月牙泉门票成人票, ,,
lzG950929727,225,4,2020.10.11,鸣沙山月牙泉门票成人票, ,,
南方姑娘9260,225,2,2020.10.21,鸣沙山月牙泉门票成人票,不满意，尤其是骑骆驼时有个签骆驼的人歪的pi爆，不允许你自己拍照，必须他给你拍照20元，还多大声说话让我下去，你是干服务行业的，坐大官的也没你那么洋气，本是想举报他的，算了，像我们外地人出门在外能忍就忍吧！黑色鸭舌帽，字母带斜挎胸包，蓝色围脖，一个黑墨镜，袜子鞋，老子做梦都能梦见你，太j2歪了！,,
jCS562836851,225,2,2020.08.09,成人莫高窟应急票+鸣沙山月牙泉票+沙漠露营, ,,
爱其一辈子,225,2,2020.12.21,鸣沙山月牙泉门票成人票,景区内收费太贵！！！！！！！！！！！！！,,
神马zy,225,5,2020.09.12,鸣沙山月牙泉门票成人票, ,,
fOq635624131,225,3,2020.12.16,鸣沙山月牙泉门票成人票,设施还不错，环境挺好的，适合散心,,
Rachel_1124,225,4,2020.08.15,鸣沙山月牙泉门票成人票,期待已久的沙漠之旅，下午六点排队进去景区，光是骆驼那里就排了很长时间，骑骆驼全程四十多分钟，途中可以给你拍照，收费20元。骑骆驼后太阳马上要下山，爬上山很费体力必须爬一会歇一会，很遗憾最终没赶上日落，随便拍了几张图就下山了，景区游玩项目很多，滑翔机，直升机，骑骆驼等等。,,
Ytp975128359,225,3,2020.10.01,鸣沙山月牙泉门票成人票,沙子很细，必须穿鞋套。不爱玩沙子和骑骆驼的话，就没太大得意思。月牙泉晚上灯光很漂亮，白天就是打卡。,,
匿名用户,225,3,2020.12.12,鸣沙山月牙泉门票成人票,还是一次很值得去的地方，体验不一样的异域风情,,
柠檬味的凉,225,4,2020.11.28,鸣沙山月牙泉门票成人票, ,,
翼飞旋,225,5,2020.12.02,鸣沙山月牙泉门票成人票, ,,
赛德丶黑怖溜湫,225,5,2020.12.17,鸣沙山月牙泉门票成人票,跟进去,,
布奇ko,225,4,2020.10.24,鸣沙山月牙泉门票成人票,值得一去啊，最好是早上去可以看日出，或者下午去夜景也不错的,,
指尖桃花红,225,5,2020.12.06,鸣沙山月牙泉门票成人票,很不错，早晨很冷，住宿很方便，玩半天就可以了,,
我的饭呢？,225,5,2020.09.28,鸣沙山沙漠露营成人票,从月牙泉过去到的有点晚，沙漠摩托车太刺激了，大家一起吃自助火锅，喝啤酒饮料，还有饭后水果，主持人很敬业，篝火晚会很快乐，蹦迪很嗨，晚上星空很漂亮,,
luan08080923,225,3,2020.10.04,鸣沙山月牙泉门票成人票,一般，不玩项目不值票价。所以。。。大家自己品。。。,,
GRS847070909,225,2,2020.10.08,鸣沙山月牙泉门票成人票,景区不大，门票不低！！！各种项目收费高！对月牙泉有情怀才去的！,,
风云雷电任叱咤,225,5,2020.10.30,鸣沙山月牙泉门票成人票, ,,
Anya海滨,225,4,2020.12.08,鸣沙山月牙泉门票成人票,来到敦煌必须要去月牙泉，非常美,,
vuW130221148,225,5,2020.10.15,鸣沙山月牙泉门票成人票,一进大门很震撼，一片沙海，一比较之前去过的沙漠弱爆了，以为月牙泉在沙漠后身，傻傻的上到一半路程回头看到了月牙泉，夜景强烈推荐,,
odo831125271,225,5,2020.12.09,鸣沙山月牙泉门票成人票,滑沙，骑骆驼，看日落，美好的一天,,
lcy890890,225,3,2020.12.05,鸣沙山月牙泉门票成人票,挺有特点据说是人工注水了。原始的泉水早就干了。,,
、吕布,225,1,2020.10.22,鸣沙山月牙泉门票成人票,景点是好景点，服务态度恶劣，骑骆驼完全就是花钱讨骂！给我一个号，骆驼另一个号，那我问一句号怎么不一样我怕坐错了不行吗？那牵骆驼的哎哟不得了，开始骂人了，说给个大的给你骑你还哔哔呢，要走不走，路上让拍照，你都这态度我还花钱拍照？那不得了，嘴巴就没停过，这种人当工作人员？皇亲国戚吗？,,
匿名用户,225,5,2020.10.24,鸣沙山月牙泉门票成人票,月牙泉就在市中心边上，不远，沙漠景色非常美，沙子细腻，月牙泉就更不用说，敦煌旅游一定要去看看,,
一棵小动物,225,5,2020.10.02,鸣沙山月牙泉门票成人票,有点晒…风景很漂亮，滑沙特别好玩，玩的时候 记得戴口罩眼睛防沙子。越野车很爽，我坐的那个没有安全带……希望景区以后整改。穿裙子拍照简直太美了，可惜我穿的不好看,,
qaF584915626,225,4,2020.10.08,鸣沙山月牙泉门票成人票,国庆期间人很多，风景漂亮，玩的项目多，年龄大了，也不想玩了。,,
Willow714,225,4,2020.08.27,鸣沙山月牙泉门票成人票,非常好玩，景色也很美，骑骆驼100元，相比于其他景区很便宜了，不过天气很热，大家可以晚一点去，我6.30去的，还是早了一点，8点多太阳才落下门票的有效期是2天，可以分2次去看日出日落，打车去市区就10元，非常方便。,,
追梦人T,225,4,2020.10.06,鸣沙山月牙泉门票成人票,买一次票可以玩儿三天，自己感觉还不错吧，滑沙还行，看了日出，消费不高！,,
Zcw863815256,225,5,2020.12.02,鸣沙山月牙泉风景名胜区门票成人票,抽时间要多去感受感受大西北的美，很愉快,,
Nfn163828962,225,4,2020.08.17,鸣沙山月牙泉门票成人票,这次是出差去的心仪已久的月牙泉。第一次见到大沙漠，心情比较激动，拍了不少照片。黄沙堆砌的山加上月牙泉的点缀，有一种纯净的美。游人的装扮和少数民族的姑娘真的很美，让我深刻体会到了异域风情和那种神秘的美。,,
一股屎味啊,225,3,2020.10.06,鸣沙山月牙泉门票成人票,挺好的  就是有点费钱  哈哈哈   出来玩嘛最重要的还是开心,,
wqsaq,225,5,2020.10.16,鸣沙山月牙泉门票成人票,设施完备，管理规范，交通便利，干净卫生,,
翼飞旋,225,4,2020.12.02,鸣沙山月牙泉门票儿童票/学生票,一定要来哦！走过路过千万不要错过！！！老毕了！,,
bing5311,225,5,2020.10.01,鸣沙山月牙泉门票成人票,值得一去的地方，美丽神器，在汉代就是旅游胜地,,
ByU184942252,225,5,2020.11.02,鸣沙山月牙泉门票成人票,对宝宝来说，这就是海拔最高的大沙坑。,,
MeiTuan.比格沃斯,225,5,2020.10.07,鸣沙山月牙泉门票成人票,沙岭晴鸣，鸣沙山；丝路明珠，月牙泉。,,
尚瑶瑶瑶妹,225,3,2020.10.14,鸣沙山月牙泉门票成人票,还行吧，对沙漠没那么太多感觉，爬沙山很累非常累，落日也不好看。,,
yMG474793281,225,4,2020.08.22,鸣沙山月牙泉门票成人票,白天是真的热，沙子格外烫脚，但同样也人少，上山真的是很累，侧面反映出身体素质不咋行，过了天就很凉快了，再等一会星星就能看见，最好带个大纱巾，热的时候能围起来挡阳光，爬到山顶看星星可以铺，晚上下山觉得冷了还能保暖,,
小震震震呀,225,3,2020.10.27,鸣沙山月牙泉门票成人票,骆驼很乖，我骑的那头171号有特别帅的发型！,,
HGY888372522,225,5,2020.08.09,鸣沙山月牙泉门票成人票, ,,
Yun35Su,225,5,2020.10.06,鸣沙山月牙泉门票成人票,一早看日出一晚看日落，很好玩，一直想来这里看看，但是离得太远，住在景区外面也很方便，就是周围消费较贵,,
yuren581572,225,5,2020.10.11,鸣沙山月牙泉门票成人票,对干我，一个南方长大的人，看到从小只有到电影才能看到的另一种美，感受到另一种别一样的风情。推荐，强烈推荐。,,
zd圆圆,225,5,2020.11.01,鸣沙山月牙泉门票成人票, ,,
cloud1990668,225,5,2020.11.27,鸣沙山月牙泉门票成人票,大自然的鬼斧神工沙漠里的月牙泉,,
阳光下的盗心人,225,4,2020.11.22,鸣沙山月牙泉门票成人票,第一次来月牙泉，风景还是很美的，可就是国庆期间确实人太多！,,
POH985763486,225,3,2020.11.29,鸣沙山月牙泉门票成人票,还是挺好玩的  孩子高兴 就是累呀咋,,
匿名用户,225,5,2020.10.20,鸣沙山月牙泉门票成人票,晚上大家都很high，而且晚上会有不同的风景,,
MiuM佳佳,225,5,2020.08.23,鸣沙山月牙泉门票成人票,时间允许的话，早上六点多去看日出，下午七点多看夕阳很好。一张门票可以免费进入三天哦，出园的时候录入刷脸，下次刷脸就可以进入，很方便，很快哦。在美团买了票，那刷身份证就可以进去了，很方便的，随时都可以买票，晚上夜市打车，很便宜，吃羊肉串很正宗，很好吃,,
白白zz66,225,5,2020.08.12,鸣沙山月牙泉门票成人票,110元的门票，3天内不限进出，很是实惠了，骑骆驼100块钱1个多小时，沿着鸣沙山开骑到高处，然后在月牙泉边停下。一长条的骆驼队伍超级长，一直延伸到山头。就是因为司机师傅送我们很晚到那，我们骑完骆驼没时间去爬到鸣沙山去拍到完整的月牙泉,,
yHh822159323,225,5,2020.08.08,鸣沙山月牙泉门票+20:00场普通席又见敦煌票（成人票）, ,,
_qq2m71379426608,225,5,2020.11.25,（成人）鸣沙山月牙泉票+21:00场普通席又见敦煌票+成人莫高窟正常参观票,我们自驾，整体交通很便利，很值得去感受一下,,
懵懵懂懂的我...,225,5,2020.08.17,鸣沙山月牙泉门票成人票, ,,
匿名用户,225,4,2020.10.06,鸣沙山月牙泉门票成人票,挺好玩的，就是去的有点晚，人多的爬山爬了一个小时，没有看成日落,,
无殇之境,225,4,2020.11.26,鸣沙山月牙泉门票成人票,风景秀美，别有一番风情，值得一去,,
匿名用户,225,4,2020.09.17,鸣沙山月牙泉门票成人票,爬到山顶好累，下山好害怕，但是景很美，如果不拍照骑骆驼100块钱就不值了，就是绕着山走了一圈，山顶看日落还是得自己爬！,,
佳Alsa,225,3,2020.11.22,鸣沙山月牙泉门票成人票,很好玩，就是门票稍贵且里面的项目还要另外付钱,,
PjB6227715,225,3,2020.11.25,鸣沙山月牙泉门票成人票,此趟西北去的最不喜欢的景点吧，人多一般,,
暗之未翼,225,5,2020.09.07,鸣沙山月牙泉门票成人票,景点里面租的鞋套15元，如果有凉鞋或者拖鞋就不用了。建议骑一下骆驼。建议晚上6点过来，然后看日落，很美,,
ROB612012487,225,4,2020.10.20,鸣沙山月牙泉门票成人票,景区管理及硬件设施齐全，环境保持良好，安保措施完善！,,
墨雨青烟丶,225,5,2020.11.25,鸣沙山月牙泉门票成人票,很有成就感，衣服捂紧回去洗澡!,,
mazheng0819,225,4,2020.10.11,鸣沙山月牙泉门票成人票,虽然人工干预了，但沙漠中看到一汪清泉还是很震撼的,,
晴空123day,225,4,2020.08.13,鸣沙山月牙泉门票成人票,怎么说呢，鸣沙山月牙泉的名气大过实力，月牙泉的水感觉很假，要爬到高高的沙漠堆上才能观全貌，成群的骆驼队还是有点壮观的。在景区外面图便宜跟一个大爷买了四双鞋套，结果发现都是穿过的脏的坏的，进沙漠就完蛋了，一定要小心上当,,
匿名用户,225,3,2020.11.22,（成人）鸣沙山月牙泉票+20:00场又见敦煌普通席票+莫高窟应急参观票,服务不错，客服态度也比较好，描述的也比较详尽,,
WgD455092853,225,5,2020.11.24,鸣沙山月牙泉门票成人票,骑骆驼，沙地摩托挺爽的,,
匿名用户,225,3,2020.11.12,鸣沙山月牙泉门票成人票,还行吧   十一的时候人特别多    那个地方很干燥    南方人去要注意喽,,
匿名用户,225,3,2020.07.24,鸣沙山沙漠露营+骑骆驼体验成人票,骑骆驼，从骑到下，总共十五分钟吧，多说，但他们给负责拍照！沙漠摩托，胆小不要做，太可怕了！感觉能飞起来，还有秋千海盗船，只有孩子能玩，大人玩不了！滑沙项目，滑到半路卡！篝火晚会，从自助餐开始总共两个半小时吧。由于阴天没看到银河和星星！从美团买的票，如果让他们来回接送需要花钱的，市区一个人来回二十，郊区或村一个人来回三十，但总的来说还不错！,,
匿名用户,225,3,2020.11.18,鸣沙山月牙泉门票成人票,比较坑，价格高，景区项目没意思。,,
NSN98250681,225,5,2020.11.23,鸣沙山月牙泉门票成人票,非常过瘾,,
匿名用户,225,2,2018.12.23,鸣沙山月牙泉风景名胜区门票成人票,凑活吧，就那样子，我不是很满意，哎，B口活吧,,
Gillian_meituan,225,5,2020.08.23,鸣沙山月牙泉门票成人票, ,,
尹沐淋,225,4,2020.11.20,鸣沙山月牙泉门票成人票,方便快捷,,
xjO406430225,225,5,2020.10.06,鸣沙山月牙泉门票成人票,大环线中，最喜欢的一个景点，非常好出大片，,,
Cuc550148830,225,5,2020.08.16,鸣沙山月牙泉门票成人票,景观优美，环境雅致，观看沙漠中一泉清水也算得上一饱眼福。来敦煌，这里应该是必游景点，小朋友们超级喜爱，滑沙拍照，滑翔机，骑骆驼，都是很好的娱乐项目......选择骑了骆驼，远远一圈骑下来，100元，也算可以接受，不贵....看你的喜好了,,
B49515273,225,5,2020.10.06,鸣沙山月牙泉门票成人票,美的不可方物,,
kmH361074712,225,5,2020.11.03,鸣沙山月牙泉门票成人票,超级的美,,
MKi220293745,225,5,2020.10.11,鸣沙山月牙泉门票成人票,不错,,
Vsy226108190,225,5,2020.11.08,鸣沙山月牙泉国家级风景名胜区成人门票+手机语音讲解,景色没的说，非常美。就是当天风沙很大。骑骆驼也比较有乐趣,,
阿童木_2,225,5,2020.06.23,鸣沙山月牙泉门票成人票,如果时间允许可以从嘉峪关乘座早上8点15分的小火车到敦煌约14点14分，这样可以领略沿途西部特有的景色（记得带上午餐车上没有任何物品出售）也可以让脚步慢下来等一等我们的灵魂，到敦煌订好住宿休息一会就可以去月牙泉了。听着月牙泉歌曲守着日落，鸣沙山的月牙泉是我所见过的最神奇之水了，处于沙漠之中而不枯竭，清澈而明亮，周旁风沙飞舞，低谷月牙泉像有神力庇佑，不被淹没，状如弯月，刹是美丽，如撩开面纱的绝世美女呈现在你面前，让你错愕惊叹。这也许就是我们灵魂的高处~,,
匿名用户,225,5,2020.11.15,鸣沙山月牙泉门票成人票,不错 沙子很软,,
brick15,225,5,2020.11.11,鸣沙山月牙泉门票成人票,体验不错，骆驼一定要骑，太爽了，感觉很舒服。,,
wgD134659835,225,4,2020.09.20,鸣沙山月牙泉门票成人票,值得一看，在对面沙漠里山上躺会儿，很舒服,,
格格紫,225,5,2020.08.20,鸣沙山月牙泉门票成人票,在家呆了几个月快闷疯了！打算最近出去透透气，一直想去美丽的大西北走一走，（青海湖、茶卡盐湖、敦煌莫高窟、祁连大草原、神秘的沙漠、嘉峪关、无人公路等等都是我想去的），鸣沙山月牙泉很漂亮，就是去的那天太热了,,
奈酒e,225,3,2020.11.14,月牙泉景区门票+鸣沙山沙漠露营成人票,【环境】【环境】【环境】【环境】体验丝绸之路、骆驼之行,,
mk82554460mk,225,5,2020.10.05,鸣沙山月牙泉门票成人票,一个美不胜收的景区，一处一景。,,
i是梦吧,225,4,2020.08.20,鸣沙山月牙泉门票成人票, ,,
qcL238198481,225,5,2020.09.21,鸣沙山月牙泉门票成人票,不错，沙漠风景非常好看,,
健健无敌,225,3,2020.09.01,鸣沙山月牙泉门票成人票, ,,
OCN563752982,225,4,2020.08.14,鸣沙山月牙泉门票成人票,因天气热，19：00入园，人山人海，看来大家都喜欢夕阳西下的鸣沙山，月牙泉虽说很小但出现在一望无际的沙海中，还是很震撼，顺着登山梯，累到虚脱总算赶20：00爬到山顶，阳光照在金色的沙面，更显西域独特的风景。,,
随便起名叫某慧,225,5,2020.10.14,鸣沙山月牙泉门票成人票,很美,,
oliverbonnie,225,3,2020.10.08,鸣沙山月牙泉门票成人票,鸣沙山很喜欢，可惜时间太短了，没有来得及好好玩玩！,,
想你又想我,225,5,2020.11.05,鸣沙山月牙泉门票成人票, ,,
oxY137591049,225,5,2020.11.08,鸣沙山月牙泉门票成人票, ,,
Jta185587728,225,2,2020.08.18,鸣沙山门票+沙漠露营成人票,这个价位感觉除了包含月牙泉门票，其他的有点坑，如果小伙伴们不是为了露营，还是尽量玩月牙泉景区的项目。我们下午到的这个露营地，鸣沙山后山不如景区好看，有点乱，在露营地体验的摩托也是带你兜一小圈，骑骆驼要50元一个人，而且距离非常短，我们第二天去月牙泉骑骆驼100元，骑了一个小时，兜了一大圈超级过瘾。美团上写着海盗船啥的，都没有，说是不让弄了，所以那些项目基本除了那个摩托就没啥了。再说说晚餐，自助火锅，全是菜，就一个鸡肉。。基本不叫火锅，可以叫大型麻辣烫，烧烤就每人上了一小串，就再也没了。。总体来说体验一般吧，如果为了拍星空，露营啥的，还是可以的，晚上11.30带你去拍星空，我们没去，所以露营啥的就没法评价了。总体来说价格贵，体验一般，伙食一般。,,
xMA219770008,225,4,2020.08.16,鸣沙山月牙泉门票成人票,到这一定要骑骑骆驼，骑骆驼是另收费的，在网上看照片和亲身经历是不一样的，对于我们中原地区的人来说，看到一望无际的沙漠，感觉很震撼！,,
匿名用户,225,5,2020.08.13,鸣沙山月牙泉门票成人票,真的值得一玩儿，风景很漂亮，上山可以带鞋套，如果愿意可以趁不热的时候光脚踩沙，下山会很爽～注：应急停车场建议多立几个扫码支付的牌子在停车场其他地方，旺季去，出停车场都要等很久，很麻烦。,,
真开心吖,225,3,2020.11.06,鸣沙山月牙泉门票儿童票/学生票,「乘骑骆驼」「鸣沙山」还不错，值得一去。哈哈哈,,
HuK976321481,225,5,2020.11.14,鸣沙山月牙泉门票成人票,赞赞赞,,
匿名用户,225,2,2020.11.07,鸣沙山月牙泉门票成人票,不会去第二次，没发现什么特别的，很普通，价格贵,,
tXp832812257,225,5,2020.11.11,鸣沙山月牙泉门票成人票,还不错，建议大家去玩,,
liuyabina,225,4,2020.11.08,鸣沙山月牙泉门票成人票,不远万里来到这里，真是不虚此行，值得来看看,,
PyF837141687,225,5,2020.08.17,鸣沙山月牙泉门票成人票,「乘骑骆驼」「月牙泉」真的很不错啊，风景很美，骑骆驼感觉也好爽，就是有点热，去的时候一定得做好防晒工作，一定一定要骑一次骆驼，太舒服啦，交通也很方便，设施齐全，项目也挺多的，挺喜欢的，还要推荐朋友们到这里来！,,
真开心吖,225,3,2020.11.06,鸣沙山月牙泉门票成人票,还不错，值得一去哈哈哈哈哈，哈哈哈哈,,
冰丝雨622,225,5,2020.07.20,鸣沙山月牙泉门票成人票,专程带小朋友来到鸣沙山，作为南方长大的孩子对金黄色的细沙豪无抵抗力，至于月牙泉可能水位下降并没有沙山带来的乐趣大一些，小朋友玩沙子的乐趣发挥到了极致，走的时候一路念叨太喜欢了不愿离开，门票可以三天内重复进入，我们早上骑骆驼拍拍照片，在中午阳光强烈照射时回到酒店休息六点后吃过晚饭再次进入景区做观光车直接到鸣沙山！作为亲子游还是强烈推荐大家,,
谨言慎行9980,225,5,2020.11.03,鸣沙山月牙泉门票儿童票/学生票,鸣沙山月牙泉，沙漠中的一颗明珠，真的很值得去看看,,
匿名用户,225,2,2020.10.05,成人莫高窟应急票+鸣沙山月牙泉票+沙漠露营,露营体验很差，晚上九点多还拉着游客互动，不给吃饭，说的有烤肉，结果也没有见到。互动体验差劲，体会不到主持人的嗨点。骑骆驼项目的时候，卖票的人存在欺骗行为。总结：很失望。,,
哆哆啦梦梦,225,5,2020.11.05,鸣沙山月牙泉门票成人票, ,,
momomomo915,225,1,2020.11.06,鸣沙山月牙泉门票成人票,月牙泉都没水了，干的，浪费门票,,
wsf随缘自适,225,5,2020.09.06,鸣沙山月牙泉门票成人票,沙不涉泉，沙泉共生，水映沙山的奇迹――鸣沙山月牙泉。真的不错推荐大家来看看,,
匿名用户,225,2,2020.08.20,鸣沙山月牙泉门票儿童票/学生票,骑骆驼这个项目，命令禁止接私活拍照，我骑了骆驼并没有选择20元用自己手机拍照的项目，中间牵驼师傅因为拍照耽误很久，我中间提意见还和他起了争执。到达月牙泉和我没骑骆驼的同伴汇合天都黑了。很影响出行体验，过了一年想起来评价仍然这么觉得，既然是景区提供的服务，如果现在还存在的话希望整治一下，可以拍照的一起不拍照的就不要耽误我的时间。,,
fFX426546453,225,4,2020.10.20,鸣沙山月牙泉门票成人票,喜欢  就是门票有些小贵,,
匿名用户,225,5,2020.10.29,鸣沙山月牙泉门票成人票,无台阶无辅助爬上了鸣沙山！日落和夜景很美，脱了鞋踩在沙子里太舒服了,,
相华婷,225,2,2020.08.19,鸣沙山月牙泉门票成人票,门票游玩贵，相比当地其他沙漠露营地点，玩滑沙摩托看日出日落一样的效果，仅仅多了景点月牙泉和旁边的楼。。。另外景点里边有飞机项目，景区里有成群的骆驼。,,
匿名用户,225,5,2020.10.22,鸣沙山月牙泉门票成人票,太好玩了，还想在去,,
匿名用户,225,3,2020.10.07,鸣沙山月牙泉门票成人票,芦苇荡不错，沙漠的沙子很舒服。摩托冲沙一般，我并不觉得刺激，不推荐。日落一般，不需要为了日落赶着上山。至于月牙泉嘛，没给我留下什么印象,,
啊哦哦啊哦哦啊啊,225,5,2020.09.10,鸣沙山月牙泉门票成人票,真的爱了，可以进去两天，第一天进去玩了沙子，超级舒服，第二天早上还去看了日出，有一种画报的感觉，很谁来都很不错,,
zskevinlee,225,5,2020.10.24,鸣沙山月牙泉门票成人票,设施齐全，风光独特，自然风格与人文历史有机融合！！非常好的景区！,,
王越yxb,225,5,2020.10.07,鸣沙山月牙泉门票成人票,很好,,
cLN799373040,225,4,2020.07.27,鸣沙山月牙泉门票成人票, ,,
匿名用户,225,4,2020.08.17,鸣沙山月牙泉门票成人票,六点半多才到，排队坐骆驼用的时间太长了，没能赶上日落。但是夜景和星空超级美，最幸运的是看到流星！！,,
nxstar1437,225,4,2020.08.11,鸣沙山月牙泉门票成人票,门票110元可以玩三天，骑骆驼100元每人，滑沙20元一次。老人和孩子都非常高兴，体验了沙漠骆驼。鸣沙山很漂亮，沙子很细，里面有摆渡车。虽然没有看到日出和日落，但是也算不虚此行。有机会还会再来感受沙漠的美。,,
麋鹿的鸽子啊,225,4,2020.10.08,鸣沙山月牙泉门票成人票,很好玩，,,
hFk202842796,225,2,2020.10.30,鸣沙山月牙泉门票成人票,价格太贵，不如去博物馆嗨皮，也就是沙子奇特点,,
ibm939121073,225,4,2020.10.04,鸣沙山月牙泉门票成人票,国庆放假来玩的，坐骆驼的人很多，很好玩，,,
匿名用户,225,3,2020.09.11,鸣沙山月牙泉门票成人票,没有见过沙漠的我 一脸兴奋，感觉比莫高窟好吧 傍晚时分去,,
AOYU傲宇,225,5,2020.09.15,鸣沙山月牙泉门票成人票, ,,
匿名用户,225,1,2020.11.02,鸣沙山月牙泉门票成人票,门票实在不值。。。进去各种收费，，，没啥玩的,,
aiinglong,225,5,2020.10.28,鸣沙山月牙泉门票成人票,领略到的沙漠的宏大，不同于陆地的美景。,,
eva20161101,225,3,2020.09.09,鸣沙山月牙泉门票成人票,没什么好玩，就进去花了100元坐骆驼,,
JFG293186265,225,4,2020.10.28,鸣沙山月牙泉门票成人票,还行吧 大漠的感觉 骑骆驼挺好玩的,,
yuki筱,225,5,2020.11.02,成人莫高窟应急票+鸣沙山月牙泉票+沙漠露营,莫高窟值得一去,,
JPY239948896,225,1,2020.10.31,鸣沙山月牙泉风景名胜区语音导览票（不含门票）,就听到介绍月牙泉就退出来了，别的也没听到呀，不满意,,
Ijo13008405630,225,5,2020.09.21,鸣沙山月牙泉门票成人票,前些年到过一次敦煌，但是当时只去了莫高窟，这次带着家人看了月牙泉，骑了骆驼，感觉真的不错，尤其下午五六点左右，整个骆驼走的路线全部都是骆驼，太壮观了，都不知道那么多骆驼从哪冒出来的,,
Swl404442842,225,4,2020.08.09,鸣沙山月牙泉门票成人票,景色好，随手就是大片，大门口骑骆驼，然后绕一圈到月牙泉附近，然后可以爬沙漠， 上去以后可以滑沙下来，再做观光车到门口。早晨五六点，下午7点多才是人最多的时候。我们下午四点去的依旧很热。骑骆驼还有滑翔伞和直升机可以玩。骑骆驼的需要牵骆驼的拍照，单独一人20元。同意才拍照，不同意就算了。滑沙一次20元。,,
bBx110161264,225,3,2020.10.27,鸣沙山月牙泉门票成人票,景色是不错，但十一期间旅客放进去太多，体验感下降,,
灰.Sir,225,3,2020.11.01,鸣沙山月牙泉门票成人票,【环境】【交通】【项目】【餐饮】,,
匿名用户,225,2,2020.10.15,鸣沙山月牙泉门票成人票,骑骆驼拍照，明明到处都是禁止索要小费的牌子，还是收了20块，好吧，钱就不说了，但就拍咯几张照片，这什么操作！,,
灰.Sir,225,3,2020.11.01,鸣沙山月牙泉门票儿童票/学生票,【环境】【交通】【项目】【项目】,,
lJk933332741,225,1,2020.08.22,鸣沙山月牙泉门票成人票,整个不开心 这个景区的工作人员态度差到令人发指 我们两个人被分开了 说要在一个队里 253那个队的工作人员逼逼赖赖了半天 后面直接骂起来了 看他那个样子就是个喷子 后面我们退票坐了越野车 那个越野车工作人员让我们录像50元一人 我们没要 然后白了我们一眼 后面坐车也不舒服 感觉故意的 爬到山上风沙太大了 眼里嘴巴到处都是沙子 最坑爹的是我帽子被吹走了 我什么心情都没有了 感觉特垃圾 什么都不用买 买了进去全没用,,
天一大叔,225,3,2020.08.02,鸣沙山月牙泉门票成人票,敦煌打卡的景区，说实话，真的是没有太多期待，果然也没有出乎意外，就当锻炼身体，爬个沙山，景区更像是一个大型娱乐公园，有很多的娱乐项目，可以骑骆驼和开卡丁车，还可以滑沙，月牙泉也不够惊艳，适合女生拍照，红裙很重要。,,
IFe218792680,225,3,2020.10.30,鸣沙山月牙泉门票成人票,【环境】【交通】【项目】【项目】【餐饮】,,
匿名用户,225,5,2020.09.09,鸣沙山月牙泉门票成人票,棒棒哒！沙漠之眼，真的神奇，大自然的伟大。,,
埋伏去,225,3,2020.10.25,鸣沙山月牙泉门票成人票,还行把。游玩的套路太多。建议不要听，自己查好攻略。,,
匿名用户,225,5,2020.10.28,鸣沙山月牙泉门票成人票,大西北之行最喜欢的地方。下次我还要来。,,
用户34619534,225,5,2020.09.30,鸣沙山月牙泉门票成人票,非常值回票价 美好的体验不仅仅体现在景色上 在景区内处处可以体现出一个良好的管理有多么的重要,,
唯爱521月月,225,5,2020.10.22,鸣沙山月牙泉风景名胜区语音导览票（不含门票）,很好玩的地方，「乘骑骆驼」「月牙泉」「滑沙」「鸣沙山」「月牙阁」，值得推荐！,,
匿名用户,225,3,2020.10.02,鸣沙山月牙泉门票成人票,不错 没实际见过所以新奇 人性化可以第二天进去看日出 离市区近打的,,
gwn647762977,225,5,2020.10.06,鸣沙山月牙泉门票成人票,真的挺不错的，可以玩三天，因为时间原因走了，小孩子应该都非常喜欢的，全都是细细软软的沙子，100元的骆驼可以走一圈，还是比较良心的，坐的屁股都痛了，小孩非常喜欢,,
匿名用户,225,4,2020.10.26,鸣沙山月牙泉门票成人票,设施挺好的，很适合带着孩子过去玩,,
匿名用户,225,5,2020.10.07,鸣沙山月牙泉门票成人票,好玩 沙子细滑 适合一家人 情侣 朋友一起来玩,,
徐丽丽734,225,4,2020.10.27,鸣沙山月牙泉门票成人票, ,,
cwd388730600,225,3,2020.10.07,鸣沙山月牙泉门票成人票,月牙泉说现在都是人工灌水。景区里面基本都是娱乐项目，相对来说门票就贵了，因为里面就是沙丘，没什么看的，就是玩沙。,,
匿名用户,225,4,2020.10.06,鸣沙山月牙泉门票成人票,很好玩，爬山爬的太慢了，十一人太多了，没有坐成骆驼。,,
悦儿笑了,225,2,2020.10.05,鸣沙山月牙泉门票成人票,设施挺好！不满意245号骆驼的领队（女的），不知是和丈夫闹别扭了，还是更年期提前了。把气撒到游客身上，说话超难听，什么东西！！,,
米妮儿M,225,4,2020.07.03,鸣沙山月牙泉门票成人票,鸣沙山月牙泉，赶着运气好，没有沙尘暴，景区开了就来了，去的那天没什么太阳，不是很晒，偶尔有太阳出来，但是太阳一出来就特别晒，有偶尔有点风，所以一定要带口罩或者面罩，不然鼻子嘴巴里会有沙，爬沙山是个体力活，要带足水和一些吃的，另外如果天气热的情况下，最好在外面买双鞋套，不然打光脚的话沙会很烫的。,,
匿名用户,225,1,2020.08.10,鸣沙山营地门票+沙漠露营成人票,鸣沙山和月牙泉没问题，但是这个叫烈焰星空的野营地很坑，老板不负责说话不算数，对比隔壁其他野营地，日出别人组织开车送客人上山，他们指着门口小土坡让客人自己爬，并且六点四十日出，他们六点半就开始赶人，别人都在看日出的时候这边已经没人了。进去只会疯狂推销让你花钱的项目还吹的天花乱坠，顺便虽然是捆绑票，但是他们只负责自己的野营，要去月牙泉还得自己想办法。还会乱收费，强行拼人一桌吃饭的时候听同桌的姑娘说他们只是露营却被收了我在美团上套票更高的价钱。顺便听美术生一句……这个露营地里面说的可以拍紫色的银河的收费项目，那是调色。可能可以看到普通的银河，也可能漫天白云，也也可能月明星稀。,,
匿名用户,225,4,2020.10.28,鸣沙山月牙泉门票成人票, ,,
匿名用户,225,5,2020.10.11,鸣沙山月牙泉门票成人票,超大的沙漠体验，骑骆驼是一定要体验一把的，直升机和滑翔伞有条件的朋友可以去尝试一把，绝对体验超值,,
匿名用户,225,2,2020.10.10,鸣沙山月牙泉门票成人票,月牙泉出现在沙漠中比较特殊，其他没啥看的，商业化太浓，加坐骆驼100，合计200多感觉不值得。,,
我们都很干脆,225,5,2020.10.13,鸣沙山月牙泉门票成人票,可以的。最好自己带鞋套，还有骑骆驼的时候给你拍照留念的，要及时去拿照片，要不然照片被销毁。,,
匿名用户,225,4,2020.09.12,鸣沙山月牙泉门票成人票,不错，坐了直升飞机，摩托，越野车。体验感不错,,
JOr245512665,225,4,2020.10.27,鸣沙山月牙泉门票成人票,服务挺好，环境也不错。,,
匿名用户,225,5,2020.09.24,鸣沙山月牙泉门票成人票,去了敦煌一定要去的地方呀！不过因为暑期高峰，排队排了好久，沙漠很美，看日出日落也很好！,,
zcr942125270,225,5,2020.10.25,鸣沙山月牙泉门票成人票,很不错,,
可乐szs,225,5,2020.10.22,鸣沙山月牙泉门票成人票,登鸣沙山，赏月牙泉！骑骆驼穿沙漠！,,
居家男人123,225,4,2020.09.12,鸣沙山月牙泉门票成人票,真的到景点很壮观，感受到了祖国的广阔,,
高小高的饭桌,225,3,2020.09.17,鸣沙山月牙泉门票成人票,去摩托车挺好玩的 就是时间太短了 感觉10分钟就结束,,
金风w玉露,225,4,2020.10.08,鸣沙山月牙泉门票成人票,景区修的很完善，还有芦苇荡超级漂亮，山顶看日落风沙太大，满面尘沙，要做好防护,,
匿名用户,225,3,2020.08.21,鸣沙山月牙泉门票成人票,非常适合自驾游，美团购票很方便，刷身份证、健康码就进去了。进去之后可以骑骆驼、坐观光车、滑翔机、直升飞机观看景区。推荐傍晚去，景区开灯之后非常好看。总的来说还不错！,,
谋歌1992,225,5,2020.10.23,鸣沙山月牙泉门票成人票,超美，给力，好评(o^^o),,
GnM664842187,225,3,2020.10.22,鸣沙山月牙泉风景名胜区语音导览票（不含门票）,风景不错，沙漠风光，月牙泉清澈！,,
匿名用户,225,3,2020.10.21,鸣沙山月牙泉门票成人票,很好……玩的很嗨皮……2000多公里开到的……不虚此行……,,
匿名用户,225,3,2020.07.06,鸣沙山月牙泉门票成人票,选择住在鸣沙山附近，看了日出日落，这个3天内你是可以进去玩的。爬沙真的有点累呀。夏天真的太热了，日出日落真的还不错，特别适合拍大片。景区骑骆驼，滑翔机，直升机都有，没钱没体验。晚上看星空，第一天去星星太少了，根本没有别人拍的那么好看。,,
asdfg12121,225,3,2020.07.22,鸣沙山月牙泉门票成人票,还不错的，步行不远，带足矿泉水，景区内水较贵，带孩子感受一下，很神奇的观音像，底座能枯木逢春，而且很茂盛。景区外鸣沙山有很多农家搞沙漠露营，体验超级棒，可以免费滑沙，骑卡丁车，骑骆驼，还有晚餐和晚会，值得推荐。,,
Tbr671919601,225,4,2020.07.14,鸣沙山月牙泉门票成人票,很棒的一次露营，老板车接车送，基地有滑沙和沙滩摩托，火锅，饮料，啤酒，统统免费，晚上简直就是大型蹦迪现场，太嗨了！晚上的星星真的很好看，建议带好相机和三脚架，不然拍不了星空。,,
dyingass,225,4,2020.10.05,鸣沙山月牙泉门票成人票,人巨多，骑骆驼进沙漠，工作人员帮忙拍照收取20元，虽然一路提示不允许工作人员收费，可举报，但一样熟视无睹,,
fQy664055832,225,4,2020.10.22,鸣沙山月牙泉门票成人票,酒泉地区免票我竟然不知道,,
blS189062553,225,5,2020.08.25,鸣沙山月牙泉门票成人票,还不错整体来说……,,
爱吃萝卜和青菜丫,225,5,2020.10.15,鸣沙山月牙泉门票成人票,真的很不错呀，还想再去一次！语音导游的介绍也很贴心,,
911,225,4,2020.10.24,鸣沙山月牙泉门票成人票,很棒的一次旅行,,
三趣哥,225,4,2020.10.05,鸣沙山月牙泉门票成人票,还行,,
匿名用户,225,3,2020.07.13,鸣沙山月牙泉门票成人票,景色还是不错的，进去之前买鞋套，要不然沙子会灌满鞋子，一般鞋套在10-15元。骑骆驼每人100元，随行拍照20元。骑摩托120元，随行拍视频，照片另收费50元。月牙泉拍照有专业人员，价格可以自己谈。滑沙20元每人/次。景区内骆驼拍照喜欢可以拿走付费20元，不喜欢可以不要。景区门票110元，儿童半价。总体还是不错的,,
yy4088,225,5,2020.08.29,鸣沙山月牙泉门票成人票,很好，就是累死，很漂亮。,,
WJc739518099,225,5,2020.09.06,鸣沙山月牙泉门票儿童票/学生票,进门有电瓶车，也可以骑骆驼。骆驼以前骑过，这次没有骑，坐电瓶车，其实也没多远，回来时溜达出来。景点不用说，书上网上都见过，值得一看。就是鸣沙山已经保护起来不让爬了。需要注意一个是人太多，一个是沙子很烫而且容易灌鞋里。,,
HaE811028914,225,4,2020.08.20,鸣沙山月牙泉门票成人票,终于见到了梦中的月牙泉！哦，告诉大家月牙泉门票连续三天都可以进去哦，我们去了两次，一次早上，一次下午专门看日出，做沙疗。,,
lesley1012,225,4,2020.10.01,鸣沙山月牙泉门票成人票, ,,
sail吃不饱,225,3,2020.10.11,鸣沙山月牙泉门票成人票,一般般，好的沙漠都被围起来了，景区内游乐设施和物品偏贵！,,
yvj628979810,225,4,2020.10.21,鸣沙山月牙泉门票成人票,还不错,,
aYI246162864,225,4,2020.08.16,鸣沙山月牙泉门票成人票,出差顺便来看。名不虚传，壮观。今天才知道月牙泉很早之前就需要人工供水了。上山过程很累，下山很爽。骆驼的便便好臭呀,,
悦儿笑了,225,2,2020.10.05,鸣沙山月牙泉门票成人票,环境不错。不满意的是190号骆驼的领队，说话超难听，不愿意服务你可以退出呀！想挣钱，还没情商！！,,
elevenechowm,225,5,2020.09.24,鸣沙山月牙泉门票成人票,就是玩沙看夕阳拍照片！门票可以管3天呢，下回一定要玩够本呀 爬鸣沙山还是有点累的 骆驼路很臭啦 月牙泉一般,,
cPO197835948,225,5,2020.10.13,鸣沙山月牙泉门票成人票,鸣沙山月牙泉风景很优美，值得大家去旅游，去看看。,,
听风雨风落,225,3,2020.10.17,鸣沙山月牙泉门票成人票,挺不错的，爬爬沙山，坐坐骆驼，拍几张照片,,
fgw738340460,225,4,2020.10.21,鸣沙山月牙泉风景名胜区门票成人票,值得去,,
zgtsfrzlg,225,5,2020.10.08,鸣沙山月牙泉门票成人票,标志性的景点，必须爬到鸣沙山上看月牙泉，才会感觉神奇,,
willion02,225,4,2020.10.18,鸣沙山月牙泉门票成人票,很漂亮，可以去玩一下。。。。。。,,
Cdf121820470,225,2,2020.10.06,鸣沙山月牙泉门票成人票,门票太贵了，里面项目也要另外收费，进去不玩项目就是耍沙，不懂为啥这么贵的门票,,
匿名用户,225,2,2020.10.06,鸣沙山月牙泉门票成人票,如果去过沙漠的话就一般吧，排队的人也多，骑摩托还蛮刺激，120一个来回,,
W_WMT,225,4,2020.07.26,鸣沙山月牙泉门票成人票,实现了自己一直以来的愿望，鸣沙山很大，月牙泉很小，但很别致，整体拍出来也特别美，早上或傍晚去比较好，中午直接会被热晕，敦煌的热啊。觉得票价贵了，宁夏沙湖一个人120元，进去有沙山有湖泊，比这个好玩多了。,,
i6erydc,225,5,2020.10.10,鸣沙山月牙泉门票成人票,人超级多，坐骆驼特别有趣，在骆驼上拍照要给小费,,
欣爱xa,225,5,2020.10.12,鸣沙山月牙泉门票成人票,骆驼太可爱了，风景也美，就是人太多。,,
木木木木（四木）,225,5,2020.10.12,鸣沙山月牙泉门票成人票,蒋导真心很耐心、亲和力十足。李师傅车技稳稳的。,,
fcL819739375,225,1,2020.10.11,鸣沙山月牙泉风景名胜区门票成人票,人太多了吧唧一口一个人的寂寞难耐吧唧一口算和想象的一样的环境,,
MN950707,225,4,2020.08.24,鸣沙山月牙泉门票成人票,很好玩,,
KGf399974510,225,1,2020.09.24,鸣沙山月牙泉门票+20:00场普通席又见敦煌票（成人票）,不负责任的商家，没有短信提示换票时间，还说错时间，害的父母没有及时入场收看，错过了半小时的收看时间，以后大家订这家店要慎重,,
oQz448488452,225,5,2020.10.11,鸣沙山月牙泉门票成人票,月牙泉特别好看，鸣沙山的沙子特别好玩。有机会可以去看看,,
湮恋A唇,225,5,2020.08.08,鸣沙山月牙泉门票成人票,非常棒的景区，骑骆驼，划沙，直升机，动力滑翔伞，沙漠绝佳景色一览无余，沙滩摩托刺激的体验，非常棒，绝对会再来的。,,
我在你上铺,225,4,2020.10.10,鸣沙山月牙泉门票成人票,值得去，风景很美，就是去的时间有些匆忙，希望有时间再去,,
TiP76056744,225,4,2020.08.23,鸣沙山月牙泉门票成人票,夜晚很有幻境，远离城市的喧嚣，有穿越感。坐在山顶远眺，宁静的感觉难以用语言描述！来到敦煌月牙泉，你会爱上这里！,,
图涂万岁,225,4,2020.10.11,鸣沙山月牙泉门票成人票,骑骆驼有意思，滑沙好玩,,
VoJ905965982,225,2,2020.08.20,鸣沙山月牙泉门票成人票,月牙泉的项目确实不值得，相比青海的景点来说，这边真的是性价比不高。就一沙山，什么都不含，门票就要110。要不是家人一起来，我都不想进来，进来后，坐在这里，乘坐电瓶车溜达一圈，可能是5A景区吧，浪得虚名。,,
阿牛650,225,4,2020.10.08,鸣沙山月牙泉门票成人票,不错，正好去的时候是中秋，晚上还有表演，值得一去，有沙漠有湖,,
pyjyp,225,4,2020.08.25,鸣沙山月牙泉门票成人票,旅游设施齐全，第一次和沙漠和骆驼亲密接触，全家人玩得很开心,,
gkH90530833,225,2,2020.10.07,鸣沙山月牙泉门票成人票,坑爹，沙子太多，容易进脚，景区的住宿和饮食都太糟糕了！,,
匿名用户,225,5,2020.08.19,鸣沙山月牙泉门票成人票,真是很棒的景区，第二次来了，玩的开心。,,
Evo103524520,225,5,2020.10.13,鸣沙山月牙泉+玉门关+雅丹地质公园门票成人票,服务好，环境美，过年期间来真爽,,
匿名用户,225,3,2020.10.12,鸣沙山月牙泉门票成人票,大自然的奇观，人类的幸运！值得一观！,,
fangzi_2011,225,4,2020.10.16,鸣沙山月牙泉风景名胜区门票成人票,值得一去,,
Xvc931833772,225,4,2020.10.07,鸣沙山月牙泉门票成人票,环境很好，服务周到，神奇的月牙泉，美丽的芦苇与沙山,,
XHz224520037,225,3,2020.10.09,鸣沙山月牙泉门票成人票,整体看效果很好，就是有点累。月牙泉很漂亮。,,
LiZ390512211,225,3,2020.10.07,鸣沙山月牙泉门票成人票,五A级的景点，自然界的奇景，打个卡，好歹去过了。不过去过一次不会在去了。,,
Mr.张伯州,225,4,2020.10.05,鸣沙山月牙泉门票成人票,月牙泉还是图片好看，感觉这里缺少一个可以看见月牙泉全的角度。,,
amdrz,225,5,2020.10.11,鸣沙山月牙泉门票成人票,很好，更不错,,
明中注定m,225,5,2020.10.09,鸣沙山月牙泉门票成人票,服务很周到，人也不多，体验非常好,,
蒙奇D朋克,225,2,2020.10.07,鸣沙山月牙泉门票成人票,一般，还行。人太多。要耍沙漠可以开车去后山,,
KkI389267263,225,5,2020.08.14,鸣沙山月牙泉门票成人票,每次都是在美团上定票，方便快捷,,
明中注定m,225,5,2020.10.08,鸣沙山月牙泉门票成人票,沙漠绿洲，一弯美月，希望不要被掩盖,,
Gbm808357639,225,4,2020.10.09,鸣沙山月牙泉门票成人票,第二次去了，网上买票还是挺方便的,,
kGs206226680,225,1,2020.07.17,鸣沙山沙漠门票+沙漠露营成人票,1.没有KTV，没有烧烤和火锅，酒还要按人头一人一次只能领一瓶，汽水一桌只能给一瓶，说疫情原因火锅不卫生吃的变成大盘鸡，但是大盘鸡也是跟其他不认识的人一起来吃，跟火锅跟本没区别，刚开始就被人举报有12315来贴封条了。2.主持和那个飞天表演太业余，就是随便找个人来的那种3.旧鞋套也要收10块1双，坐沙漠车去拍星空那些也要另外收费100/人4.一整晚营地都有沙漠赛车飞车的声音，压根不能睡,,
匿名用户,225,5,2020.10.08,鸣沙山月牙泉门票成人票,爬山太累太累太累，上山之后下山太累太累太累。里面骑骆驼拍照20，骑骆驼100。,,
SW3511,225,1,2020.07.25,鸣沙山营地门票+沙漠露营成人票,设施缺少很多，网红桥、海盗船、滑索、跷跷板等等都没有！严重与介绍不符！一开始说补偿为第二天早上的坐车去另外一个好看的地方看日出，结果露营前让我们自己就近找个地方看看日出......吃的也没有牛羊肉啥的，只有肉丸、硬鸡块！露营帐篷甚至还有破洞漏风的！以及早上隔壁都是会代收帐篷的，我们看完日出赶车还是得把帐篷一件件收回去才给送车......,,
hellohushi,225,4,2020.08.25,鸣沙山月牙泉门票成人票,感受大漠的风光，沙子踩着很舒服，骑骆驼还是很值的，100块挺远的,,
toto豆豆龙ro,225,5,2020.08.24,鸣沙山月牙泉门票成人票,超棒的体验！交通方便，景区内设施齐全，游玩项目种类多。,,
匿名用户,225,3,2020.10.13,鸣沙山月牙泉门票成人票,OKTCL甜不退了亏吃苦头吧亏空了,,
匿名用户,225,5,2020.10.14,鸣沙山月牙泉门票儿童票/学生票,沙子很好玩哈哈哈哈,,
匿名用户,225,3,2020.07.19,鸣沙山营地门票+沙漠露营成人票,五分给鸣沙山月牙泉，非常值得去，建议在早上十点或下午五点之后去，不然会非常晒。一分给沙漠露营，原因是半夜老板和其他人在吵架，从凌晨两点多吵到快凌晨四点半，凌晨三点前风特别大，帐篷都要吹飞了，帐篷顶上透气网吹进来，满脸都是沙子。后面没有风了，就剩下吵架声了，越吵越大。硬件条件就不说啥了，整体晚上还是很欢乐的，就是没睡好这件事，我们一直认为应该差评！！！,,
bCl736115399,225,3,2020.10.05,鸣沙山月牙泉门票成人票,景色是不错，就是门票钱有点贵。希望能贴近老百姓的工资,,
tEp794415019,225,1,2020.07.24,鸣沙山营地门票+沙漠露营成人票,是自己在后山建设的一个游玩区域，跟正规景区和月牙泉没一点关联，游乐设施少得可怜，越野摩托只是载着游客玩一次，沙漠冲浪也只是一个小陡坡...晚餐大盘鸡？ 小盘鸡都称不上吧，也就凉拌黄面任吃，可能就看日落勉强过得去，顶不住了没等烤肉串上桌就溜了，晚上露营也没参加，第一次到敦煌景点被坑..希望少点游客被坑，emmm，就说这些吧....,,
匿名用户,225,5,2020.10.13,鸣沙山月牙泉门票成人票,很漂亮！,,
匿名用户,225,4,2020.10.10,鸣沙山月牙泉门票成人票,不错，第一次去，很好玩,,
nJC203918491,225,5,2020.10.08,鸣沙山月牙泉门票成人票,值得去！景色不错！景区大，拍照也好看，没啥说的,,
sweety0122,225,3,2020.10.08,鸣沙山月牙泉门票成人票,太多人了，风景还可以，就是人太多,,
UEP385662162,225,5,2020.10.04,鸣沙山月牙泉门票成人票,主要是鸣沙山，细腻的沙子，光着脚丫子踩沙，特别舒服。,,
匿名用户,225,2,2020.10.04,鸣沙山月牙泉门票成人票,景色一般，就是票太贵，骑骆驼也太贵，可以玩玩，一生一次的事儿，哈哈,,
Vhw768206327,225,5,2020.08.29,鸣沙山月牙泉门票成人票,遗憾的是没有骑骆驼，但是单单玩沙就跟开心了,,
匿名用户,225,3,2020.10.07,鸣沙山月牙泉门票成人票,人多，风景好，骆驼太累。值得一去的地方,,
温改华6666,225,2,2020.10.08,鸣沙山月牙泉门票成人票,女生厕所排队时间太长 公共洗手间太少,,
twg212096570,225,3,2020.10.10,鸣沙山月牙泉门票成人票,这种景点看过一次就不想再看，到敦煌必看。,,
叁少磊,225,4,2020.10.06,鸣沙山月牙泉门票成人票,非常好玩，值得一去，月牙泉真的是去一次少一次的地方！,,
_qq25x1373444604,225,3,2020.10.05,鸣沙山月牙泉门票成人票,不错，要看美景要爬山，要有充分的心理准备,,
PPLOQQ,225,4,2020.10.09,鸣沙山月牙泉门票成人票,傍晚看夕阳，晚上可以看月牙泉的灯光很美,,
空空包空空,225,4,2020.10.05,鸣沙山月牙泉门票成人票,很美的沙漠，骆驼一定要骑一下很可爱,,
吃蛋炒饭不咯,225,5,2020.08.12,鸣沙山月牙泉门票成人票,景色很棒啊！天空很蓝很蓝，很纯净。骑骆驼的师傅拍照技术挺好，20块可以拍很多啦～,,
PGT936465963,225,3,2020.10.08,鸣沙山月牙泉门票老人票,兑体不错的，就是要现金这不太好,,
匿名用户,225,5,2020.10.06,鸣沙山月牙泉门票成人票,太好玩了！！一定要和能跟自己一起疯的朋友去！,,
sgz498712328,225,1,2020.10.06,鸣沙山营地门票+沙漠露营成人票,上面写的1.2米以下小孩不收费，来了之后让不到1.2米的小孩补半价！！！,,
bachel,225,3,2020.10.05,鸣沙山月牙泉门票成人票,骆驼不错，牵骆驼的大叔人很好，山很高，很累,,
比那案丑了,225,4,2020.06.10,鸣沙山月牙泉门票成人票,图一是晚上九点多的月牙泉，游客还特别多，还有淡淡的夕阳余晖。一百块骑骆驼也很好玩，第一次骑那么久的骆驼，小孩也很开心。好多美女们穿着漂漂亮亮的各色服饰来拍照， 可惜我带着个孩子，不然也来凑凑热闹才好。此行十分愉快， 虽然被晒惨了。目测晚上七点左右去应该不会怎么晒了。,,
xiF488506460,225,5,2020.10.06,鸣沙山月牙泉门票成人票, ,,
磨练打拼,225,5,2020.10.08,成人鸣沙山月牙泉票+A区敦煌盛典演出票,效果不错，演出震撼，值得一看。,,
HUAZI1902,225,3,2020.10.08,鸣沙山月牙泉门票成人票,还可以 滑沙可以 爬坡过坎的 还可以还可以,,
匿名用户,225,3,2020.10.04,鸣沙山月牙泉门票成人票,拍照挺美的，估计7.8月份月牙泉景色会比现在好点,,
XIAOXINg阿,225,4,2020.10.10,鸣沙山月牙泉门票成人票,不错不错 值得去 做好防晒,,
只是倩影难寻,225,4,2020.10.08,鸣沙山月牙泉门票成人票,这个还是值得一去，爬爬沙山,,
神密的感情,225,3,2020.10.02,鸣沙山月牙泉门票成人票,月牙泉风景区特漂亮有玄幻魔法门山地点特好看！！,,
Slr945956481,225,2,2020.10.06,鸣沙山月牙泉门票成人票,不如大街上的沙漠出片，人贼多…,,
lxj88265257,225,2,2020.10.05,鸣沙山月牙泉门票成人票,太远啦、骑骆驼不是很好，把人颠的,,
XIAOXINg阿,225,4,2020.10.10,鸣沙山月牙泉门票成人票,还不错 值得一去,,
NHRRRR1,225,5,2020.10.08,鸣沙山月牙泉门票成人票,沙漠奇观 值得一看,,
M74530,225,3,2020.07.21,鸣沙山月牙泉门票成人票,我们早上去的，不热。都不舍得下来了，就是玩沙漠车要求给小费这就不开心了，就是为了闹得不愉快随便给了10块，后面还被质疑的不相信的样子。听说骆驼也会强迫拍照不然不爽导致没敢坐。但是早上在上面看下来挺舒服的,,
jjgao5,225,4,2020.10.05,鸣沙山月牙泉门票成人票,有空可以来转转，骆驼不错，坐很久,,
临水照花lszh,225,4,2020.08.15,鸣沙山月牙泉门票成人票,有机会欣赏到西北的大山漠风情，很值得一去。里面的游玩也挺多，骑骆驼的感受，非常不错,,
皮卡皮卡没有丘、,225,5,2020.05.19,鸣沙山月牙泉门票成人票, ,,
mengzhimo,225,5,2020.08.19,鸣沙山月牙泉门票成人票,出票很快 月牙泉很不错 一辈子怎么也得来一次 组套古装拍拍照,,
NNz461046219,225,3,2020.10.05,成人莫高窟应急票+鸣沙山月牙泉+《敦煌盛典》B区票,值得欣赏，就是人太多，建议错峰出游,,
五月的海先生,225,1,2020.09.23,鸣沙山月牙泉门票成人票,感觉一般般吧，价格贵了，能去的地方少，而且里面全是商业化，没意思,,
xTN365910041,225,5,2020.10.06,鸣沙山月牙泉门票成人票,非常不错，订票比线下便宜。,,
问天敌,225,5,2020.07.25,鸣沙山月牙泉门票成人票,非常漂亮，骆驼收费有点贵，而且号很乱，一家人很有可能被分开，照不了相，右边山上的日落超级赞,,
zhzb123,225,5,2020.10.05,鸣沙山月牙泉门票成人票,沙漠之中有一池清水，还是蛮震撼人心的,,
nby401920379,225,1,2020.10.05,莫高窟应急票+鸣沙山月牙泉票+《敦煌盛典》C区票（成人票）,排队排了2个小时，一共看了4个洞，总是最多20分钟。,,
文文宝宝3322,225,5,2020.10.05,鸣沙山月牙泉门票成人票,凭身份证直接入园，方便快捷,,
匿名用户,225,2,2020.09.18,鸣沙山月牙泉门票成人票,设施还算可以，骑骆驼就有点气人了，带骆驼的人索取拍照费20元，如果不拍照就把骆驼赶快拉下山，走近路下山。,,
像一只狗一样,225,3,2020.10.03,鸣沙山月牙泉门票成人票,还不错，夜景好像也没有那么好看,,
匿名用户,225,1,2020.09.30,鸣沙山月牙泉门票成人票,【交通】【环境】保安路跟那，**一样操，好像没给钱一样,,
匿名用户,225,4,2020.10.03,鸣沙山月牙泉风景名胜区门票成人票,网上订票就是好，方便又快捷还有优惠,,
cl970225aa,225,4,2020.10.02,鸣沙山月牙泉门票成人票,环境不错，值得一去，项目众多，交通便利。,,
匿名用户,225,5,2020.10.05,鸣沙山月牙泉门票成人票,非常满意,,
麋鹿谜路迷路,225,4,2020.08.17,成人鸣沙山月牙泉票+C区敦煌盛典演出票,千万不要穿短裤 不晒太阳 包的严严实实的 就胸前漏了点风都黑了,,
丿醉生一梦死,225,4,2020.09.27,鸣沙山月牙泉门票成人票,值得一玩的景区 自然景观 大漠孤烟 月牙泉景区非常好看,,
落霞终成绮,225,3,2020.09.29,鸣沙山月牙泉门票成人票,还行吧，就看看风景挺好，玩的项目贵了点,,
清溪是何年,225,1,2020.07.28,鸣沙山月牙泉门票成人票,带孩子在景区内骑骆驼，领骆驼的人一路不停地问要不要玩消费项目，帮拍照要收20，骑骆驼途中问玩不玩沙地摩托车、玩不玩滑翔翼，坐不坐直升飞机，非要逗孩子去坐滑翔翼，几岁的孩子能去坐滑翔翼嘛？为了挣钱简直不择手段！不去玩就说我舍不得花钱。我坐骆驼没给钱吗？我有什么义务一路上听他不停的推销唠叨，太无耻了。连守月牙泉的保安都在发名片说168最低消费，没完没了还跟着走，说可以去篝火晚会云云…这个景区一点好印象没有。不择手段！,,
Hawaiian888,225,3,2020.10.02,鸣沙山月牙泉门票成人票,景区周围骗子太多，希望景区加强管理,,
匿名用户,225,5,2020.07.18,鸣沙山月牙泉门票成人票,建议下午五六点去，白天能把你晒死。鞋套可以在外面买划算，门票可以玩三天哦，因为我们时间不允许就玩了一天。在景区外面租个衣服很漂亮的拍照，沙子软软的很好玩,,
张家美媳妇,225,5,2020.08.19,鸣沙山月牙泉门票成人票,第一次看见大沙漠，真心觉得，美，特别是日落，太美了,,
温室仙人球,225,5,2020.10.02,鸣沙山月牙泉门票成人票,非常美丽，还要再去,,
匿名用户,225,5,2020.08.15,鸣沙山月牙泉门票儿童票/学生票,里面有很多游玩项目，可以坐摩托，坐汽车穿越沙漠，还可以骑骆驼，人多的话算下来价钱差不多。摩托和汽车比较刺激一些，骆驼比较安稳一些。我们选择的是骑骆驼，骆驼有点臭臭的。月牙泉也比较大，我们去的时候天气不好刮大风，没玩一会就回去了。,,
LSC857458738,225,3,2020.10.05,鸣沙山月牙泉门票成人票, ,,
AeB23952403,225,3,2020.08.24,鸣沙山月牙泉门票成人票, ,,
wAK499209758,225,5,2020.10.04,鸣沙山月牙泉门票成人票, ,,
娟儿0702,225,5,2020.10.01,鸣沙山月牙泉门票成人票,很不错的地方，收费很合理。。。。。。。。,,
dCK278427748,225,1,2020.08.21,鸣沙山月牙泉门票成人票,差，骑骆驼和去月牙泉没一点关系。,,
⑾壬0256,225,5,2020.08.03,鸣沙山月牙泉门票成人票,强烈推荐，风景美不胜收，尤其是看落日真的好美。,,
S竹高s,225,3,2020.10.04,鸣沙山月牙泉门票成人票,(☆_☆)^(oo)^^ω^c(`_` )ノ,,
刘熠晨,225,4,2020.08.06,鸣沙山月牙泉门票成人票,沙漠中有一片绿洲。一个月牙泉，在沙漠里可以骑骆驼。还可以滑沙，喜欢沙漠的朋友可以来玩，项目挺多的。,,
四老幺,225,1,2020.08.25,鸣沙山月牙泉门票成人票,票务太坑，坑货到家没有之一。不说了,,
UIS444511242,225,2,2020.09.26,鸣沙山月牙泉门票成人票,就那样，没有啥感觉，和我们大内蒙的差不多,,
KhB505778751,225,4,2020.09.24,鸣沙山月牙泉门票成人票,美是美，但是晒到你头发晕的一个景点，腿也会爬得酸软无力,,
匿名用户,225,4,2020.09.20,鸣沙山月牙泉门票成人票,虽然门票第二天还能去，但是我们的行程不允许，没赶上日落有点遗憾,,
S飘逸非凡S,225,5,2020.08.09,鸣沙山月牙泉门票成人票,景区非常不错，第一次行走沙漠，特别舒服，牵骆驼的阿姨人特别好，骑骆驼100块，4.7公里，特别划算，时间不够了，要不晚上还想去的,,
lancer712,225,5,2020.09.27,鸣沙山月牙泉门票成人票,挺值得一来的,,
绝对靠谱,225,3,2020.08.18,鸣沙山月牙泉门票成人票,一天不够玩的，最好一早一晚去玩上两天还好,,
HoI501174972,225,2,2020.09.19,鸣沙山月牙泉门票成人票,人多，而且贵。到此一游，还不如直接去沙漠深处开atv，冲沙、烧烤、探险来的实在。,,
RYF775815342,225,3,2020.08.16,鸣沙山月牙泉门票成人票,不错 见惯了山清水秀 再看沙漠另类美,,
WOq星月,225,5,2020.08.17,鸣沙山月牙泉门票成人票,天气好的时候，拍照非常漂亮。,,
匿名用户,225,3,2020.07.08,鸣沙山月牙泉门票成人票,还可以，就是太热了没骑骆驼，骑骆驼估计会晒成碳。全程步行，没有玩任何项目也不错，矿泉水带够，里面6块钱。买票的工作人员态度有些冷，景区内还行。,,
暴走皮皮虾666,225,4,2020.09.11,鸣沙山月牙泉门票成人票,门票管三天，骑骆驼很好玩，就是，景区里面应该顿增加卖热食的，面条啊，啥的，不然太饿了。,,
zengfanpeng,225,5,2020.06.25,鸣沙山月牙泉门票成人票,还不错，推荐早点去骑骆驼看日出，然后骆驼会送到月牙泉，转一圈再去爬一爬坡，喜欢滑沙、摩托，、直升机的也可以尝试下，我没玩，大概不到十点就出来了，门口可以刷脸，三天内进入免费！推荐骑骆驼看日出，或者露营，我来得是6月末，牵骆驼的师傅告诉现在露营晚上肯定会比较冷，最好是7月末！大概就这些。,,
MzE329009331,225,5,2020.09.17,鸣沙山月牙泉门票成人票,如果错过了晚上的末班公交车，就只有打车了。不过都是正规打表的。,,
空山鸟语354,225,3,2020.09.23,鸣沙山月牙泉门票成人票,月牙泉塔边有棵桃树，桃子味道真不错。哈哈,,
Princeling183,225,1,2020.07.26,鸣沙山月牙泉门票成人票,这个票进去除了月牙泉别的啥也没有，骑骆驼100，带孩子120，牵骆驼的帮你拍个照都20，不让他拍然后各种说话好难听，直接半路给绕近道回去了，不是收费拍照片的那个，就只是牵骆驼的拿手机帮拍一下照片，还把别人家小孩子推倒，骆驼号466，一家的说好的一队的结果分开两队，等了一个多小时，差评。这地方各种坑，月牙泉练习网上看看图片就行,,
sarahningbo,225,3,2020.07.21,鸣沙山月牙泉门票成人票,门票买的时候有优惠券，比现场买便宜了10 块，景内有骆驼车队，骑的人很多，每人100，但是要现金，推荐滑沙，滑沙蛮好玩的。去玩的时候防晒很重要！！！,,
qWD148294582,225,5,2020.08.08,鸣沙山月牙泉门票成人票,非常不错，真不愧是国家级五A旅游景区。,,
bTV682727339,225,4,2020.09.11,鸣沙山月牙泉门票成人票,很适合拍照的打卡点，每一场都拍的美美的，根本不用滤镜，每一张都好喜欢，带上喜欢的衣服，拍一张美美的照片吧,,
GRO410080762,225,3,2020.08.08,鸣沙山月牙泉门票成人票,沙漠景色配上月牙泉，收110的门票感觉小贵了。,,
harukaTop8795,225,4,2020.08.10,鸣沙山月牙泉门票成人票,鸣沙山什么时候才能鸣呢，月牙泉真的是仙女的一滴眼泪吗。好多红裙子啊，汉服同这里更搭呢，想到哪就写到哪，前后思绪放飞，景区内物价确实有点贵，可以在外面买好了东西再进去,,
钱柜钱柜钱柜,225,3,2020.09.15,鸣沙山月牙泉门票成人票,风景秀丽，自然瑰宝，游玩设施根据个人情况掌握,,
PKr343996248,225,5,2020.08.11,鸣沙山月牙泉门票成人票,早上看日出不错，气温不冷不热，唯一不足是没有买的早餐，景区门口有两家早餐店，进去其中一家，十块钱一份，包子居然是酸的，换了个包子，小蔡现做，居然不用洗菜，莲花菜切好后用手抓了抓拌了拌就端出来了，可以说一口没吃，太恶心了。,,
半打卤鸡蛋,225,2,2020.09.04,鸣沙山月牙泉门票成人票,这个景区太会赚钱了。各种付费项目。骆驼，就是绕一圈，到山底就结束了，到头来还是自己爬山。感觉没啥意思。,,
smt820124874,225,4,2020.08.05,鸣沙山月牙泉门票成人票,除了直升机和滑翔机和骆驼，其他不要浪费钱在里面玩，太坑！想要摩托和吉普车就去露营，最后悔最遗憾的就是没有露营，时间错过加浪费！看这星空多美,,
匿名用户,225,1,2020.07.30,鸣沙山月牙泉门票成人票,这个景点太坑了，110就进个门，里面所有的项目都需要单独花钱，鸣沙山沙是很细，月牙湖也的确是月牙的形状，可是一路过来，我见到的沙漠和湖还少吗，观光车建议买单程，回来的时候坐，进去那段路2分钟都不到，但是滑沙确实很好玩，我儿子玩了两次，但是爬上去太累了,,
syllon,225,3,2020.07.08,鸣沙山月牙泉门票成人票, ,,
FSa834179354,225,5,2020.09.19,鸣沙山月牙泉门票成人票, ,,
xuxu091125,225,4,2020.09.20,鸣沙山月牙泉门票儿童票/学生票,好,,
Ees793862626,225,3,2020.09.21,鸣沙山月牙泉风景名胜区门票成人票,不知道还有这么一单，需要有好评加油,,
吃。解决好问题,225,5,2020.08.01,鸣沙山月牙泉门票成人票,美得不想话,,
xuxu091125,225,4,2020.09.20,鸣沙山月牙泉门票成人票, ,,
xuxu091125,225,4,2020.09.20,鸣沙山月牙泉门票老人票, ,,
匿名用户,225,2,2020.08.15,鸣沙山月牙泉门票成人票,大家进门时千万不要买滑沙板子了 根本用不成，还有去骑骆驼的时候他会让你把板子和铲子都扔了 说是会惊吓到骆驼，坑爹的我还没用的板子就归牵骆驼的人了 进到景区捡了一个板子滑着试根本用不了,,
KTy712645427,225,1,2020.09.17,鸣沙山月牙泉门票成人票,停车场保安服及差，，，，【环境】【交通】【项目】,,
KTy712645427,225,1,2020.09.17,鸣沙山月牙泉门票成人票,保安，太差，好像没给钱一样，【交通】【项目】,,
Terrance_lee,225,4,2020.07.16,鸣沙山月牙泉门票成人票,推荐去骑骆驼 一个小时上山下山四公里 就是有点颠 但是没试过还是要体验下的 可以爬到山顶看日落 风景很好,,
匿名用户,225,1,2020.07.29,鸣沙山门票+沙漠露营成人票,火锅几乎全素，汤底几乎盐水，啤酒是“纯生态”没听过的牌子，烧烤每人一串肉。从昨晚到今天中午，拉了三次肚子，要虚脱了。活动对于年轻人来说很尴尬，但所有的露营都差不多如此。建议年轻朋友来敦煌不要去露营，建议月牙山很早或者很晚去。,,
范羽轩0508,225,5,2020.05.24,鸣沙山月牙泉门票成人票,第一次看到如此美的景色，这么大的沙山和蓝天白云，有一队队的骆驼，还有最有名的月牙泉。孩子进去就撒欢了，各种摸爬滚打。滑沙来回做了三次，最后孩子都爬不上来了。。。为了看到月牙泉全景，必须要爬到沙山顶，沙子很松软，爬上去真是很费劲。走进深处的月牙泉，景色也是有着独特的美。,,
tkL470053741,225,3,2020.09.12,鸣沙山月牙泉门票成人票, ,,
DDd114294014,225,4,2020.08.15,鸣沙山月牙泉门票成人票,风景挺不错的，看身边过来玩的人都比较开心。,,
JzB703763278,225,5,2020.09.11,鸣沙山月牙泉门票儿童票/学生票,值得一去，带着家里人去的，景点一次购票可以玩两天，很满意！,,
eMX374071757,225,4,2020.09.17,鸣沙山月牙泉门票成人票,非常值得一游，大自然的神奇产物！,,
BBw819424508,225,2,2020.06.25,鸣沙山月牙泉门票成人票,鸣沙山的沙子还是比较细的，滑沙也可，月牙泉是真的神奇，想想历史上的丝绸之路，还是很震撼。但还是要吐槽一波，鸣沙山的门票为啥这么贵，里面的项目一个也不包含，就要收110的门票，emmm，总体上只能说体验一般般了。,,
吃冰激凌的企鹅,225,5,2020.09.09,鸣沙山月牙泉门票成人票,晚上的时候可以看看日落，另外爬到山顶再滑下来感觉特别嗨,,
kXQ174402224,225,4,2020.09.18,鸣沙山月牙泉门票成人票,可以,,
Tuk378408140,225,4,2020.08.24,鸣沙山门票+沙漠露营成人票,老板是东北人很热情～晚上的自助，露营，还有绝美的星空！,,
Ahcc9999,225,4,2020.07.29,鸣沙山月牙泉门票成人票,设施齐全，服务周到，总体满意。,,
旧情旧意,225,5,2020.05.13,鸣沙山月牙泉门票儿童票/学生票,看月牙泉有两种方式，一个是近距离平视，一种就是爬到鸣沙山上俯瞰全景这种沙泉共生，泉沙共存的独特地貌，被称为天下奇观，它是敦煌众多景区中的佼佼者，古往今来以沙漠奇观著称于世！近处看月牙泉就是一汪水，神奇就在它身处沙漠而千年不干而且不被沙子埋没顺着景区搭的软木梯往上爬可以省一部分力气，大概剩下10多米的地方全靠自己爬了，让你体验一下爬一步退三步的感觉。七点多夜幕降临了，这时候的月牙泉景区观景灯全亮了，找块空地坐下来欣赏它最美的时候，耳边传来田震演唱的月牙泉，太应景了建议朋友们一生一定要来一次的地方,,
皇帝混混,225,5,2020.09.08,鸣沙山月牙泉门票成人票,感受大漠豪情与沙漠湖水的柔情 肯定不后悔,,
腾讯悔我一生,225,5,2020.07.05,鸣沙山月牙泉门票成人票,国内最早一批景区，相关基础设施还有配套人员都挺好，也不像是苏州那边的景区那么管理混乱。,,
木子爱娜美,225,4,2020.09.10,鸣沙山月牙泉风景名胜区门票成人票,很好  很好玩  值得来一次「月牙泉」「滑沙」,,
文楠很为难,225,5,2020.07.16,鸣沙山月牙泉门票成人票,值得一来，骑骆驼，滑沙，山地车，超刺激。,,
im美酒加咖啡,225,1,2020.09.11,鸣沙山月牙泉门票儿童票/学生票,买错了，还不退款，和客服多次协商无果,,
匿名用户,225,1,2020.08.09,鸣沙山营地门票+沙漠露营成人票,本来只是想露营，团票的时候时候美团上只是写着成人票加露营，一人206我团2张412走的时候才看到明细那才写的其实是有鸣沙山门票费，和我联系的那个人也不提示他不说有门票，唉，被坑了的感觉,,
miniTravel_2号机,225,3,2020.06.23,鸣沙山月牙泉门票成人票,去的时候没赶上好天气，没有日落。景区沙子挺细，玩的沙滩项目非常多，价格不算便宜。骑骆驼比较慢，坐的我有点心焦，骆驼也一直喘粗气应该非常累，听的难受，圣母病犯了。。,,
李相晴,225,5,2020.08.08,鸣沙山月牙泉门票成人票,白天太热了，推荐傍晚六点后再去，夕阳光很美！,,
痛经少女是我,225,4,2020.08.12,鸣沙山月牙泉门票成人票,性价比可以，沙子很细，景区内不消费也可以玩的很好，爬到山顶看月牙泉拍日落很美。,,
_qq35v1403713467,225,1,2020.08.07,鸣沙山营地门票+沙漠露营成人票,大家认真看一下我的评论，里面包括的游玩项目是不在鸣沙山景区里面的，而且里面游玩项目时间很短，大家千万不要去！而且里面的星空垃圾的要死，等了半个小时才拍照，而且是他们用手机给你拍的，特别垃圾！,,
CFI162087211,225,3,2020.08.26,鸣沙山月牙泉门票成人票,100来块的门票真心贵，景区非常小，只有很少一部分开发，除了很小的一片沙漠，没啥好玩的,,
wymcx,225,2,2020.09.06,鸣沙山月牙泉门票成人票,一般吧，所有现场项目感觉价格都偏高,,
UWa135239089,225,1,2020.08.25,（成人）鸣沙山月牙泉票+20:00场又见敦煌普通席票+莫高窟应急参观票,我买了几个景点的套票，到了几个景点都没有帮我出票。最后一个演出还把我们搞漏了，人到了又见敦煌，确没有帮我出票。一家人就眼巴巴的干等着。,,
匿名用户,225,4,2020.09.11,鸣沙山月牙泉+玉门关+雅丹地质公园门票成人票,很不错的地方,,
匿名用户,225,3,2020.05.13,鸣沙山月牙泉门票成人票,景区适合天气好的时候下午去，日落景色更好，一定要擦防晒做好防护，中午太阳晒的厉害会把皮肤晒伤，但是这个骑骆驼就比较坑了，一百块钱，体验感极差，牵骆驼的人态度极差，半路会说给你拍照，一个人收费20元，我们就是因为没有让他赚到这点钱，骆驼牵的特别快，而且是从低山坡走的，问他话凶的要死，里面的很多项目收费都挺高，体验感一般，如果不是特别想玩，建议还是不要花那些冤枉钱，看看风景也不错，如果要玩的久一点的话可以选择在景区里面租个鞋套，外面地摊买的虽然便宜一点，但是质量不行，走路多了就烂了，如果要在外面买，记得要还价，十五块钱两双差不多，有的摊摊卖十五一双，喜欢拍照的可以自己带个红裙子，外面租的买的价格都挺贵，而且大家穿的款式都一样，或者可以穿颜色鲜艳的衣服，拍照好看,,
LiA683079657,225,5,2020.08.23,鸣沙山月牙泉门票成人票,很好的自然景观,,
匿名用户,225,1,2020.08.31,鸣沙山月牙泉门票成人票,里面很坑.不值这个价.各种收费的项目关键是价格高得离谱,,
hPA596194756,225,1,2020.08.28,鸣沙山月牙泉门票成人票,所有项目都要花钱，价格很贵，不能爬山，还不如去后山的露营基地，玩得好还便宜,,
npz201836063,225,4,2020.09.09,（成人）鸣沙山月牙泉票+20:00场又见敦煌普通席票+莫高窟应急参观票,又见敦煌太震撼了,,
cQP207363843,225,5,2020.08.02,鸣沙山月牙泉门票成人票,不锖一生直得来一次,,
ymdx2008,225,5,2020.09.08,鸣沙山月牙泉门票成人票,景色优美，员工服务贴心，超5A感受,,
龙猫儿1号,225,3,2020.05.28,鸣沙山月牙泉门票成人票, ,,
香奈儿0923,225,4,2020.09.04,鸣沙山月牙泉门票成人票,骆驼真的很值得 就是太晒啊 总体来说推荐,,
匿名用户,225,3,2020.09.03,鸣沙山月牙泉门票成人票,还可以吧，在哪里买票都一样。景色不错,,
lhm870919,225,3,2020.08.06,鸣沙山月牙泉门票成人票,旅游胜地。票可以三天之内随意入园,,
匿名用户,225,3,2020.09.04,鸣沙山月牙泉门票成人票,整体来说感觉感觉还行，门票偏贵。,,
一如既往81,225,4,2020.08.13,鸣沙山月牙泉门票成人票,景区不大，但沙漠地形很消耗体力，没走楼梯硬是没爬上山顶，骑骆驼可以看到一望无际的大沙漠和城区绿洲,,
ism522983941,225,5,2020.09.07,鸣沙山月牙泉门票成人票,小裴、赵军服务很满意,,
WJc739518099,225,5,2020.09.06,鸣沙山月牙泉门票成人票,千里迢迢而来，必须打卡之地。,,
wiD336638472,225,5,2020.07.25,鸣沙山月牙泉门票成人票,下午没那么热的时候去的，晚霞真的很美,,
我要吃rua,225,5,2020.08.22,鸣沙山月牙泉门票成人票,五星好评，就是骑骆驼不推荐，感觉骆驼好可怜，我后面那只骆驼一路呼呼喘气，身上汉都流满了,,
RxI862830929,225,5,2020.08.29,鸣沙山月牙泉门票成人票,还是临近黄昏去的时候好玩，不热，景色优美,,
wuh654120198,225,4,2020.06.15,鸣沙山月牙泉门票成人票,突然决定闪现沙洲，由于突然莫高窟看不了，只能去鸣沙山月牙泉溜达了！好在此行玩的很好，天气好，心情好，景色更好，就是时间有点紧张，有些项目没时间体验留了些遗憾。希望下次的沙洲行会更加美好！！！,,
wjslbb0201,225,4,2020.07.02,鸣沙山月牙泉门票成人票,作为体验还是不错的，骑骆驼是100/人，还有滑沙等其他娱乐项目，总体虽然不会很惊艳但是也还好，值得来一趟，建议做好防晒工作,,
nxstar1437,225,4,2020.08.11,鸣沙山月牙泉门票成人票,门票可以玩三天，骆驼队伍很壮观，滑沙一般。,,
ZHJ是帅哥,225,4,2020.08.28,鸣沙山月牙泉门票成人票,有点可惜没有看上日落，不过一张票可以三天内一直玩儿这个很好,,
匿名用户,225,5,2020.06.28,鸣沙山月牙泉门票成人票,遗迹馆  远古家园陈列馆  王都剪影陈列馆  解读金沙陈列馆  千载遗珍陈列馆  天地不绝展厅 厅 遗迹馆  远古家园陈列馆  王都剪影陈列馆  解读金沙陈列馆  千载遗珍陈列馆  天地不绝展厅 厅 遗迹馆  远古家园陈列馆  王都剪影陈列馆  解读金沙陈列馆  千载遗珍陈列馆  天地不绝展厅 厅,,
_qq58z1408849162,225,3,2020.08.12,鸣沙山月牙泉门票成人票,骑骆驼一百块骑了1个小时也是物超所值，不过屁股不好受,,
caj668899,225,5,2020.08.31,鸣沙山月牙泉门票成人票,风景优美，交通便利，值得一看,,
DDWWXX66,225,2,2020.08.13,鸣沙山月牙泉门票成人票,玩玩沙，骑骆驼，照照像，景区也不大，人巨多，门票110元，性价比太低，几千公里跑过来，也就那样吧，一辈子也就来一次吧,,
vqq274275482,225,3,2020.08.30,鸣沙山月牙泉门票儿童票/学生票,一般般就是外面买滑沙板的人有点不行，大家千万别买，坑人,,
hvZ243908417,225,3,2020.08.29,鸣沙山月牙泉门票成人票,不错，有骆驼骑，沙漠玩，月牙泉就是一个人工水池。,,
asdfg12121,225,3,2020.07.22,鸣沙山月牙泉门票成人票,很不错的，推荐步行，不远，带足矿泉水,,
caj668899,225,5,2020.08.31,鸣沙山月牙泉门票儿童票/学生票,很漂亮，玩的很开心,,
安静的疯纸JY,225,3,2020.08.27,鸣沙山月牙泉门票成人票,因为前面去了沙坡头，所以对这个景区没有什么感觉。,,
BAILEI123456,225,4,2020.08.17,鸣沙山营地门票+沙漠露营成人票,让人难忘的地方，晚上正好有流星雨，星空很美，还有篝火晚会，沙漠摩托车，骑骆驼等，总之还不错。,,
caj668899,225,5,2020.08.31,鸣沙山月牙泉门票成人票,强烈推荐，不枉此行,,
cqwhf,225,4,2020.08.26,鸣沙山月牙泉门票成人票,值得一去，景区内交通车不值得坐，离月牙泉很近。,,
痞子逍遥,225,5,2020.09.04,鸣沙山月牙泉门票成人票,非常不错！,,
弹指刹那2345,225,4,2020.08.24,鸣沙山月牙泉门票成人票,网上购票真的很方便，到景区门口直接刷身份证就可以进了,,
炜伟道此,225,5,2020.07.17,鸣沙山营地门票+沙漠露营成人票,魂牵梦绕的地方，终于来到了十几年以来想要到的一个地方。,,
漠小隐,225,5,2020.07.11,鸣沙山月牙泉门票成人票,大夏天沙漠里面比较热，但是景色没的说！,,
nHU185962030,225,4,2020.08.12,鸣沙山月牙泉门票成人票,小孩子玩的很开心，骆驼值得一坐。拉骆驼的师傅沿途建议用你的手机给你拍照，20一位。最好天不要太热去，沙子会很烫。,,
贵在永恒88,225,5,2020.09.01,鸣沙山月牙泉门票成人票,方便买票,,
顾得趣,225,5,2020.05.28,鸣沙山月牙泉门票成人票,景点著名，门票太贵，爬到沙坡上能看到月牙儿，就是坡顶风太大，有可能被刮跑的感觉，19:30停止检票入园，有点不人性，因为你这儿还有个日落亮点了去了不后悔，不来也不遗憾,,
匿名用户,225,3,2020.08.11,鸣沙山月牙泉门票儿童票/学生票,不是想象中那么好，景点无论是卫生、服务和设施整体还有待提高，晚上看不清，同行的人被铁丝扎了脚。,,
luyani,225,2,2020.07.26,鸣沙山月牙泉门票成人票,还好吧，就是感觉110门票贵了点，景区不大,,
金城格格,225,5,2020.08.23,鸣沙山月牙泉门票成人票,感觉特别好，票能用三天，虽然我们也没有再去就返程了。,,
灰色鼹鼠,225,4,2020.08.13,鸣沙山月牙泉门票成人票,自然风光与娱乐项目有机结合，不同年龄段都能找到适合自己的项目，刷身份证入场快捷方便。,,
vina003,225,5,2020.08.26,鸣沙山月牙泉门票成人票,沙漠中的一泉月牙，两儿子耍得特别高兴！,,
TMV971314214,225,1,2020.08.15,成人票鸣沙山月牙泉门票+沙漠露营,服务态度差，第二天六点钟不到拉骆驼来吵起床。管理都管理不好！还搞个毛的露营基地！,,
opvc12,225,3,2020.08.23,鸣沙山月牙泉门票成人票,推荐傍晚去玩到天黑，景区会亮灯。白天去天气热，爬沙丘太热,,
gzbmm,225,5,2020.08.22,鸣沙山月牙泉门票成人票,骆驼很多，壮观，当天被风沙吹痛了脸颊。非常值得去的地方。,,
hfz698982126,225,4,2020.08.30,鸣沙山月牙泉门票成人票,意义不一样，终身难忘。,,
WOQ121585479,225,5,2020.08.29,鸣沙山月牙泉门票儿童票/学生票,非常不错的沙漠,,
hQz415419301,225,5,2020.08.13,鸣沙山月牙泉门票成人票,很早的时候就听说了鸣沙山月牙泉，这一次终于到了，去看了，百闻不如一见，真是大自然的魁宝,,
匿名用户,225,5,2020.08.05,鸣沙山月牙泉门票成人票,月牙泉很美，时间关系没有爬鸣沙山有点小遗憾。,,
yrjkyp,225,3,2020.08.25,鸣沙山月牙泉门票成人票,收费太多，卫生设施太少，指示路牌不清晰,,
晒月亮好温暖,225,5,2020.08.26,鸣沙山月牙泉门票成人票,非常有特色的西北景色，满意,,
wang4101020202,225,5,2020.07.30,鸣沙山月牙泉门票成人票,非常棒，可以玩沙子，骑骆驼我在里面玩了一整天，但是刮风的时候很糟糕，玩不成。,,
A苏梦,225,3,2020.08.25,鸣沙山月牙泉门票成人票,还好，就是好热，没有等到看夜景,,
高原雪豹252,225,4,2020.08.11,鸣沙山月牙泉门票成人票,景色很美,,
qinglanxia,225,5,2020.08.24,鸣沙山月牙泉门票成人票,西部沙漠值得一去，沙漠跟漂亮,,
limingqi0123,225,3,2020.08.19,鸣沙山月牙泉门票成人票,摩托车上车就忽悠你增值这个增值那个！不坐回头都不怎么搭理你！,,
小谢喔,225,2,2020.08.23,鸣沙山月牙泉门票成人票,说实在的里面工作人员态度真心不怎么样,,
丫丫懒懒,225,2,2020.08.13,鸣沙山月牙泉门票成人票,就一沙山要收110的门票，进去还什么都要收费，怎么上厕所不收个钱呢？大西北真是想钱想疯了,,
匿名用户,225,2,2020.06.24,鸣沙山月牙泉门票成人票,我已经去过沙湖了，这里真的没必要了，门票真的很坑。大概只是因为敦煌三大奇迹之二在这里所以门票贵吧。不是贵，是不值得。沙漠的话，推荐沙湖，那个可以玩的东西多，也超大，同5A。,,
xvling275526,225,5,2020.07.23,鸣沙山月牙泉门票成人票,呵呵，敦煌的月牙泉景区让我意外的惊喜，沙漠里还可以这么舒服，很特别的体验，从9点一直里待到下午……,,
匿名用户,225,3,2020.08.21,鸣沙山月牙泉门票成人票,盛名之下，其实比较一般！唯一亮点就是这一滩水吧,,
匿名用户,225,5,2020.08.22,鸣沙山月牙泉门票成人票,景色美，价格便宜，值得推荐,,
Jux902240990,225,5,2020.08.28,鸣沙山月牙泉门票成人票,好玩，还会再去,,
Dna802651980,225,3,2020.08.19,鸣沙山月牙泉风景名胜区门票成人票,来自南方的孩子第一次感受沙漠和骆驼，印象深刻，值得一游,,
nIj140134003,225,5,2020.08.25,莫高窟应急票+鸣沙山月牙泉票+《敦煌盛典》A区票（成人票）,好漂亮值得一去,,
匿名用户,225,4,2020.06.23,鸣沙山月牙泉门票成人票,风景很美，风沙比较大，做好防护，遮阳帽，纱巾这些，气温较高，多饮水防中暑，外出旅行，安全第一，风景第二！,,
匿名用户,225,5,2020.08.05,鸣沙山月牙泉门票成人票,可以很好看很喜欢的电影票的小伙伴可以看到这个节目了。我在这里你会有一个人吗，山东半岛蓝色经济区管委会,,
匿名用户,225,3,2020.08.17,鸣沙山月牙泉门票成人票,太晒了，没有一个遮阳的地方，月牙泉买了点纪念品就出来了,,
匿名用户,225,1,2020.08.18,成人莫高窟应急票+鸣沙山月牙泉票+沙漠露营,晚上的露营帐篷太臭了，强烈不推荐，票价定位太高,,
武动人生501,225,5,2020.07.20,鸣沙山月牙泉门票成人票,非常好，门票可以用三天。有玩的项目也好几个，推荐玩两天,,
fKl445172148,225,4,2020.08.18,鸣沙山月牙泉门票成人票,心心念念的沙漠，骆驼，月牙泉都感受到了！很开心！,,
匿名用户,225,3,2020.08.23,鸣沙山月牙泉门票成人票,还行，没见到，还挺稀罕，就是热！,,
思萌2,225,4,2020.08.15,鸣沙山月牙泉门票成人票,拍照很漂亮 千万不要挑大下午的时间去爬沙 脚都差点烫熟了....,,
wyw7927311,225,2,2020.08.19,鸣沙山月牙泉门票成人票,景区消费项目比较贵，观光车比较少,,
DPA757590928,225,2,2020.08.22,鸣沙山月牙泉门票成人票,来了后悔，不来也后悔，这风沙不得了,,
TER465199443,225,5,2020.08.12,鸣沙山月牙泉门票成人票,先坐骆驼再游玩吧，最后坐骆驼还要自己走出去，其他项目没必要玩。钱多无所谓。,,
DXm778798265,225,4,2020.08.24,鸣沙山月牙泉门票成人票,带孩子来玩，耍了一天！,,
rkd506936187,225,4,2020.07.10,鸣沙山月牙泉沙漠露营票（成人票）,有车接车送，项目很多，那个沙漠摩托很刺激啊，就是去的时候有点晚了，没有玩全，然后天气原因风沙太大，晚上主持人气氛搞的也很好,,
tIL127007528,225,3,2020.08.19,鸣沙山月牙泉门票成人票,进来骑了骆驼，玩了滑沙项目，新的体验,,
hQz415419301,225,5,2020.08.13,鸣沙山月牙泉门票儿童票/学生票,儿子和女儿都很喜欢，特别是，那么大的沙丘，大家去的时候注意防晒,,
梁Wt,225,5,2020.08.06,鸣沙山月牙泉门票成人票,很多人其实并不是奔着月牙泉去的，都是奔着沙漠跟日落日出去的，天气好的情况下日落日出是非常美的，值得去,,
FPJ373211932,225,5,2020.08.22,鸣沙山月牙泉门票成人票,里面很多项目都是收费哒,,
森的美食,225,3,2020.06.01,鸣沙山月牙泉门票成人票,坐直升机才看的到美景大老远自驾西北线真的值得了一路上都是风景月牙泉很美我们上午就拍拍拍骑骆驼很晒，觉得骆驼很可怜哎人生体验一次就算了,,
Cti768081383,225,5,2020.08.22,鸣沙山月牙泉门票成人票,好,,
KrisWang1111,225,5,2020.06.20,鸣沙山月牙泉门票成人票, ,,
yingmuhuazhu,225,5,2020.08.06,鸣沙山月牙泉门票成人票,旅游开发的很不错了。景观，自然环境都让人叹为观止。有点流连忘返的感觉。,,
Pcw608939511,225,5,2020.07.25,鸣沙山月牙泉门票成人票, ,,
yn52333,225,4,2020.08.19,鸣沙山月牙泉门票成人票,挺好,,
ZHZ976804989,225,4,2020.07.25,鸣沙山月牙泉门票成人票,设施齐全，环境好，提醒一下，太阳落山晚，下午八九点去正好玩。去的早太阳很晒了。拍照准备好亮色衣服，拍出来的很有异域风情,,
林忆雪99,225,2,2020.08.17,鸣沙山门票+沙漠露营成人票,一般吧，后期消费太多了。吃的也很一般,,
匿名用户,225,5,2020.08.10,鸣沙山月牙泉门票成人票,挺好的  就是里面骑骆驼和游乐设施有点贵,,
uQQ753148796,225,2,2020.07.16,鸣沙山月牙泉门票成人票,门票价格有点贵110，进去如果骑骆驼还要再花100，骑到半路上还要再给驼夫20元照相费用，不骑骆驼的话，鸣沙山也只能就在山下看看，月牙泉据说是在人工蓄水，所以也就是个人工湖，,,
cappuccino791111,225,4,2020.08.09,鸣沙山月牙泉门票成人票,二次来敦煌，感觉没有之前好，到处的人，心塞。商业化严重。,,
Nmz678069725,225,5,2020.08.12,鸣沙山月牙泉门票成人票,非常棒，沙漠景观，进去之前买一双鞋套还是非常有必要的。,,
kXQ174402224,225,4,2020.08.16,鸣沙山月牙泉门票成人票,景色不错就是太热太晒,,
cGl143579475,225,2,2020.08.12,鸣沙山月牙泉门票成人票,一般般，感觉没有想象中那么好，也没什么可玩的，随便看下就走了,,
杨帆tt,225,5,2020.07.18,鸣沙山月牙泉门票成人票,非常好玩有意思，骑骆驼很刺激。,,
BmE737806391,225,4,2020.07.30,鸣沙山月牙泉门票成人票,小朋友很喜欢，骑骆驼四十分钟左右100块，小朋友同骑加20，真的挺棒的，爬上沙漠顶看底下月牙泉还不错,,
luodiao,225,5,2020.08.12,鸣沙山月牙泉门票成人票,很方便，以后都在网上预订门票好了,,
UfO13759600,225,5,2020.08.11,鸣沙山月牙泉门票成人票, ,,
kjk974648288,225,2,2020.08.08,鸣沙山月牙泉门票成人票,个人觉得这个地方就是一个打卡点，不如去别的俱乐部玩，还便宜。,,
w小媚,225,4,2020.07.25,鸣沙山月牙泉门票成人票,体验沙漠骆驼之趣，和大漠的奇妙，感叹大自然的神奇,,
FqS565379187,225,4,2020.08.17,鸣沙山月牙泉门票成人票,基础设施可以,,
xvling275526,225,4,2020.07.23,鸣沙山月牙泉门票成人票,呵呵，没想到黄沙漫漫中还可以有这么多的乐趣……让人流连忘返,,
tby784644594,225,4,2020.08.14,鸣沙山月牙泉门票成人票,很好，没玩够，进入得太晚了，起码得玩5个小时,,
Rl0711,225,4,2020.08.11,鸣沙山月牙泉门票成人票,环境其实挺好的 就是可能去的不是时候 夏天会好很多,,
Iqb895602455,225,5,2020.08.15,鸣沙山月牙泉门票成人票,好，很好，非常好,,
a薇薇安～～,225,5,2020.05.27,鸣沙山月牙泉门票成人票,想来月牙泉很久了，终于匆忙的来了一次说走就走的旅行，推荐下午5点以后过来，不会很热，太阳不会很烈，但是防晒还是需要搞好的，拉骆驼的小哥哥会帮你在骆驼上拍照，还是比较专业的，等到9点看了日落，太美了……,,
Marcos250,225,2,2020.07.19,鸣沙山月牙泉风景成人票+沙漠露营,沙滩可以去，适合拍照。晚上住帐篷，是没有可以洗澡的地方的，如果旁边的帐篷有声音那你也是睡不好的，女孩睡那里安全也有问题。火锅和烧烤吃了拉肚子,,
pwf432527651,225,4,2020.08.02,鸣沙山月牙泉门票成人票,骆驼很满意，牵骆驼小伙人很好，就是风沙大走了5-6分钟，基本上没逛，再次有机会去,,
DBT441481041,225,5,2020.08.09,鸣沙山月牙泉门票成人票,爬沙漠非常的累 强烈推荐带双拖鞋进去 还是值得去玩的,,
W3174994,225,3,2020.08.10,鸣沙山月牙泉门票成人票,还不错啦你去了才能感受到，不好没什么感觉,,
匿名用户,225,4,2020.08.14,鸣沙山月牙泉门票成人票,进出了两天，还不错,,
不想起名字怎么了,225,5,2020.08.14,鸣沙山月牙泉门票成人票,炒值的景区,,
空白保定,225,3,2020.08.11,鸣沙山月牙泉门票成人票,晚上躺沙山上真的太爽了，可惜没看到落日,,
seN146690297,225,5,2020.08.04,鸣沙山月牙泉门票成人票,出票快特别方便还优惠了六元推荐，托福驼夫，很愉快的旅程,,
luodiao,225,5,2020.08.12,鸣沙山月牙泉门票成人票,方便快捷入园，很赞,,
TyI395437010,225,3,2020.07.19,鸣沙山月牙泉门票成人票,去的时候快中午太热了，在树下孩子玩了好长时间沙子不亦乐乎，在沙坡头骑了骆驼，在这也没骑，太热了，月牙泉不错很神奇沙漠绿洲。,,
QJv830040428,225,4,2020.08.10,鸣沙山月牙泉风景名胜区门票老人票（60-60岁）,沙漠风光，独具一格,,
QLf415786119,225,5,2020.07.17,鸣沙山月牙泉门票成人票,推荐去,,
尘电信98240,225,4,2020.08.13,鸣沙山月牙泉门票成人票,很好，可以带小孩子来玩。,,
ezj145006289,225,5,2020.06.17,鸣沙山月牙泉门票成人票, ,,
BxK615976080,225,4,2020.08.13,鸣沙山月牙泉门票成人票,好,,
匿名用户,225,5,2020.08.05,鸣沙山月牙泉风景名胜区门票成人票,美的一塌糊涂，滑沙距离短价格高，不过瘾,,
ahbbsongfei,225,2,2020.07.20,鸣沙山月牙泉门票成人票,进去除了爬会沙山、看下人工水池，全部都要不停消费，风景值得一看，这个票价唯一值得说的就是可以三天连续入园。,,
bpC744970656,225,4,2020.08.07,鸣沙山月牙泉门票成人票,设施还可以，景区环境不错，干净整洁卫生。,,
匿名用户,225,5,2020.08.07,鸣沙山月牙泉门票成人票,除了热热热热热热热，其他全好,,
NoahLai666,225,5,2020.05.01,鸣沙山月牙泉门票成人票,景色超级漂亮，还可以骑骆驼，爬沙丘，从沙丘里滚下来，或者滚来滚去，爬沙丘多带水，沙丘上面没有卖水的地方，而且上下都很困难，月牙湖特别漂亮，门票可以一天随便进出，可以早上去日出，然后出来下午再去，离市区不远，有公交，打车也很便宜。,,
夕颜huan,225,4,2020.05.13,鸣沙山月牙泉门票成人票, ,,
seN146690297,225,5,2020.08.04,鸣沙山月牙泉门票成人票,又快又方便还有优惠直接刷身份证就好，棒,,
龙弱水三千,225,4,2020.08.12,鸣沙山月牙泉门票成人票,还行,,
Htc769685544,225,3,2020.08.06,鸣沙山月牙泉门票成人票,可以就是里面有点热，一定要多带点水进去,,
锤子兮兮滴,225,4,2020.06.08,鸣沙山月牙泉门票成人票,还可以吧，去的那天就是风太大了点。,,
匿名用户,225,5,2020.07.17,鸣沙山月牙泉门票成人票,很棒啊，特别喜欢，骑骆驼很开心，日落也很美。,,
realkerxy,225,5,2020.08.09,鸣沙山月牙泉门票成人票,就是太热……,,
嗨时光呀,225,1,2020.08.07,鸣沙山月牙泉门票成人票,一点也不好玩，特别热，不推荐。,,
匿名用户,225,2,2020.08.07,鸣沙山营地门票+沙漠露营成人票,景区不错，沙漠露营没办法形容。,,
NFt488349104,225,4,2020.08.02,莫高窟应急票+鸣沙山月牙泉票+西晋墓壁画票（成人票）,请至少提前1天的20点前购买,时隔多年，还记忆犹新，大漠里的景色让我心驰神往，这辈子不会忘记。,
擅解,225,4,2020.07.22,鸣沙山月牙泉门票成人票,我们骑着骆驼在照相，然后让身边的工作人员帮我们拍张照，结果要20块钱。这是强制买卖吗？而且我们是用自己的手机拍。,,
Mini星星星,225,5,2020.08.03,鸣沙山月牙泉+玉门关+雅丹地质公园门票成人票,值得一去，我们冬天去的，泉水全是冰块，特别美。,,
深山居士的向往,225,2,2020.08.08,鸣沙山月牙泉门票成人票,太贵了，光是进去的就110元………………,,
vJI855710776,225,5,2020.08.07,鸣沙山月牙泉门票成人票,值得一去，下次还会来,,
峡谷最强y,225,1,2020.08.07,鸣沙山月牙泉门票成人票,坑人的很，么意思啊，一点都不好玩,,
mID461513851,225,3,2020.08.03,鸣沙山月牙泉门票成人票,不错，骑骆驼有点意思，习惯性好评！,,
LBR454357393,225,5,2020.08.07,鸣沙山月牙泉门票成人票,不错,,
哼烟小霞,225,5,2020.08.08,鸣沙山月牙泉门票成人票,可以玩三天，太值得推荐,,
Mini星星星,225,5,2020.08.03,鸣沙山月牙泉+玉门关+雅丹地质公园门票成人票,值得一去，我们是冬天去的，人很少,,
匿名用户,225,4,2020.07.31,鸣沙山月牙泉门票成人票,爬沙实在是太累了，但在沙顶望下去风景还是可以的,,
不吃猪肉哎,225,5,2020.08.03,鸣沙山月牙泉门票成人票,「月牙阁」「乘骑骆驼」「月牙泉」「鸣沙山」「滑沙」,,
fTF569588738,225,4,2020.07.30,鸣沙山营地门票+沙漠露营成人票,总的来说还不错，除去不能洗澡和厕所脏。晚上可以拍星空,,
leyiiiiiiiiii,225,3,2020.07.28,鸣沙山月牙泉门票儿童票/学生票,还行吧我是一个好同志啦所以我写满十五字了骆驼很臭,,
匿名用户,225,5,2020.08.04,鸣沙山月牙泉风景名胜区门票成人票,好美,,
寿兔子,225,4,2020.07.27,鸣沙山月牙泉门票成人票,城市边上有一个这么好的旅游景点，实在是不可多得！好评！,,
爽爽Young,225,3,2020.06.28,鸣沙山月牙泉门票成人票, ,,
鸡蛋的爱778107,225,5,2020.08.02,鸣沙山月牙泉门票成人票,挺好的。,,
_qqc6s1429357947,225,3,2020.07.29,鸣沙山月牙泉门票成人票,买门票进去进去全是花钱的项目，不懂还要收这么贵的门票干什么,,
HCM306297247,225,3,2020.07.28,鸣沙山月牙泉门票成人票,去的有点晚，天气不是很好所以拍照效果一般，，其他都还不错,,
KoS741825787,225,1,2020.07.29,鸣沙山月牙泉门票成人票,退个多买的票都退不了，打客服一直是这个推那个那个推这个的千万不要到这里来玩,,
outman1437,225,3,2020.06.15,鸣沙山月牙泉门票成人票,异域风情，摇摆至上，风景还不错，值得一玩。,,
Tws969091579,225,5,2020.06.07,鸣沙山月牙泉门票成人票,一定要早点去，可以看日出，中午的时候就不能玩了，沙子烫脚。还有此票是可以玩两天的，可以找个地住下，晚上还可以看星星,,
pHt237803946,225,4,2020.07.08,成人票鸣沙山月牙泉门票+沙漠露营,不错 项目很多 老板和主持人很热情 祝福生意越来越好,,
mbrpy,225,5,2020.08.02,鸣沙山月牙泉门票成人票,环境好，交通便利，好玩,,
gIe403819837,225,4,2020.07.16,鸣沙山月牙泉门票成人票,天气挺热的，太晒了，主要做好防晒工作，中午去沙子很烫，介意的话需要租鞋套，建议下午五点到六点之间进去,,
Irp861253552,225,2,2020.07.29,鸣沙山沙漠露营+骑骆驼体验成人票,合作的这家一般，篝火点火的时候，好久没点起来火,,
Melody442,225,2,2020.07.31,鸣沙山月牙泉风景名胜区门票成人票,第二次去了  真的没啥可看的 以后说啥不会再去了,,
zCm340113429,225,4,2020.08.02,鸣沙山月牙泉门票成人票,壮观,,
路银,225,4,2020.07.18,鸣沙山月牙泉门票成人票,景区很好玩，孩子玩的很开心！里面的越野摩托车服务不好，又被坑的感觉！还有观光车也不好！,,
sayapimai,225,5,2020.07.16,鸣沙山月牙泉门票成人票,花了100块骑骆驼，然后就爬上去看日落，建议下午四点进去，稍微安排下，八点到九点太阳就下山了，然后又可以看看夜景,,
swallow8888886,225,4,2020.07.28,鸣沙山月牙泉门票成人票,还好 风太大。无非好好玩,,
Ood396081677,225,3,2020.07.29,鸣沙山月牙泉门票成人票,建议大家晚点去，太热了，夜景比白天好看,,
MTC814320879,225,5,2020.07.31,鸣沙山月牙泉门票成人票,玩过多次,,
dfm597738153,225,5,2020.07.31,鸣沙山月牙泉门票成人票,玩的很开心，景区环境好,,
Ypt834206010,225,5,2020.05.14,鸣沙山月牙泉门票成人票,很美，爬上沙漠看日落非常壮观，我是暑假去的，人有点多，建议时间充沛者可以错开高峰期。风景非常非常美，脚踩在细软的沙子上也很舒服，不过一切都是值得的。如果要骑骆驼，建议早点去，排队的人很多，而且好像五六点就不售票了。,,
wang4101020202,225,5,2020.07.30,鸣沙山月牙泉门票成人票,天黑以后去，小朋友能玩很久,,
CNy365405239,225,3,2020.07.25,鸣沙山月牙泉门票成人票,没有想象的好，一般吧，不如阳关景区好玩,,
匿名用户,225,5,2020.08.02,鸣沙山月牙泉门票成人票,超级好玩 也很美,,
领_龙,225,3,2020.07.23,鸣沙山月牙泉门票成人票,第一次来沙漠，感觉很好。就是沙漠面积太少。,,
HAs994859829,225,3,2020.07.29,鸣沙山月牙泉门票成人票,还可以，有一句话说的很好，来都来了。。,,
HxB398042789,225,2,2020.07.24,鸣沙山月牙泉门票成人票,风好大，太阳好晒，每个人都裹得严实,,
qkQ100418231,225,2,2020.07.28,鸣沙山月牙泉门票成人票,血亏，买个门票看个沙漠，里面的还贵,,
匿名用户,225,5,2020.07.27,鸣沙山月牙泉门票成人票,不错，很喜欢这里，以后还会来的,,
TLi978458767,225,5,2020.06.12,鸣沙山月牙泉门票成人票,非常美丽，非常好看，非常值得一去,,
pwk974377364,225,5,2020.06.19,鸣沙山月牙泉门票成人票,设施嘛一般，服务还可以，但很适合所有人群，景色优美，尤其晚霞特别漂亮，游客们都恋恋不舍拿自己的手机和相机抓拍美好景色。最喜欢的是一张票可以玩三天，我们就连着去了两天,,
月生宝儿,225,5,2020.07.24,鸣沙山月牙泉门票成人票,「月牙阁」「乘骑骆驼」「月牙泉」「鸣沙山」「滑沙」,,
阿杰651,225,4,2020.05.18,鸣沙山月牙泉门票成人票,第一天过来风沙太大，上到山上月牙泉看的很模糊，还好票管三天，第二天天气挺好，直接进来又转了一圈，现在疫情期间人很少，玩着很舒服，中途累了，躺在沙山上沙疗二十分钟，浑身舒爽,,
匿名用户,225,4,2020.06.17,鸣沙山月牙泉门票成人票,风景很好，会想去,,
寿兔子,225,4,2020.07.27,鸣沙山月牙泉门票成人票,好！,,
匿名用户,225,2,2020.07.10,鸣沙山月牙泉门票成人票,非常晒，19点后进去都不晚观光车车程不到5分钟，不推荐对沙漠无感，花钱徒步爬鸣沙山真让我觉得自己是个s.b,,
哈撒哈撒w一库,225,3,2020.07.22,鸣沙山月牙泉门票成人票,「月牙阁」「月牙泉」「鸣沙山」「滑沙」【环境】【交通】【项目】【餐饮】,,
Rzw114638326,225,5,2020.06.25,鸣沙山月牙泉门票成人票,哪沙子很细，滑沙很刺激，在这强烈推荐,,
xiaolier,225,5,2020.07.26,鸣沙山月牙泉门票成人票,很美，孩子玩的很开心！,,
jEQ191113844,225,3,2020.07.23,鸣沙山月牙泉门票成人票,其实前一天去过沙漠了，所以感觉不是很有必要。,,
匿名用户,225,2,2020.07.14,鸣沙山月牙泉门票成人票,骑骆驼不推荐，从大门走路十几分钟就到景点，显远做旅游车来回20元。,,
黄歇,225,4,2020.07.10,鸣沙山月牙泉门票成人票,早上入园看月牙泉，中午热得不行出去，晚上再进来看星星，特别好看，交通很方便，打车也便宜,,
诺亚方舟921号,225,4,2020.07.11,鸣沙山月牙泉门票成人票,这个月份下午5点多进去正好，进去可以步行到月牙泉，如果穿的凉鞋，鞋套其实用不着,,
anna20141111,225,4,2020.07.13,鸣沙山月牙泉门票成人票,值得来，砂子像软软的地毯，和爱的人坐在砂山上看着夕阳与月牙泉真的很美,,
紫筠花,225,4,2020.07.26,鸣沙山月牙泉门票成人票,值得一看的地方！,,
什么海不多,225,3,2020.07.22,鸣沙山月牙泉门票成人票,好是好，就是泉边人工建筑太多了,,
Qalbee,225,5,2020.05.29,鸣沙山月牙泉门票成人票,值得到访，日落超美,,
YVS540465675,225,4,2020.07.26,鸣沙山月牙泉门票儿童票/学生票,价格有点高啊,,
YVS540465675,225,4,2020.07.26,鸣沙山月牙泉门票老人票,价格有点贵,,
旮旯永久168,225,4,2020.07.18,鸣沙山月牙泉门票儿童票/学生票,大漠孤烟直，景色很美，西域别有一番韵味,,
HHx955271651,225,5,2020.07.17,鸣沙山月牙泉票+20:00场又见敦煌普通席票+莫高窟应急票（成人票）,演出很震撼，值得一去，景区设施完善，莫高窟真的不忍心再去了,,
匿名用户,225,4,2020.07.08,鸣沙山月牙泉门票成人票,还不错，不过要做好防晒工作，爬沙丘对我这个近200斤的胖子来说，难度太大，气都快喘不过来了,,
yhgda18959,225,5,2020.07.26,鸣沙山月牙泉门票成人票,骑骆驼直接起飞,,
旮旯永久168,225,4,2020.07.18,鸣沙山月牙泉门票成人票,敦煌值得一去的好景点，月牙泉很神奇,,
伊三三231,225,5,2020.07.21,鸣沙山月牙泉门票成人票, ,,
匿名用户,225,4,2020.06.14,鸣沙山月牙泉门票成人票,不错  就是好,,
哈撒哈撒w一库,225,3,2020.07.22,鸣沙山月牙泉门票成人票,【环境】【交通】【项目】【餐饮】,,
棠九歌,225,4,2020.05.18,鸣沙山月牙泉门票儿童票/学生票,穿汉服去的，大漠配红衣绝配,,
zDL529890199,225,5,2020.07.24,鸣沙山月牙泉门票成人票,非常满意,,
屎花满天飞,225,3,2020.07.17,鸣沙山月牙泉门票成人票,没啥服务，设施还行，里面所有项目另外收费,,
匿名用户,225,5,2020.07.24,鸣沙山月牙泉门票成人票,超棒,,
可v伦,225,1,2020.07.17,鸣沙山月牙泉门票成人票,服务太差了，这个平台订票也不合算！！,,
狮子座0605,225,5,2020.06.06,鸣沙山月牙泉门票成人票,很喜欢，还是想再去，骑骆驼100，很值得，走了很久，照相20，还想再去,,
Cao663830,225,4,2020.07.22,鸣沙山月牙泉门票成人票,很好，服务也不错,,
我要有一百只猫,225,2,2020.04.28,鸣沙山月牙泉门票成人票,4.26号去的，景区游玩项目 摩托啊滑翔都没开。如果是买骑过骆驼的朋友可以体验一下，骑过的就算了吧，没啥意思。进来向右走一公里吧就能到月牙泉，一定要买鞋套！爬那个沙坡真的很累 爬到一半我就不想上去了，总体来说一般吧.........,,
匿名用户,225,1,2020.06.26,鸣沙山月牙泉门票成人票,去沙山全是沙子，结果LJ景区，景区厕所还不能洗脚！！！,,
爱叫什么叫什么3,225,5,2020.03.27,鸣沙山月牙泉门票儿童票/学生票, ,,
郁达i,225,2,2020.07.15,鸣沙山月牙泉门票成人票,还行吧，就只有沙漠了，没啥好玩的,,
聪灵王,225,5,2020.07.17,鸣沙山月牙泉门票成人票,性价比高,,
匿名用户,225,3,2020.07.12,鸣沙山月牙泉风景名胜区门票成人票,人太多了，旺季。和第一次去感觉变化太大了！,,
nJN173108918,225,4,2020.07.08,鸣沙山月牙泉门票成人票,沙漠很漂亮  也很好看  在沙漠中行走有一种侠客的感觉  很不错,,
雪域狂龙,225,5,2020.07.12,鸣沙山月牙泉门票成人票,做个俗人，理智到绝望，自由为一生,,
CHINESE光荣使命,225,5,2020.07.16,鸣沙山月牙泉门票成人票,不错，还可以,,
宏刀锋,225,5,2020.06.30,鸣沙山月牙泉门票成人票,值得去,,
匿名用户,225,2,2020.06.03,鸣沙山月牙泉沙漠露营+骑骆驼体验成人票,吃：没有如微信所说羊肉串无限吃，只上了一盘；肥牛卷也是。鸡肉和牛肉也没有。住：帐篷的床垫很脏。玩：很多项目没有建成，摩托车冲浪还可以。主持人晚会偶尔会“开车”，我们都还是学生还是纯洁一点好吧。,,
VOX463906819,225,4,2020.07.16,鸣沙山月牙泉门票成人票,孩子玩的很开心,,
乔小一451,225,5,2020.07.15,鸣沙山月牙泉门票成人票,好,,
sdV519627267,225,4,2020.07.15,鸣沙山沙漠门票+沙漠露营成人票,玩的很开心,,
匿名用户,225,1,2020.07.13,鸣沙山月牙泉门票成人票,这是典型的不会再去第二次的景点,,
黯淡星小王子,225,3,2020.07.05,鸣沙山月牙泉门票成人票,门票太贵，不值，对于我去过撒哈拉沙漠这个就小儿了。,,
。。。。。。8864,225,5,2020.05.05,鸣沙山月牙泉门票成人票,去的时候刚好沙尘暴，也很美，推荐呢，消费也不贵,,
雪域狂龙,225,5,2020.07.12,鸣沙山月牙泉门票儿童票/学生票,夏日凉风习习，爱你永世不移,,
小叶子908,225,3,2020.06.07,鸣沙山月牙泉门票成人票,不错的地方 大美敦煌 月牙泉 很不错,,
flx126,225,4,2020.07.05,鸣沙山月牙泉门票儿童票/学生票,真的太美啦！壮丽风光！高大沙丘中的月牙泉！,,
GRU633550090,225,4,2020.06.27,鸣沙山月牙泉门票成人票,第三次来敦煌了！每次都必来鸣沙山，与其说旅行，不如说这个地方给我留下了太多回忆吧！有机会还有下次下下次的,,
匿名用户,225,5,2020.07.03,鸣沙山月牙泉门票成人票,去了一次还想去第二次的地方，风景超美，随手拍照都好看，沙子也好好玩,,
匿名用户,225,4,2020.07.11,成人票鸣沙山沙漠露营票+骑骆驼体验,服务还不错，就是太土味了,,
哥斯拉406,225,3,2020.07.06,鸣沙山月牙泉门票成人票,太热了太热了，没进去就跑出来了,,
褚瑞娜123,225,3,2020.05.22,鸣沙山月牙泉门票成人票,觉得很辛苦，有点考验体力。特别是滑沙，爬上去，20元，觉得累晕倒了。摩托150。,,
Dkr132918548,225,3,2020.05.28,鸣沙山月牙泉门票成人票,主要是玩的项目好玩，越野车在山上纵横驰骋，很有悍匪的感觉，很刺激。滑沙也可以吧，骑骆驼老长一段路，都心烦了。门票太坑，100+居然连来回十分钟单趟五分钟的游览车都不含，还要另掏40元车票钱。,,
yuyang8362566,225,4,2020.07.07,鸣沙山月牙泉门票儿童票/学生票,感觉很好，非常漂亮！,,
rDI淡不过时光,225,5,2020.07.07,鸣沙山月牙泉门票成人票,时间太赶了，就看四个窟,,
KcR22103344,225,4,2020.07.08,鸣沙山月牙泉门票成人票,电子票方便快捷,,
chirfi,225,5,2020.05.06,鸣沙山月牙泉门票成人票,风景优美，沙丘的线条和黄昏很漂亮,,
yinuowy,225,3,2020.07.05,鸣沙山月牙泉门票儿童票/学生票,刚进去就下大雨，人很多，逛了一下就出来了,,
JAIMICA..,225,5,2020.05.26,鸣沙山月牙泉风景成人票+沙漠露营,沙漠越野超级爽。还有滑沙。都很方便。,,
YDl471848773,225,2,2020.06.26,鸣沙山月牙泉门票成人票,超级不值，如果不是单纯的想骑骆驼，不要骑，步行十分钟就到了月牙泉，就爬了个山坡而已。,,
yinuowy,225,4,2020.07.05,鸣沙山月牙泉门票成人票,人多，排队太长，风景不错,,
qSl247380396,225,5,2020.07.08,鸣沙山月牙泉门票成人票,优秀,,
香蕉Rachel,225,5,2020.05.07,鸣沙山月牙泉门票成人票, ,,
soda苏念鱼,225,4,2020.03.10,鸣沙山月牙泉门票成人票,月牙泉还挺遗憾的。从阿克塞到敦煌，本来计划下午四点进鸣沙山然后玩到晚上回敦煌市区住一晚，顺便逛逛夜市，结果订错了房间，只好改变计划月牙泉打完卡就走。到的时候超晒，排队的人很多很多，骆驼也没排到，就先去了月牙泉，然后就开始下雨了，爬沙山的时候雨下得更大，就匆匆滑下来出了景区。是一次比较郁闷的体验了。,,
0素锦流年拂轻痕0,225,5,2020.06.24,鸣沙山月牙泉门票成人票, ,,
No7878,225,5,2020.05.28,鸣沙山月牙泉门票成人票,很美,,
zengfanpeng,225,3,2020.06.25,鸣沙山月牙泉风景名胜区语音导览票（不含门票）,还可以吧，没怎么听，不是很推荐，可以骑骆驼有啥不知道的就问牵骆驼的师傅就可以了！,,
KuM588772585,225,5,2020.07.02,鸣沙山月牙泉门票成人票,务必搞一下340的沙滩车,,
旅者三哥,225,5,2020.06.27,鸣沙山月牙泉门票成人票,基础设施还可以，就是玩的项目有点少,,
汉堡的宝贝,225,5,2020.06.09,鸣沙山月牙泉风景名胜区门票成人票,非常好玩，带着家人去的，夏天的话建议要么赶个大早，赶在太阳出来之前爬完沙山，要么四点多到五点去，爬到山顶可以看日落。,,
＊Ｅnd°,225,4,2020.07.03,成人票鸣沙山月牙泉门票+沙漠露营,还可以,,
Wdi400914702,225,4,2020.07.01,鸣沙山月牙泉门票成人票,很少见的风景,,
胖子涛哥1982,225,5,2020.07.04,鸣沙山月牙泉门票成人票,必须要来看一看,,
Tws969091579,225,4,2020.05.17,鸣沙山月牙泉门票儿童票/学生票,不错,,
U些话丶想对你说,225,4,2020.06.25,鸣沙山月牙泉门票成人票,沙很细，环境不错，可惜没有看到日落,,
ReR383952620,225,4,2020.06.29,鸣沙山月牙泉门票成人票,还不错。。。值得一观赏,,
爱猫猫的小刘,225,5,2020.05.05,鸣沙山月牙泉门票成人票,太棒啦,,
舒1025,225,1,2020.05.17,鸣沙山月牙泉门票成人票,门票很贵，不包含任何娱乐项目，租吉普车贼贵，观光车20元往返，就坐了可能三四分钟，完全可以自己走过去看，骆驼也很不划算，一百块每个人，但只是单程，回来还要自己走或者坐观光车。反正整体下来就很不值。,,
zUA835115766,225,5,2020.06.23,鸣沙山月牙泉风景名胜区门票成人票,真的超美这个地方，喜欢这种大沙漠。,,
效Hua,225,3,2020.06.25,鸣沙山月牙泉门票成人票, ,,
郑丽8343,225,4,2020.06.27,鸣沙山月牙泉门票成人票,风沙挺大！,,
No7878,225,5,2020.05.28,鸣沙山月牙泉门票成人票,值得去的地方，很美,,
匿名用户,225,5,2020.04.25,鸣沙山月牙泉风景名胜区旺季门票成人票,入园前均可购买,月牙泉越来越小了，希望它不会消失骑了骆驼，滑沙都很好玩，开心,
艨,225,1,2020.06.24,鸣沙山月牙泉门票成人票,花了110就看了个沙漠，其他都自己加钱,,
匿名用户,225,5,2020.06.27,鸣沙山月牙泉门票成人票,很方便的,,
匿名用户,225,5,2020.04.13,鸣沙山月牙泉门票成人票,不远千里三个月去了两次。一年了还是念念不忘恍如昨天，漫天黄沙让人很想停留 安静。骑骆驼一小时 不一样的感觉,,
你不是一个人了吗,225,2,2020.05.11,鸣沙山月牙泉门票成人票,只买了门票 没有买其他的游玩项目（太贵），风景还是不错的，想看日落就爬到顶等到了8点多，太冷了 人要被吹成沙雕，还吃了一嘴沙 ，想看日落的朋友一定要穿多点衣服！！脸都要遮起来！！ 天气好的时候可以看见星星,,
小周吃了瑜,225,3,2020.06.14,鸣沙山月牙泉门票成人票,风沙大，注意注意眼里进沙，月牙泉【交通】【项目】【环境】【餐饮】,,
陈娟娟鲁涛,225,4,2020.06.15,鸣沙山月牙泉门票儿童票/学生票,很漂亮，很值，大人孩子都喜欢,,
Ronan819,225,4,2020.06.16,鸣沙山月牙泉门票成人票,玩儿了一天，景区很大很好玩儿，还没玩儿玩。,,
wWq809007345,225,2,2020.06.09,鸣沙山月牙泉门票成人票,唉，进去花了五千多，也不知道是自己没定力还是玩儿的比较贵，反正是花的最多的一个景点,,
WhiteWuwang,225,4,2020.06.16,鸣沙山月牙泉门票成人票,设备不错，太晒了，树林太少。,,
Gia363119586,225,5,2020.04.24,鸣沙山月牙泉门票成人票,梦想去的地方，终于到了，走了好远。不过值得，爬山不对是爬沙，好好玩哪，希望有机会还去，好好玩。看夕阳,,
lvxingzhe3,225,4,2020.06.05,鸣沙山月牙泉风景名胜区门票成人票,一个人去了河西走廊，沿着丝绸之路到达敦煌，坐在鸣沙山上拍下夕阳西下的月牙泉，很美。,,
VkU410360682,225,4,2020.04.09,鸣沙山月牙泉国家级风景名胜区成人门票+手机语音讲解,「月牙泉」「鸣沙山」「月牙阁」「乘骑骆驼」「滑沙」,,
cfV41950596,225,2,2020.05.31,鸣沙山月牙泉门票成人票,山不在高，有沙就行；水不在多，履沙既行。沙中见水，水边见沙。没见沙的可以，没见水的也行。行走过沙水之间的感觉一般。,,
陈娟娟鲁涛,225,4,2020.06.15,鸣沙山月牙泉门票成人票,很好,,
匿名用户,225,5,2020.06.16,鸣沙山月牙泉门票成人票,很好很好，值得推荐！！！！,,
武天霸,225,5,2020.06.16,鸣沙山月牙泉门票成人票,很好玩，可以玩上三天,,
黎明是老腊肉,225,5,2020.04.04,None,当时的我还是一个小胖墩，太冷了没有等看日落。,,
Here07,225,5,2020.06.11,鸣沙山月牙泉门票成人票,沙漠之花，棒棒哒！,,
匿名用户,225,5,2020.06.15,鸣沙山月牙泉门票成人票,非常好玩！,,
蓝色的绚丽,225,5,2020.06.09,鸣沙山月牙泉门票成人票,很好下，孩子晚点很开心,,
仰仰子,225,3,2020.06.07,鸣沙山月牙泉门票成人票,整体感觉性价比不高 来沙漠玩玩沙还可以,,
FXYH666,225,5,2020.06.02,鸣沙山月牙泉门票成人票, ,,
Caa839128534,225,5,2020.04.19,鸣沙山月牙泉门票成人票,出票快 不用换票 景点很美丽 值得,,
我太晕我太晕,225,4,2020.06.08,鸣沙山月牙泉门票成人票,好评,,
仰仰子,225,4,2020.06.07,鸣沙山月牙泉沙漠露营+骑骆驼体验成人票,很有意思的沙漠露营活动 玩的很开心,,
CDL687210900,225,5,2020.05.29,鸣沙山月牙泉门票成人票,莫高千窟列鸣沙，崖壁纷披五色霞。胡杨翠荫阁道外，九层楼接日光华。,,
匿名用户,225,2,2020.06.02,鸣沙山月牙泉门票成人票,沙漠摩托贼坑，明明一点点的路。,,
小嫩爷,225,5,2020.04.19,鸣沙山月牙泉风景名胜区门票成人票,非常好非常美的景区，有机会一定要去敦煌看看，很美的景色,,
gCx656992253,225,3,2020.04.11,鸣沙山月牙泉门票成人票,虽然错过了近距离欣赏月牙泉，但爬了鸣沙山看了晚霞，领略了这个景区的风光，心情无限好。,,
匿名用户,225,3,2020.05.24,鸣沙山月牙泉门票成人票, ,,
匿名用户,225,2,2020.04.23,鸣沙山月牙泉门票成人票,景色不错！就是这边出租车司机太坑人了！故意拉着你到处跑多收钱！大家注意一点！,,
读过书的鲁智深,225,5,2020.05.27,鸣沙山月牙泉后山沙漠露营(观鸣沙山日出日落/赏沙漠星空)成人票,设施一般，但是老板会让玩的很开心特别好，强烈推荐,,
UuU293218304,225,3,2020.05.27,鸣沙山月牙泉门票成人票,很好很好的。方便快捷，价格上可以再优惠点就更好了,,
sJn111537696,225,3,2020.05.29,鸣沙山月牙泉风景名胜区门票成人票,风沙太大，月牙泉夜景没拍到，下次再去补拍！,,
katharine0427,225,3,2020.05.23,鸣沙山月牙泉门票老人票,能便宜一些 值得去 好像可以重复进去2天还是3天  忘了  我们是第一天下午进去了  第二天上午又去了,,
壳膜,225,5,2020.05.30,鸣沙山月牙泉门票成人票,很棒终身难忘,,
rNs137407116,225,4,2020.04.30,鸣沙山月牙泉门票成人票,虽然没玩滑沙和摩托啥的，但是骑骆驼了，小哥哥还挺热情的，讲了一路！一张门票可以玩3天，挺好的，千万不要上午上去，下午最佳！天气不好第二天再上！一定要上去看看，别半途而废哦…,,
ttt5225,225,4,2020.05.28,鸣沙山月牙泉门票成人票,必打卡的地方呀 还有团购 完美,,
HiO548372829,225,4,2020.05.30,鸣沙山月牙泉门票成人票,美团划算还不排队。很不错。,,
VS大能猫,225,5,2020.05.24,鸣沙山月牙泉门票成人票,中午去的，太热太热了，骑骆驼不错，摩托也可以,,
UuU293218304,225,3,2020.05.27,鸣沙山月牙泉门票成人票,不错不错，方便快捷，而且不要排队，进去,,
Txh55888,225,4,2020.05.26,鸣沙山月牙泉门票儿童票/学生票,天然奇观，值得一看，有时间还想去二次,,
zhandaojingying,225,5,2020.05.29,鸣沙山月牙泉门票成人票,挺不错的,,
Txh55888,225,3,2020.05.26,鸣沙山月牙泉门票成人票,可以，第一次去看，历史悠久值得出去看一下。,,
彭招喜,225,5,2020.05.29,鸣沙山月牙泉门票成人票,无聊随便转转。来了两三次。，瞎玩儿。,,
VcM447348777,225,5,2020.03.03,鸣沙山月牙泉门票成人票, ,,
Txh55888,225,3,2020.05.26,鸣沙山月牙泉门票成人票,值得出去看一下，第一去看，不错,,
PvX163052915,225,5,2020.05.20,鸣沙山月牙泉门票成人票,「月牙阁」「乘骑骆驼」「月牙泉」「鸣沙山」「滑沙」确实不错，值得去好好看看,,
SGJ676986356,225,4,2020.05.10,鸣沙山月牙泉门票成人票,因为最近特殊时期，所以游客很少，但是确实很不错的景点。很值得一游「月牙阁」「月牙泉」「鸣沙山」,,
阳总zzz,225,3,2020.05.17,鸣沙山月牙泉风景名胜区门票成人票,「月牙阁」「乘骑骆驼」「月牙泉」「鸣沙山」【环境】不错【交通】便利【项目】,,
_qqshf1328960288,225,5,2020.05.24,鸣沙山月牙泉风景名胜区门票成人票,非常不错！！,,
青蛙游中国,225,5,2020.05.23,鸣沙山月牙泉门票成人票,值得一去 风景 名胜好评,,
核桃味瓜子,225,5,2020.05.22,鸣沙山月牙泉门票成人票,非常美，就是夏天去的，太热了,,
Fnh881783851,225,5,2020.04.27,鸣沙山月牙泉门票儿童票/学生票, ,,
mtg930622654,225,3,2020.05.19,鸣沙山月牙泉门票成人票,挺好的，环境不错。值得一去，夏日去会比较热闹,,
SGJ676986356,225,5,2020.05.10,鸣沙山月牙泉风景名胜区语音导览票（不含门票）,很美，沙漠里面的绿洲，还有月牙泉。因为特殊时间，游客很少。但是值得一来,,
