id,价格,评价,评价日期,票务类型,评论,,,,
Idt656971939,259,5,2021.11.21,（非法定节假日）黄龙风景名胜区老人门票（60岁以上）,时值金秋，正是黄龙最美丽的季节。黄龙，位于四川省阿坝藏族羌族自治州松潘县境内，以彩池、雪山、峡谷、森林等“四绝”著称于世。而景区内保存完整的大面积地表钙华坡谷，犹如一条金黄色巨龙，盘旋于原始森林和雪山冰峰之间，构成了黄龙的景观特色。泉水从终年积雪的岷山主峰雪宝顶上流下来，自上而下满泻在一层层的钙华彩池中。由于层层跌落，泉水不时地叮咚作响。在秋光的摇曳中，钙华彩池透出赤、橙、黄、绿等颜色，显得格外迷人。,,,,
少数派SIMON,259,5,2021.10.27,黄龙风景名胜区门票+上行索道（成人票）,成熟景区，先乘坐上行索道再游玩，最后下山，服务非常不错，美不胜收。正好赶上前一天下雪，远近山林层林尽染，加强一处处池水五颜六色，不愧是人间瑶池。一步一景，流连忘返，而且恰好游览到五彩池时拨云见日，不枉此行。,,,,
匿名用户,259,5,2021.11.18,黄龙风景名胜区门票+上行索道（成人票）,真的很美哦，很喜欢！五彩池特别漂亮！水的颜色很好看！,,,,
留不住的缘分1,259,5,2021.10.07,黄龙风景名胜区门票（成人票）,各位忠心的提醒一下，上山一定要坐缆车，因为山很高，海拔也很高，坐缆车上去只能坐到2/3的地方，然后还得(děi)爬一节山，下来如果坐缆车的话还得(děi)爬一节走大概1个半小时才能到缆车的地方，所以你下来的话自己都会放弃坐缆车,,,,
happy可可可心,259,3,2021.11.02,黄龙风景名胜区门票+上行索道（成人票）,黄龙风景名胜区，位于四川省阿坝藏族羌族自治州松潘县境内的一个风景名胜区，与九寨沟毗邻，相距100千米。黄龙风景名胜区中有许多彩池，随着周围景色变化和阳光照射角度变化变幻出五彩的颜色，被誉为人间瑶池。最著名的就是五彩池。建议没有去过的是值得游览一次，感受一次大自然赋予人类的美！,,,,
rHn749777940,259,1,2021.10.22,黄龙风景名胜区门票+上行索道（成人票）,非常垃圾这个景点，居然要两百多门票，缆车上去了走一个多小时才到景点，期间一点什么景色都没有，终于到了景点，这些硫钙化池难看的要死，就是那种昏昏黄黄的水洼，像泥洼又像长满难看青苔的水洼，这个海拔虽然不至于高反，但还是会有一点一口气呼吸不到底的感觉。总之，不好玩还贵！,,,,
匿名用户,259,1,2021.10.14,黄龙风景名胜区门票+上行索道（成人票）,奉劝各位千万不要去，特别是30以内的年轻人，去了你会后悔一辈子，多数人都打转了，哈哈哈哈，全是徒步走路，撒子景点哟，都是些树，沟沟坎坎，徒步下来的路途中，听到好几个抱团的人说当不到九寨的三分之一，哈哈哈，我觉得跟海螺沟有得一拼，都差，赶不到其他的任何景区的三分之一，如果没去之前，不想去的，就别去了，去了会后悔的景区，连开水都没得地方接，全程徒步，索道上山了还要走2个小时，下山4个小时，如果下山想做索道，另行收费，我觉得100块都不值，我们四个人，1000块。就当贡献给旅游事业了。一辈子只来一次的景区,,,,
qiqi13147,259,4,2021.09.07,黄龙风景名胜区门票+上行索道票(成人票）,从九寨沟过来的，玩完九寨沟玩黄龙。虽然九寨沟名气更大，但是我觉得黄龙更值得～因为这边的各种池子更多更好看，而九寨沟只有一个五彩池，太小了。喜欢看五彩池的一定要来黄龙。而且黄龙比较不累，坐索道上去，然后步行到参观五彩池大概2600米吧，然后看完五彩池就开始一路走下山，真正的重头戏都在下山的路上，会经过图一中的那么多池子，每一个池子都比山顶上那个五彩池要好看，全程3.5小时下来，我的软件记录我走了10公里多点～,,,,
盈盈诗,259,4,2021.11.06,黄龙风景名胜区门票+上行索道（成人票）,这个季节来看见大雪是很幸福！但是因为下雪也是枯水期水不是特别大！夏天来应该特别漂亮！,,,,
xlH627678612,259,5,2021.10.24,黄龙风景名胜区门票（成人票）,非常非常美，强烈推荐。原来有当地人说，玩过九寨沟就可以不去黄龙，然而，到了黄龙，发现其美景之奇幻、壮观比九寨沟有过之无不及。推荐缆车上山，然后顺景点栈道下山，一路畅游，沿途景点一个接受一个，。美不胜收,,,,
QIN117508040,259,5,2021.11.03,黄龙风景名胜区门票+上行索道（成人票）,非常满意的一次购票旅游一生必须去一次的旅游,,,,
ximalayaaa,259,4,2021.10.25,黄龙风景名胜区门票（非法定节假日60岁以上老人票）,在美团上购买门票实在是太方便了。即便是60岁以上的人也可以在这里购买，索道票也可以购买，最好是门票与索道票一块购买，这样到了这样景区就可以直接去乘坐索道了。在旅游旺季一定要记得提前购买哦。现在是淡季，当天购买也是可以的。,,,,
桐睿678,259,1,2021.10.30,黄龙风景名胜区门票+上行索道（成人票）,点都不好耍，还有高原反应。全是爬山！坐了缆车 全程走路！也没有什么风景可看！太不科学了！去了一次再不会去了 九寨沟好看些,,,,
ije483024333,259,2,2021.07.24,黄龙风景名胜区门票+上行索道票（残疾人士）,我们是坐索道直达山顶，然后走了很长一段栈道才到五彩池，据说五彩池是海拔最高的，有3900多米吧，刚开始担心会有高反，结果一上去什么感觉都没有，山顶上虽然烈日高照，但气温仍然很低，需要加上薄外套，走在山间明显感觉空气很新鲜，传说在观景台可以看到对面山上的雪景，遗憾的是我们去的时候是七月份，早已没有雪景，继续往前走就到黄龙寺，黄龙寺后面就是鼎鼎有名的五彩池，彩池五颜六色，其中鹅黄色和蓝色居多，顺着彩池往下走就是剩下的景点，也是返程的路，其实所有的景点都集中在一条沟里，个人觉得只有五彩池、金沙铺地、莲台飞瀑、飞瀑流辉还有点意思，其他景点都没什么好看的，除了欣赏大山里的美景，呼吸新鲜空气，徒步旅行、沿途看风景以外其他都没什么好玩的，还有就是景区停车场倒是很多、很大、很方便，唯一不足的就是景区大门入口和出口是同一道门，如果要坐索道上山，车停好了上去倒是很方便，但是步行下山的话距离你停车的地方可能就要走两三公里路了，建议景区游玩时间不要太长，也就两三个小时吧！,,,,
匿名用户,259,5,2021.10.04,黄龙风景名胜区门票+上行索道（成人票）,十月一去的，人有点多，不过景色很不错。上去的时候坐的缆车，下行的时候走下来的，一路的风景，特别推荐黄龙洞，感受大自然的鬼斧神工，建议进黄龙洞穿雨鞋雨衣，里面一直在滴水，进去最好结伴进去，不建议一个人进去,,,,
krO402989049,259,4,2021.10.17,黄龙风景名胜区门票+上行索道（成人票）,揽车上顶，徒步下山4小时，不累。风景是真的好！值…,,,,
五月繁花,259,5,2021.10.21,黄龙风景名胜区门票+上行索道（成人票）,太值得了,,,,
匿名用户,259,1,2021.10.04,黄龙风景名胜区门票+上行索道（成人票）,其实根本没有必要坐缆车，步行上去只要一会儿就可以看到那个黄色的长瀑布了，这黄龙景区为了推广说什么五彩池啊，真的是垃圾中的垃圾，真的不咋滴。      排队排了三个小时等缆车，然后上去要走很远，到了这边有一个可以直接下去看下面的黄色瀑布的路故意给封住了，应该是故意让人往前走，而是往五彩池的方向，然而五彩池完全是坑人的，根本不好看，再从五彩池下来至少多走两个小时的路，一天下来人累的很，回来又遇到限流（据另一边反方向马路上的车说的），在路上等了三个多小时。建议不是相当有闲情的人不要去，锻炼身体选个别的去处吧，累死人不讨好。我们几个上完这个山直接累的走不动了，再别说玩别的地方了，第二天直接离开九寨沟去成都了。,,,,
王源的薄荷音,259,3,2021.11.03,黄龙风景名胜区门票+上行索道（成人票）,人太多 还是淡季去的好 人少 风景还不错,,,,
头不痛的薛,259,5,2021.08.25,黄龙风景名胜区门票+上行索道票（学生票）,早上从九寨沟口坐客车去的黄龙，好像是十点多到的，坐缆车直接上到山顶，然后一路边走边看，感觉时间有4.5个小时就足够了.我感觉海拔还可以，上到最高处也没有什么不良反应.来黄龙自然就是观看一下喀斯特地貌.但我印象中黄龙四宝是彩池，雪山，峡谷，森林，可唯独雪山没看到，也不知道是不是因为坐的客车没走那趟线，感觉有点遗憾吧.有机会下回再来，哈哈.,,,,
epp731470944,259,5,2021.10.22,黄龙风景名胜区门票+上行索道票（学生票）,服务很好，推荐大家购买，可以放心。千百年来，九寨沟隐藏在川西北高原的崇山峻岭中，人类的活动显得微不足道。本区藏民几乎与世隔绝，过着自给自足的农牧生活。由于山高路远，九寨沟一向鲜为人知,,,,
哒哒84,259,4,2021.10.06,黄龙风景名胜区门票+上行索道（成人票）,令色很不错，但是走路，适合登山爱好者！一般老年人还是慎重选择，毕竟上下8公里左右的山路，让你的小腿打颤……,,,,
IRJ428493227,259,5,2021.11.01,黄龙风景名胜区门票+上行索道（成人票）,黄龙很美,,,,
留不住的缘分1,259,5,2021.10.07,黄龙风景名胜区门票（青少年票）,上山一定要坐缆车，要不然你会后悔的，爬山很累，不是一般的累,,,,
JAH593574750,259,5,2021.10.03,黄龙风景名胜区门票+上行索道（成人票）,黄龙风景值得一看，先坐索道，然后走下来，一路欣赏美景,,,,
QIm456644215,259,3,2021.12.03,黄龙风景名胜区门票+上行索道（成人票）,还行吧总体还是比较满意，感觉不是很好，走累了木有休息地方,,,,
_qq6ch1406809902,259,5,2021.10.05,黄龙风景名胜区门票+上行索道（成人票）,非常漂亮，非常值得一去，下次带上家人再来,,,,
嘉布莉,259,5,2021.10.21,黄龙风景名胜区门票+上行索道（成人票）,相较于九寨沟，黄龙的自由度更高，可以自行游览。坐缆车上去之后就自由步行游览。景色非常好，空气超好。推荐九寨黄龙一起游览！九寨黄龙相较之下，感觉更喜欢黄龙，一是自由度更高，二是人少且舒服。以后有机会应该会再去。黄龙和九寨之间的路途也超美！,,,,
月亮不圆路路,259,5,2021.10.08,黄龙风景名胜区门票+上行索道（成人票）,值得，特别适合散心游玩,,,,
游泳的鱼1063,259,3,2021.10.04,黄龙风景名胜区门票+上行索道（成人票）,还不错，去的当天天气很好，景区很干净，五彩池很漂亮，景区卫生间挺多的，因为疫情，今年游客不算多，所以不算挤。,,,,
茹亚力,259,4,2021.11.30,黄龙风景名胜区门票+上行索道票(成人票）,非常漂亮,,,,
ydK896141985,259,4,2021.10.08,黄龙风景名胜区门票+上行索道（成人票）,服务态度好，环境优美，强烈推荐,,,,
gxG819019453,259,4,2021.11.22,黄龙风景名胜区门票（成人票）,黄龙山上没有地方可以接热水喝，渴死了,,,,
MRh451340218,259,4,2021.11.15,黄龙风景名胜区门票+上行索道票(成人票）,风景很美。值得观赏。就是保安太差劲了。乱收费。胡搅蛮缠。太过份了。天杀的保安。,,,,
匿名用户,259,5,2021.08.12,黄龙风景名胜区门票+上行索道（成人票）,索道上山，走一段大约两公里的平缓木道可到徒步登山处，然后上山大约15分钟到达五彩池，海拔较高，根本走不动，女儿到此不走了，买点吃的坐着等我俩，。五彩池的美需要太阳配合，我们到的时候太阳还行，拍了很多美景。然后一路下上风景简直了。不负我们跋涉十几个小时的山路来到这里。,,,,
gaofushuai111,259,5,2021.11.22,黄龙风景名胜区门票+上行索道（成人票）,不错的，可以不去九寨沟了。,,,,
桐睿678,259,1,2021.10.30,黄龙风景名胜区门票+上行索道票（青少年票）,坐个缆车要排队一两个小时，人挤人这样排队！到了山上又是走步行道几公里！我真的服了！收那么贵的门票 我看了个寂寞！八辈子不会来了,,,,
sNi448986552,259,5,2021.09.27,黄龙风景名胜区门票（成人票）,太美了，不虚此行。,,,,
匿名用户,259,5,2021.09.24,黄龙风景名胜区门票+上行索道票(成人票）,黄龙和九寨是不一样的美。真的太美了！,,,,
IEq849057152,259,3,2021.11.05,黄龙风景名胜区门票+上行索道（成人票）,值得一游。梯步全是木头的，不伤膝盖。独特的地貌特征，是少有的。公共设施比如厕所也好找。,,,,
沫兮c,259,5,2021.09.25,黄龙风景名胜区门票（成人票）,很漂亮的风景，从正门走上去，缆车坐下来的！,,,,
匿名用户,259,3,2021.11.16,黄龙风景名胜区门票+上行索道（成人票）,「迎宾池」「五彩池」「飞瀑流辉」「洗身洞」值得推荐,,,,
匿名用户,259,5,2021.09.17,黄龙风景名胜区门票（成人票）,去的时候天气不太好，所以照片效果不好，实际上还是很漂亮的，有索道直接上山，再步行游览下山，对运动不佳的人很友好。,,,,
ypk930376650,259,5,2021.10.30,黄龙风景名胜区门票+上行索道票（成人票）,风景很美游玩轻松。,,,,
宋奈,259,3,2021.09.26,黄龙风景名胜区门票+上行索道（成人票）,好看倒是还不错。就是真的太累了。观光车还没开放，因为还在修建，只能缆车上去，走下来。有点高反,,,,
宋奈,259,3,2021.09.26,黄龙风景名胜区门票+上行索道（成人票）,我真的太累了，腿儿都直了，还高反。还好有我可爱的曹爸爸拉着我。一路走下来两个小时吧。,,,,
亲爱的王先生wy,259,5,2021.10.03,黄龙风景名胜区门票（成人票）,好玩是好玩，就是有点费脚,,,,
wh今天天气不错,259,2,2021.11.07,黄龙风景名胜区门票+上行索道（成人票）,景色很单调，累的要死，全是在爬上爬下,,,,
小熊熊6811,259,2,2021.10.02,黄龙风景名胜区门票（青少年票）,我真的是服了啊，从山下爬到山上非常累，本以为到了山顶就是缆车，结果还要走3.2公里到缆车乘坐点。来玩的话最好是坐缆车上山然后下山看景点，不然你真的累死！！！,,,,
快乐虹200888,259,5,2021.10.23,黄龙风景名胜区门票（成人票）,出票快，景色优美，索道上，我们昨天去下雪了，周围雪景映衬着五彩池很美，一路上的景色优美，不虚此行,,,,
kGe522127083,259,1,2021.10.12,黄龙风景名胜区门票+上行索道（成人票）,景区内的池子确实罕见，从索道到五彩池的距离走了好几公里，晚上到酒店大人孩子直接高反，头疼呕吐，景区为什么不开通观光车,,,,
xro730731735,259,4,2021.09.10,黄龙风景名胜区门票+上行索道票（青少年票）,景区很美，邂逅了小动物，如松鼠，美丽的小鸟等，下雨，路滑，注意安全。,,,,
XQr518337650,259,2,2021.11.01,黄龙风景名胜区门票+上行索道（成人票）,季节是6月份去的，水不是很大，还行吧,,,,
天外来客6439,259,5,2021.10.25,黄龙风景名胜区门票+上行索道（成人票）,黄龙风景区的海子是最有特色的，每个海子颜色都不同，海子错落有致非常漂亮。,,,,
想拥抱你和未来,259,4,2021.09.19,黄龙风景名胜区门票+上行索道（成人票）,总体不错哟,,,,
古夏SIX,259,2,2021.10.06,黄龙风景名胜区门票（成人票）,景区规划不好，这个季节的风景也不太行。坐5分钟索道上山，走1个半小时到五彩池，然后2个小时走下山，感觉十分不值。小松鼠还是很可爱的。,,,,
TWL249716705,259,2,2021.10.30,黄龙风景名胜区门票+上行索道（成人票）,啊SD法国红酒快乐老奸巨猾刚发的撒,,,,
匿名用户,259,2,2021.10.04,黄龙风景名胜区门票+上行索道（成人票）,坑爹的景区，排队3小时，做缆车3分钟，然而到不了标志景点五彩池，还要徒近2小时才能到，这2小时就是步道，没啥风景，没来过的可以直接去九寨沟了,,,,
Liangyanping007,259,5,2021.10.07,黄龙风景名胜区门票+上行索道（成人票）,黄龙风景区很美，设施也很到位停车场大气方便，景区干净讲究，唯一的不良排队坐缆车太误事，竞然排了两个多小时才坐上,,,,
超越695,259,5,2021.07.31,黄龙风景名胜区门票（成人票）,黄龙到处都是风景，非常好看，强烈推荐，看完黄龙，感觉任何景色都不入眼了，我带着家人一起去的，到处都是风景。我们一路爬上山，走着下来的，黄龙堪称世界奇迹，比九寨沟更有游玩纪念意义，就是当天我们去下小雨有点冷。如果想去多穿点衣服最好,,,,
冰雪5024,259,4,2021.09.21,黄龙风景名胜区门票+上行索道票（成人票）,好评！景色非常不错！就是索道要走很远才到五彩池，差不多要走一个小时才能到五彩池，要是索道到五彩池的位置近一点就好了。还有就是上面连方便面都没有卖，只有一些饼干和奶茶这些买，建议要去耍的朋友多带点吃的上去。,,,,
神马玩意儿0,259,3,2021.10.08,黄龙风景名胜区门票+上行索道（成人票）,可能是希望太高了，与隔壁齐名的九寨沟不是一个档次，但价格差不多，差几块钱，都是水为主的景点建议直接去九寨沟。,,,,
匿名用户,259,5,2021.10.08,黄龙风景名胜区门票+上行索道（成人票）,好漂亮，上行坐锁道，然后走路，一路自驾黄龙和九寨沟,,,,
钟帅撒,259,5,2021.10.14,黄龙风景名胜区门票+上行索道（成人票）,真的太美啦,,,,
lMV160934119,259,2,2021.10.27,黄龙风景名胜区门票+上行索道（成人票）,挤安逸了，【环境】【交通】【项目】,,,,
shanshui小溪,259,5,2021.10.28,黄龙风景名胜区门票+上行索道（成人票）,喜欢旅行的尽早去玩，不喜欢旅行的更要首选。,,,,
匿名用户,259,5,2021.10.07,黄龙风景名胜区门票+上行索道（成人票）,黄龙的山美，谁更美，边走边看，处处有景，强力推荐,,,,
yyy茂,259,5,2021.08.18,黄龙风景名胜区门票+上行索道（成人票）,【环境】挺漂亮的，值得去，就是我们去的时候到了上面倾盆大雨，淋安逸了,,,,
ovT716538618,259,4,2021.07.14,黄龙风景名胜区门票+上行索道票（学生票）,购买学生票的要到售票处换票或拿身份证去注册一下，才能进园乘坐索道，索道到山顶约8分钟，下了索道要一直前行去五彩池，要配备雨具，经常回下小雨。景色还是不错的，个人觉得值得一看。,,,,
咋个肥事鸭,259,2,2021.10.15,黄龙风景名胜区门票+上行索道（成人票）,就一点小池塘对不起国庆近300的门票，个人不太不建议去玩，只去九寨沟就好了。,,,,
浪子辉lion,259,1,2021.10.06,黄龙风景名胜区门票+上行索道（成人票）,个人体验感很差，景点路线规划不合理，距离好远，高原反应太难受了。头疼恶心，下山就吐了。,,,,
匿名用户,259,4,2021.08.16,黄龙风景名胜区门票+上行索道票(成人票）,风景确实挺美的，景区环境干净卫生，每个观景点都能直观的观赏黄龙的风景，走在栈道上还随处可见到松鼠，太可爱了。,,,,
oNT282664004,259,4,2021.08.26,黄龙风景名胜区门票+上行索道票(成人票）,第二次去，还是觉得从下往上看比较美，但坐观光索道不会太累，如果是上行观光，下行索道就更棒了,,,,
蒋321654,259,4,2021.10.18,黄龙风景名胜区门票+上行索道（成人票）,如果天气给力的话，景色还会更好，总之还算可以,,,,
搜索57m点pw,259,5,2021.10.26,None,好想去啊！,,,,
金猪纳福林,259,5,2021.08.10,黄龙风景名胜区门票+上行索道票(成人票）,风景不错，热天凉快，气候宜人，就是有点缺氧的感觉，去的时候人少，游览很不错，我们走的慢，大概花了三四个小时，索道有点贵，80一位，其实走路也不错，坡度不是很陡。,,,,
gFn663060758,259,5,2021.10.26,黄龙风景名胜区门票+上行索道票（成人票）,太美了,,,,
牛在春天里,259,3,2021.10.03,黄龙风景名胜区门票+上行索道票（成人票）,索道排队两个多小时。到上面都没力气看风景了。五彩池一般般，争艳彩池和大门口的迎宾池比较值得推荐。,,,,
RfH317854789,259,4,2021.10.12,黄龙风景名胜区门票+上行索道票（青少年票）,海拔有点高，带孩子一定要有心里准备，上山索道没什么，下山的梯是很长很长的。,,,,
fGE108676115,259,3,2021.08.02,黄龙风景名胜区门票+上行索道（成人票）,黄龙太大了，坐索道车下车后，森林公园走路至五彩池蛮远。我觉得最好看的风景不是五彩池，而是下山的路上，山山水水都很美，随手一拍就是美景。下山的路途风景都太美了，建议不要在山上停留太久。对了，里面还有个瀑布，像金色瀑布。,,,,
不死之修罗,259,2,2021.10.08,黄龙风景名胜区门票+上行索道（成人票）,等了足足近2个小时才坐上索道，差点只能看个夜景黄龙,,,,
gcwgcw666,259,4,2021.10.15,黄龙风景名胜区门票+上行索道（成人票）,赶上下雨，雨中漫步。非常美,,,,
ydK896141985,259,5,2021.10.08,黄龙风景名胜区门票+上行索道票（老人票，非法定节假日）,环境优美，服务态度好，设施齐全 ，好评！全5分,,,,
蛐蛐1808,259,3,2021.10.14,黄龙风景名胜区门票（成人票）, ,,,,
匿名用户,259,2,2021.10.05,黄龙风景名胜区门票+上行索道（成人票）,走的时候很多，最远的一个景点太远了都没有走过去，景点不集中，不太满意,,,,
钟帅撒,259,5,2021.10.14,黄龙风景名胜区门票+上行索道（成人票）,真的太美啦,,,,
xdt609253383,259,3,2021.09.08,黄龙风景名胜区门票+上行索道（成人票）,来的季节不对，不是雨季水少，看不到流水潺潺的美景！！！,,,,
qXi539388758,259,5,2021.10.12,黄龙风景名胜区门票+上行索道（成人票）,不用排队，很快,,,,
不一样的默契和,259,5,2021.10.06,黄龙风景名胜区门票（成人票）,设施齐全服务周到景色迷人巧夺天工！,,,,
哈de烦,259,5,2021.10.05,（法定节假日）黄龙风景名胜区（60岁-64岁老人票）,景区设施不错！景色不错！,,,,
Ihh186865786,259,3,2021.10.06,黄龙风景名胜区语音导览票（不含门票）,山上信号不好。所以总体也没啥用,,,,
wx402141407,259,2,2021.10.07,黄龙风景名胜区门票+上行索道（成人票）,一般般吧，没有想象中那么美。。,,,,
Pjc138125743,259,3,2021.10.04,黄龙风景名胜区门票+上行索道（成人票）,排队两小时，缆车5分钟！堵的心累,,,,
WQF366753325,259,5,2021.10.07,黄龙风景名胜区门票+上行索道（成人票）,风景非常棒！,,,,
WQF366753325,259,5,2021.10.07,黄龙风景名胜区门票+上行索道（成人票）,风景很棒！,,,,
bHg912916859,259,5,2021.10.10,黄龙风景名胜区门票+上行索道（成人票）,景色很美,,,,
肖兰602,259,4,2021.10.06,黄龙风景名胜区门票+上行索道票（老人票，非法定节假日）,手机上买票非常方便,,,,
为你闪烁雨点,259,4,2021.08.07,黄龙风景名胜区门票+上行索道票（青少年票）,上山索道有景区公交免费送，停车场收费，景色真美，去了两次都没找到黄龙洞有点尴尬,,,,
暗香800,259,5,2021.08.26,黄龙风景名胜区门票+上行索道（成人票）,非常漂亮，【环境】【交通】都很满意,,,,
WOC639237991,259,1,2021.10.04,黄龙风景名胜区门票（成人票）,未收到凭证！十分生气家人都很生气！,,,,
dFE617213481,259,3,2021.10.02,黄龙风景名胜区门票+上行索道（成人票）,坐索道上去，走路下山不太累，五彩池和争滟池很美，不虚此行,,,,
Vue870101105,259,3,2021.10.05,黄龙风景名胜区门票+上行索道票（残疾人士）,设施齐全，卫生间到位，垃圾清理到位,,,,
Eic215400545,259,5,2021.10.07,黄龙风景名胜区门票+上行索道（成人票）,绝美，真的值得,,,,
满心欢喜的美团,259,3,2021.10.03,黄龙风景名胜区门票+上行索道票（现役军人）,就是景有点少，基本上都是一个景，只是在不同地方。,,,,
sprites333,259,5,2021.10.02,黄龙风景名胜区门票+上行索道（成人票）,很好，一家人一起出去玩，开心就好！,,,,
DtD257074284,259,4,2021.10.04,黄龙风景名胜区门票+上行索道+电子导览（成人票）,值得推荐！,,,,
won1739,259,4,2021.09.27,黄龙风景名胜区门票+上行索道（成人票）,索道价格80元，2-3分钟到达，真心贵！,,,,
流洋记,259,3,2021.08.04,黄龙风景名胜区门票+上行索道票(成人票）,票价偏贵，索道不是来回的，下行需要单独购买，不来后悔一辈子，来了后悔一阵子,,,,
hy2671,259,5,2021.06.30,黄龙风景名胜区门票+上行索道（成人票）,去黄龙建议做缆车上山，走路下山，黄龙海拔最高处大概3500左右，如果走着上山，将会十分痛苦，坐缆车。再走50分钟左右的平路，爬个半小时栈道楼梯就到最高处五彩池，然后一直下，身心都会觉得愉快。黄龙比九寨沟少很多人，值得去。,,,,
pxy452,259,5,2021.08.20,黄龙风景名胜区门票+上行索道（成人票）,名不虚传，风景很美，不能全程坐索道，风景在路上。,,,,
林梓涵涵,259,5,2021.09.23,黄龙风景名胜区门票+上行索道票(成人票）,还不错,,,,
匿名用户,259,1,2021.08.15,黄龙风景名胜区门票+上行索道（成人票）, ,,,,
MEE696733293,259,3,2021.09.11,黄龙风景名胜区门票（非法定节假日60岁以上老人票）,景点很美，就是太难爬山了，索道上不了五彩池，还要走几里路，觉得门票有点贵,,,,
DjG315276765,259,2,2021.06.25,黄龙风景名胜区门票+上行索道（成人票）,应该是季节问题，现在处于枯水期，没得什么看头，植物也是没得生机，建议大家不要坐缆车，有些坑，5分钟不到就是80块，（大家可以走上去，坐缆车下来40元，便宜一半哦）加上之前看了九寨沟，真心很失望。建议还是要到最美季节再来，不然大家会后悔的。,,,,
匿名用户,259,4,2021.09.04,黄龙风景名胜区门票+上行索道票(成人票）,很美，五彩池很漂亮,,,,
金猪纳福林,259,5,2021.08.10,黄龙风景名胜区门票+上行索道票（青少年票）,好耍，景色不错，但是门票以及索道费有点贵，能走的可以选择走路进，走路出，反正坡度也不是很陡，就是年龄大的，最好备上氧气瓶，有点缺氧的感觉，里面氧气瓶很贵，要40元一个，外面药店才10元。,,,,
幸福zzq,259,5,2021.07.31,黄龙风景名胜区门票+上行索道票（老人票，非法定节假日）,景色太美了，无法用语言形容，大美黄龙,,,,
洋娃娃哭了_2008,259,5,2021.06.30,黄龙风景名胜区门票+上行索道票(成人票）,全程木制栈道，风景特别好，有体力的话，从景区门口直接上山，一路风景，体力差或者高原反应严重，就坐索道上山，再下山看风景，其实也要走很远的，就是没有上山那么累，一路有几个氧吧，可以买氧气，注意防晒防雨，一定带厚点的衣服，山里天气善变，下雨时候特别冷，有风湿的自己备药，景区游客中心旁边有个医务室，只有两种止疼的膏药和口服止疼药，总之还是很推荐去的,,,,
iMp899159667,259,4,2021.09.09,黄龙风景名胜区门票+上行索道票（老人票，非法定节假日）,好，很好，非常好，确实是好，千真万确好！,,,,
资深情兽！,259,4,2021.05.19,黄龙风景名胜区门票+上行索道票(成人票）,还行吧，路线比较好走，建议一定要做索道上去，然后再一路观着下来。这样比较好走，不累，如果从进去就走路上去，到时候又要走下来真心很累的。之前看评论区说卫生间少，不够用，我不觉得啊，其实每隔一段距离就有卫生间的，很好找，很多了啊。根本用不完了。,,,,
cxo479583581,259,3,2021.07.18,黄龙风景名胜区门票+上行索道（成人票）,这里景色不错，就是不知道下山要五六个小时，把我退都快走断了,,,,
小瓶盖的团团,259,5,2021.08.02,黄龙风景名胜区门票+上行索道票（老人票，非法定节假日）,非常美，个人觉得比九寨还好,,,,
都是缘分的错,259,2,2021.07.15,黄龙风景名胜区门票+上行索道（成人票）,水少跟九寨相比逊色太多啦，门票两个差不多，但是感觉不值当呢,,,,
～紫龙再现～,259,2,2021.09.01,黄龙风景名胜区门票+上行索道票(成人票）,也没什么好的风景，还要爬山，爬的好累。,,,,
ile942325926,259,5,2021.05.05,黄龙风景名胜区门票+上行索道（成人票）,5月4日自驾游-提前一天住在黄龙附近酒店，早上7点30到达景区，5月的黄龙居然下起了大雪，工作人员说人最多的那几天是没有雪的，我们在山下坐索道10分钟到到达了山顶，走路接近1个小时到达五彩池观景区没有积雪，雪景太美丽了，下山如果是没有带老人徒步只需要2小时就到达山下了，没有来过的朋友强烈推荐夏季游玩景色更美丽……,,,,
dVb998554653,259,3,2021.07.18,黄龙风景名胜区门票+上行索道（成人票）,除了旺季票价有点高，其他都挺好的！景色也很美！,,,,
BBj414454225,259,3,2021.08.30,黄龙风景名胜区门票+上行索道（成人票）,为什么要让游客特意绕来绕去的呢？,,,,
散漫床车自驾游,259,4,2021.05.15,黄龙风景名胜区门票+上行索道票(成人票）,6月1日以前是淡季门票，所谓淡季就是许多池子里面没有水，干枯枯的没有看头。除了最上面的“五彩池”，其它池子基本上没有水，“盆景池”就干得一点水都没有。明明听得到旁边有水流下来，就是没有引到池子里，少交110元就只让你看个干池子。,,,,
rQR412765837,259,5,2021.06.15,黄龙风景名胜区门票+上行索道（成人票）,黄龙索道舒适平稳，景色秀丽迷人，不枉此行。,,,,
ibY375553842,259,3,2021.08.24,黄龙风景名胜区门票+上行索道（成人票）,这里有的九寨沟都有，多跑了一趟,,,,
ziO688591704,259,5,2021.07.17,黄龙风景名胜区门票+上行索道票（学生票）, ,,,,
小V也烦恼,259,5,2021.05.23,黄龙风景名胜区语音导览票（不含门票）,黄龙景区在四川省阿坝藏族羌族自治州松潘县境内，海拔在三千米以上，虽然是夏天，但是感觉还是非常的冷，黄龙景区有很多彩池，每个彩池都非常的好看，在阳光下光彩夺目，池水清澈透明，湖里藻类植物，还有钙华，非常好看,,,,
z1690334371,259,2,2021.08.02,黄龙风景名胜区门票+上行索道（成人票）, ,,,,
匿名用户,259,1,2021.08.15,黄龙风景名胜区门票+上行索道（成人票）,真真不怎么样，不推荐来，没有可以玩儿的，风景也一般，吃的也不怎么样,,,,
匿名用户,259,4,2021.08.09,黄龙风景名胜区门票+上行索道票(成人票）,走得够，走上去坐索道下来比较好，坐索道上去……,,,,
ZnE759924377,259,3,2021.08.11,黄龙风景名胜区门票+上行索道（成人票）,和九寨不一样的美，七仙女的泳池,,,,
bDb788561526,259,5,2021.05.17,黄龙风景名胜区门票+上行索道票(成人票）,海拔不高，坐缆车下来就可以拍雪景了，头天晚上下了雪，杜鹃花也开得正旺，一路雪景和花花。五彩池和雪山相呼应，非常漂亮！就是水源不太好了，一路走来的很多景点都看不到了。虽然避开了五一假期去的，但是还是很多人！,,,,
LX1000000,259,2,2021.07.29,黄龙风景名胜区门票+上行索道票（青少年票）,风景还可以，就是索道坐的地方李景点太远了，走的路程太远了，人都累死了,,,,
匿名用户,259,2,2021.07.15,黄龙风景名胜区门票+上行索道票（老人票，非法定节假日）,跟九寨的水相比逊色很多，门票+索道感觉有点不值,,,,
RXF474725687,259,5,2021.07.27,黄龙风景名胜区门票+上行索道票（青少年票）,属于步行比较多的景区，如果身体不好，带小小孩或膝盖不好的朋友不推荐，带总体值得一看,,,,
xiaohui551555,259,3,2021.04.21,黄龙风景名胜区学生门票,说句实话没有去过这些名胜古迹，一直都被世人吹爆了，去了感觉也还行，上山路也不累，斜坡得慢慢走，一路都是雪景漂亮。最总要一点我我们开车去的，天开车要出去景区那一带，我们几乎快累死了。一百多公里我们开了6～7个小时，去的时候看见修高速不知道什么时候能修好，反正这样路我是再也不想开车再去啦。,,,,
只是y个梦,259,3,2021.08.08,黄龙风景名胜区门票+上行索道（成人票）,去了九寨沟就别去黄龙了，没啥意思,,,,
匿名用户,259,4,2021.08.09,黄龙风景名胜区门票+上行索道票（青少年票）,走得够,,,,
匿名用户,259,4,2021.06.21,黄龙风景名胜区门票+上行索道（成人票）,超级美丽的地方，即便在枯水期，也值得去看看,,,,
匿名用户,259,5,2021.06.08,黄龙风景名胜区门票+上行索道（成人票）,不虚此行，就是路途遥远【交通】,,,,
匿名用户,259,3,2021.08.03,黄龙风景名胜区门票+上行索道票（残疾人士）,还行吧，值得一去，只是一去～～,,,,
NZt315294745,259,1,2021.07.18,黄龙风景名胜区门票+上行索道票(成人票）,走路路线规划不科学 走死个人 本来没得高反 为了赶上最后一班索道 差点没有憋过气,,,,
LX1000000,259,3,2021.07.29,黄龙风景名胜区门票+上行索道（成人票）,景点不错，就是走的路程太远，人太累了,,,,
mIw484993300,259,5,2021.08.05,黄龙风景名胜区门票+上行索道票(成人票）,风景如画，值得一游。,,,,
fantasy198263,259,2,2021.07.26,黄龙风景名胜区门票+上行索道票(成人票）,景色一般，谁给的勇气卖那么贵的门票，九寨沟同意吗,,,,
嘿我叫欧阳,259,3,2021.06.18,黄龙风景名胜区门票+上行索道（成人票）,风景还可以但是部分应急措施及突发情况的加强！,,,,
f不巧我在等你j,259,2,2021.08.03,黄龙风景名胜区门票+上行索道票（学生票）,该喝喝哈哈哈哈混不会玩就不玩啦啦啦,,,,
supabonny,259,1,2021.07.23,黄龙风景名胜区门票+上行索道（成人票）,索道工作人员居然敢推搡我，推搡我！推搡我！！！掏了这么贵的门票，他竟然敢像赶牲口一样推我？？？？！！！！,,,,
是你的小慧丫,259,5,2021.05.29,黄龙风景名胜区门票+上行索道（成人票）,建议做索道上去，徒步下山索道上去大约步行不到两公里，到五彩池，下山大概四个小时左右氧气的话，其实没多大用，海拔总高5700左右,,,,
维Cwm,259,3,2021.07.23,黄龙风景名胜区门票+上行索道票（老人票，非法定节假日）,还不错，景区挺凉快的，确切的说有点冷，建议穿厚点,,,,
dcC256922948,259,4,2021.08.02,黄龙风景名胜区门票+上行索道票(成人票）,景色很美,,,,
维Cwm,259,3,2021.07.23,黄龙风景名胜区门票+上行索道（成人票）,景色不错，建议穿厚点，惊叹大自然的鬼斧神工,,,,
GdP196423411,259,5,2021.05.12,黄龙风景名胜区门票+上行索道票（学生票）,设施齐全服务周到，一进去坐索道非常惬意。欣赏了美丽的五彩梯田，郁郁葱葱的森林，漫山的杜鹃花，我们还看见了条纹小松鼠，太开心了。,,,,
匿名用户,259,2,2021.07.26,黄龙风景名胜区门票+上行索道（成人票）,门票太贵服一般人多太乱吃饭也贵,,,,
匿名用户,259,2,2021.07.23,黄龙风景名胜区门票+上行索道（成人票）,感觉很一般，到处都是坑，不值得。,,,,
轻风拂水86,259,2,2021.07.16,黄龙风景名胜区门票+上行索道（成人票）,价格和九寨沟基本持平，景色不足两层，哪里来的勇气相提并论,,,,
yinglee81,259,5,2021.07.14,黄龙风景名胜区门票+上行索道票（青少年票）,青少年票很好，现场刷身份证进入。再审核一下孩子本人即可,,,,
UhX229388082,259,2,2021.07.19,黄龙风景名胜区门票+上行索道（成人票）,有点坑，80元坐缆车，坐上去没景看，徒走几公里。完全可以从景区门走上去的。,,,,
URJ967966078,259,5,2021.05.02,黄龙风景名胜区门票+上行索道（成人票）, ,,,,
匿名用户,259,5,2021.07.25,黄龙风景名胜区门票+上行索道票(成人票）,建议索道上，步行下,,,,
宸半仙,259,3,2021.07.22,黄龙风景名胜区门票+上行索道（成人票）,去的时间不对，没什么水，景色还是不错的,,,,
yinglee81,259,5,2021.07.14,黄龙风景名胜区门票+上行索道票(成人票）, ,,,,
hFK416329886,259,4,2021.07.22,黄龙风景名胜区门票+上行索道票（学生票）,很漂亮很不错，值得去,,,,
He家公主,259,4,2021.07.22,黄龙风景名胜区门票+上行索道（成人票）, ,,,,
生sean,259,2,2021.07.13,黄龙风景名胜区门票+上行索道（成人票）,走路走得真的好累好累 去了九寨沟黄龙景区可以选择不去,,,,
vIY265753138,259,3,2021.05.03,黄龙风景名胜区门票+上行索道（成人票）,坐索道上去，然后步行到五彩池，五彩池很漂亮，有人会有高反，路上设有吸氧点，从五彩池就可以一路向下到景区门口，由于不是雨季，争艳池好多都没有水，全程用了3个小时！,,,,
匿名用户,259,5,2021.07.21,黄龙风景名胜区门票+上行索道（成人票）,黄龙值得一去！,,,,
QaF801003613,259,4,2021.05.06,黄龙风景名胜区门票（成人票）,4月中旬去的，刚好碰到下雪，有点冷哦，除了五彩池其他池子基本干枯，看到了不一样的黄龙，夏天再去一趟吧,,,,
wtU379823490,259,1,2021.05.03,黄龙风景名胜区门票+上行索道（成人票）,交一百多来爬个山【环境】可能季节不对。到处都是干巴巴的  一个个窟窿都没有水，个别地方有点水  还靠不近拍照。,,,,
IPz269629185,259,5,2021.07.18,黄龙风景名胜区门票+上行索道（成人票）,好评！,,,,
IPz269629185,259,5,2021.07.18,黄龙风景名胜区门票+上行索道票(成人票）,好评！,,,,
Azq271508662,259,3,2021.07.11,黄龙风景名胜区门票+上行索道（成人票）,不错，但是走的太累了，其实都是一个样,,,,
水白十八子,259,2,2021.05.03,黄龙风景名胜区门票+上行索道（成人票）, ,,,,
gshong80,259,3,2021.07.05,黄龙风景名胜区门票+上行索道票（老人票，非法定节假日）,景色很美，值得推荐给大家，第二次来了，感觉还是很壮观,,,,
安倍他爷爷,259,3,2021.07.09,黄龙风景名胜区门票+上行索道（成人票）,枯水期去的 不好看，池子里面水都干了,,,,
匿名用户,259,5,2021.04.09,黄龙风景名胜区门票+上行索道（成人票）,这个季节去，风景只有五彩池，下山路边的其他的彩池还没有水，在美团买好上行索道+门票，在索道入口扫身份证进去就直接上索道了（索道和徒步入口不是一个，索道入口需要停好车坐景区免费公交车过去） 下索道徒步到五彩池大概1小时，看完五彩池徒步3公里多下山到景区大门停车场，年轻人全程大概3.5小时,,,,
Azq271508662,259,3,2021.07.11,黄龙风景名胜区门票+上行索道票（学生票）,簋街和你说话呢？给我说一声哈哈,,,,
Ygb545369475,259,5,2021.07.11,黄龙风景名胜区门票+上行索道票（老人票，非法定节假日）,景色太美了比九寨还要美,,,,
匿名用户,259,3,2021.07.08,黄龙风景名胜区门票+上行索道（成人票）,哈哈啦TMD刘巨还挺好的就是累,,,,
皮皮虾Tv丶陈冠希,259,2,2021.07.08,黄龙风景名胜区门票+上行索道（成人票）,爬山几小时，拍照五分钟。下山又是几小时,,,,
匿名用户,259,5,2021.06.20,黄龙风景名胜区门票+上行索道（成人票）,太漂亮了，走的腿疼,,,,
匿名用户,259,1,2021.06.23,黄龙风景名胜区门票+上行索道（成人票）,可能季节不对，票与实际情况不符，大家不要去了，净是噱头，害我们兴冲冲来，扫兴而归。,,,,
IGb871090320,259,4,2021.06.28,黄龙风景名胜区门票+上行索道（成人票）,早就想去的景点，风景很奇特，名不虚传，好！,,,,
GtU52920699,259,3,2021.06.26,黄龙风景名胜区门票（成人票）,太冷了，啥都没看到，只有上山顶才有景观,,,,
QCu483001677,259,5,2021.05.26,黄龙风景名胜区门票+上行索道（成人票）,超级美,,,,
猫咪不吃折耳根,259,3,2021.02.10,黄龙风景名胜区门票（成人票）,这个季节去要有一定的心理准备，可能达不到你心里的预期，因为几乎所有的观赏点都结冰了，不像你在介绍中看到的那样。如果你怀着赏雪或者摄影或者调节心情或者锻炼身体的心态去还是不错的，雪景也很美，尤其是站在雪山脚下，有种“冰山愈冷情愈热，耿耿忠心照雪山”的豪迈。越往上走海拔越高，可能会有高原反应，身体虚的朋友最好自带氧气瓶。其实半山腰上也有一个氧吧可以吸氧，前提是你能坚持到那里。另外全程往返至少四个多小时，绝对是燃脂减肥、增强体质必去宝地！,,,,
nutshell丶,259,4,2021.06.30,黄龙风景名胜区门票+上行索道（成人票）,还行吧,,,,
全正宏,259,3,2021.06.22,黄龙风景名胜区门票+上行索道（成人票）,坐缆车纯属骗钱，仍然要走很长的步道。,,,,
Qpv902194007,259,1,2021.06.18,黄龙风景名胜区门票+上行索道（成人票）,风景有点单调，而且交通条件极不便利，差评,,,,
Little_,259,5,2021.05.05,黄龙风景名胜区门票+上行索道（成人票）,空气清新，景色美丽,,,,
淡忘Aom,259,2,2021.05.03,黄龙风景名胜区门票+上行索道（成人票）,最好六七月去  五月去没得水 没得看的,,,,
hzzxh5801,259,3,2021.04.08,黄龙风景名胜区门票（成人票）,4月是淡季，门票60元每人，但景区只有最高处得五彩池可以欣赏，其余都是冰冻。,,,,
KsI235212526,259,3,2021.06.12,黄龙风景名胜区门票+上行索道票（老人票，非法定节假日）,景区很美，唯一可惜的是，可能季节关系，水少了点，效果也就差了那么一点,,,,
小小代253,259,3,2021.05.11,黄龙风景名胜区门票+上行索道（成人票）,这个景区主要是雪山跟五彩池。。。。。,,,,
carrot712,259,4,2021.06.12,黄龙风景名胜区门票+上行索道（成人票）,索道票还是很有必要的，不然爬的怀疑人生。,,,,
eHy262272817山水,259,3,2021.05.04,黄龙风景名胜区门票+上行索道（成人票）,景区设施齐全。服务还可以，气温适宜。还是值得一去的。,,,,
bDM416747026,259,3,2021.05.16,黄龙风景名胜区门票+上行索道（成人票）,一般般的很，除了五彩池 ，别的没有什么意思？有的地方还在修建中，不知道以后会是什么样子，有的池子的水都干了，,,,,
wuX714102726,259,2,2021.06.13,黄龙风景名胜区门票+上行索道（成人票）,这个门票真心不值一个字坑太坑了,,,,
Lawyer陈律,259,1,2021.05.03,黄龙风景名胜区门票+上行索道（成人票）,五一来玩，人超级多，索道排队差不多2小时。最重要的是这个季节风景巨差！！！！不要这个季节来！最好夏天秋天来！,,,,
zQp1193023264,259,4,2021.05.28,黄龙风景名胜区门票+上行索道（成人票）,不错哟,,,,
UwL458664687,259,2,2021.05.19,黄龙风景名胜区门票+上行索道（成人票）,感觉门票有点贵了，来没有水没看到瀑布，感觉花的钱有点不值,,,,
zCB758719777,259,4,2021.06.11,黄龙风景名胜区门票+上行索道（成人票）,转一圈下来有点累 五彩池很漂亮,,,,
UJM784337848,259,1,2021.05.03,黄龙风景名胜区门票+上行索道（成人票）,只能说  没啥好看的，来一次不来两次,,,,
IMQ248193482,259,1,2021.05.03,黄龙风景名胜区门票+上行索道票（学生票）,嗯，咳咳，来吐槽十年前来黄龙，风景没的说，美的一批十年后故地重游山上下来的所有人你只管听：有看到寂寞的，又看个锤子地，没有水的黄龙没有撒看的,,,,
UwL458664687,259,2,2021.05.19,黄龙风景名胜区门票+上行索道（成人票）,瀑布都没有，感觉时间没来对，就是好难得走路,,,,
山峰之巅gf,259,4,2021.05.03,黄龙风景名胜区门票+上行索道（成人票）,来的季节不对，水比较少，还是不错,,,,
oWB937471887,259,2,2021.06.02,黄龙风景名胜区门票+上行索道（成人票）,啥都没有了，没水了，风景只有雪山有看头，,,,,
ldj656489029,259,4,2021.05.24,黄龙风景名胜区门票+上行索道（成人票）,很方便，直接刷身份证进门，就是发票不好开，要去售票处。办手续,,,,
Kjf626361395,259,5,2021.05.29,黄龙风景名胜区门票+上行索道票（学生票）,去的时候是五一节，风景一般般不是最好的时候。,,,,
Kjf626361395,259,5,2021.05.29,黄龙风景名胜区门票+上行索道票（老人票，非法定节假日）,五一节去的，感觉去时不是最佳旅行时间,,,,
Zno602727842,259,2,2021.04.30,黄龙风景名胜区门票+上行索道（成人票）,真是非常一般的一次出游体验。除了山顶的五彩池有水，别的地方都是枯干的，水和瀑布都没有，想做下山索道，还得忍耐高反向上爬，索性只好走栈道下山，累的膝盖疼。,,,,
BcA164877662,259,4,2021.06.04,黄龙风景名胜区门票+上行索道（成人票）,挺好的,,,,
QUn813299389,259,4,2021.02.17,黄龙风景名胜区门票（成人票）,一家人2021年2月16日自驾游去的，淡季，游客不多，山上商家就一家，且商品不多，最好自带食物上山。一路都是的雪景，景色不错，现在就是没缆车，走走停停，来回花了6小时。有高反的可以在门口购买氧气瓶，15元/瓶。,,,,
Kjf626361395,259,5,2021.05.29,黄龙风景名胜区门票+上行索道（成人票）,五一节去的，不是最佳旅行时间。,,,,
xJv391150079,259,5,2021.05.03,黄龙风景名胜区门票+上行索道票(成人票）,「五彩池」漂亮，虽然很累，但景区服务人员态度都很好，感觉很棒！,,,,
乐迪3,259,5,2021.05.25,黄龙风景名胜区门票+上行索道（成人票）,还行吧，走路累，上去容易下去难受,,,,
果果儿，不甜,259,3,2021.05.20,黄龙风景名胜区门票+上行索道（成人票）,对于这个门票价格，这个风景也算值得。黄金周人多。,,,,
zmM618716327,259,2,2021.05.07,黄龙风景名胜区门票+上行索道（成人票）,这个季节水很少，好的海都是干的,,,,
羡羡的蓝大白菜,259,2,2021.05.22,黄龙风景名胜区门票+上行索道（成人票）,个人觉得五月不建议去，水少得很，没什么看的,,,,
甜絮aa,259,2,2021.04.29,黄龙风景名胜区门票+上行索道票(成人票）,可能我们去的不是时候 看到的只有雪 满山的雪 不过也挺好看的 虽然没有水,,,,
江大鱼200183,259,4,2021.05.21,黄龙风景名胜区门票+上行索道（成人票）,挺好的,,,,
Uxl912158384,259,1,2021.05.20,黄龙风景名胜区门票+上行索道（成人票）,只有一个池子有水，没看头【环境】【项目】,,,,
匿名用户,259,1,2021.04.13,黄龙风景名胜区门票+上行索道（成人票）,太失望了，什么也看不到，坐索道上去还要走两公里多才到五彩池，没有水，整个景区都没有水，除了雪，什么也看不到，真不知道哪里来的底气收这么贵的门票，推荐去九寨沟，这个黄龙就是个坑,,,,
PXm326762977,259,3,2021.05.07,黄龙风景名胜区门票+上行索道票(成人票）,遇上枯水期，水不多，到时候几个有水的池还是很好看的，丰水期去的话应该很美,,,,
没事喝雪碧,259,3,2021.03.18,黄龙风景名胜区门票+上行索道票（老人票，非法定节假日）,风景还是很不错的，下次有机会还会带着家人一起去的……,,,,
YvF556457865,259,1,2021.04.30,黄龙风景名胜区门票+上行索道（成人票）,去过九寨沟就没必要去黄龙景区了！就只有一个五彩池能看，其他地方都没有看头！！水都快枯竭了！！,,,,
sdZ529662270,259,2,2021.05.05,黄龙风景名胜区门票+上行索道票（学生票）,可能是季节没选择对，去了啥也没有，池子基本都没水，反正很扯淡,,,,
山花澜漫,259,5,2021.02.16,黄龙风景名胜区门票（成人票）,冬天雪很大，能看到就景色除了雪没得其他，钙化的景观都被雪覆盖了，秋天去应该景色会比较好。没有看到沿途什么特别的景点，直接去的五彩池，五彩池也只剩余少部分水面没有被覆盖，从2号停车场出发用时4小时达到。沿途各种各样的小雪人也是非常有趣的，哈哈哈！,,,,
吧啦个香蕉r,259,4,2021.05.06,黄龙风景名胜区门票（成人票）,大年初几头去的，全是雪，就没得啥景色了,,,,
fWx794752687,259,2,2021.05.01,黄龙风景名胜区门票+上行索道票(成人票）,坑啊！就那么一个水洼洼，害我走了十三里路。你就不能搞个小交通车啊？,,,,
peach20062006,259,2,2021.04.08,黄龙风景名胜区门票+上行索道票（老人票，非法定节假日）,4月来黄龙基本就是来了个寂寞 除了五彩池 其他什么都没有 索道以后还要爬好久 五彩池确实漂亮,,,,
匿名用户,259,2,2021.05.05,黄龙风景名胜区门票+上行索道（成人票）,非常一般，感觉不值门票，简直是花钱找罪受,,,,
匿名用户,259,2,2021.05.04,黄龙风景名胜区门票+上行索道（成人票）,暂时没什么水的，走路太多了 这个季节leng,,,,
匿名用户,259,3,2021.05.02,黄龙风景名胜区门票+上行索道（成人票）,五彩池很美，雪山很漂亮，就是温差有点大，还有些池子没有水,,,,
IMQ248193482,259,1,2021.05.03,黄龙风景名胜区门票+上行索道（成人票）,感觉很累的爬了山，没撒可看的，地震之后没有水了,,,,
NpY313996752,259,1,2021.05.02,黄龙风景名胜区门票+上行索道（成人票）,一路走走走走  几个水坑  太一般了        好多人都没走完就半路回去了,,,,
TjX504254655,259,4,2021.05.04,黄龙风景名胜区门票+上行索道（成人票）,可能季节不对，只有那么几个池子有水，大部分都没有,,,,
spiryn,259,1,2021.05.04,黄龙风景名胜区门票+上行索道（成人票）,除了五彩池有一点水，其他地方全是干的！后悔去了！,,,,
BIh647091346,259,1,2021.05.02,黄龙风景名胜区门票+上行索道（成人票）,遇到最差的一个景点了，不提供热水！体验感超级差,,,,
倾尽天下yl,259,3,2021.05.04,黄龙风景名胜区门票+上行索道（成人票）,【环境】【交通】【项目】【餐饮】,,,,
OVE403865357,259,2,2021.05.03,黄龙风景名胜区门票+上行索道（成人票）,没有水，风景跟图片差的远，没来对时间,,,,
XKL232427849,259,1,2021.05.03,黄龙风景名胜区门票+上行索道（成人票）,设施老旧，环境极差，全是垃圾。,,,,
欲语泪，先流,259,1,2021.05.03,黄龙风景名胜区门票+上行索道（成人票）,我还没消费，就直接给我点了，还没有给我处理,,,,
Diw503160627,259,1,2021.05.02,黄龙风景名胜区门票+上行索道（成人票）,在我视线内只有树，，，个人不喜欢,,,,
GVv852713924,259,4,2021.02.13,黄龙风景名胜区门票（成人票）,我们头天下午就去了，头天没下雪，第二天雪堆很厚！这两天记得买防滑链！风景挺漂亮的！,,,,
冰聪天使,259,3,2021.04.24,黄龙风景名胜区门票+上行索道（成人票）,服务还好，不错。就是路太长，很累很累。,,,,
冰聪天使,259,2,2021.04.24,黄龙风景名胜区门票+上行索道票（青少年票）,服务还好。景区一般般，很累很累,,,,
愿你此生不负,259,4,2021.01.23,黄龙风景名胜区门票+上行索道（成人票）, ,,,,
我姓高却为你低头,259,1,2021.04.10,黄龙风景名胜区门票+上行索道（成人票）,骗人呢。啥也没有。都干巴了。看个毛啊,,,,
lxyannie128,259,5,2021.04.11,黄龙风景名胜区门票+上行索道票（青少年票）,非常好，一起走遍祖国的大好河山。,,,,
vlj805533714,259,3,2021.04.06,黄龙风景名胜区门票+上行索道（成人票）,没有预想的好，应该是时候不到，6月份来就美了,,,,
tIl241446888,259,4,2021.04.11,黄龙风景名胜区门票+上行索道票（老人票，非法定节假日）,下山太累了,,,,
vlj805533714,259,3,2021.04.06,黄龙风景名胜区门票（成人票）,许多景看不到，时间不对，最好6月再来,,,,
匿名用户,259,2,2021.04.01,黄龙风景名胜区门票（成人票）,结冰，没看到水。缆车没开。。。。结冰，没看到水。缆车没开。。。。结冰，没看到水。缆车没开。。。。结冰，没看到水。缆车没开。。。。结冰，没看到水。缆车没开。。。。,,,,
AnU774461467,259,3,2021.04.01,黄龙风景名胜区门票（成人票）,下了大雪，白茫茫一片加上高反，匆匆而回,,,,
大贝3134979,259,2,2021.03.30,黄龙风景名胜区门票（成人票）,不好玩  就是爬山  去的时间不对  没索道,,,,
AaH798058979,259,4,2020.11.13,黄龙风景名胜区门票+上行索道（成人票）,从九寨沟坐大巴到黄龙大概三小时车程。路上有人推销一个什么肽，治高反的，个人觉得没什么必要买。黄龙海拔能去的地方大概4000米，植被覆盖良好，山上没有医疗点，作用一个成熟的景区，不应该有很多人有很严重的高反才对。不是很推荐索道上行，没必要。并不省时。业务可以节约力气，毕竟不要爬上去。栈道修的很好，所以走上去是没什么问题的。游玩大概4-5小时。听当地人说有轻微不舒服可以喝葡萄糖，由于我没有碰到反应，所以也不知道有没有用。11月初到黄龙下雪了，所以觉得黄龙并不比九寨沟逊色。景色就自己置身其中去欣赏吧，每个人在不同季节不同天气不同心情都会有不一样的感受！,,,,
匿名用户,259,3,2021.02.26,黄龙风景名胜区学生门票,冬季黄龙都被雪覆盖，只能看雪，没啥意思⊙_⊙,,,,
匿名用户,259,4,2021.03.14,黄龙风景名胜区门票（成人票）,冬季黄龙所有池子都被雪覆盖，看了个寂寞。。,,,,
Los489283300,259,3,2021.03.14,黄龙风景名胜区门票（成人票）,回合肥捶捶背那几句话好回合肥捶捶背那几句话好,,,,
WXv312062206,259,2,2020.11.03,黄龙风景名胜区门票+上行索道（成人票）, ,,,,
叶定平123,259,3,2021.03.05,黄龙风景名胜区门票（成人票）,建议夏季过来  冬季除了看雪 别的真没有什么亮点,,,,
匿名用户,259,5,2021.03.01,黄龙风景名胜区门票（成人票）,喜欢爬山的都可以去，这边这个五彩城和九寨沟的不一样,,,,
RhD828440805,259,3,2021.02.20,黄龙风景名胜区门票+上行索道（成人票）,好lol咯女我咯恩兔嗯无他垃圾业绩请问图磨牙,,,,
rJv427622922,259,5,2020.11.15,黄龙风景名胜区门票+上行索道票(成人票）,九寨归来不看水，九寨沟的水真是非常出色，非常漂亮。不枉此行。现在就是最上面原始森林部分还未修复，故未开放。不过各个小景点已足够玩耍啦，一天都玩不下来。买了门票，景区各个小景点都有公交车可以自由上下，不需要再买票了。但是要事先安排好计划好游玩的路线，不要走冤枉路。,,,,
IgL597711650,259,5,2020.12.10,黄龙风景名胜区门票+上行索道（成人票）,美不胜收，坐缆车上去往下走观光也不累，两三小时就玩完了，。。。。,,,,
Mry488034942,259,1,2020.10.08,黄龙风景名胜区门票+上行索道（成人票）,想着和九寨沟齐名，就来看看，路有多烂想必就不用多说了，到景点停的4号停车场，走到坐缆车的地方也不算远几百米，然后排队等了将近两小时才坐上缆车，上去后步行一两小时还没到景点，后来才发现景点原来在另一个山头，让你坐缆车上来，然后再走下山换另一个山，这操作也是没谁了，我坐缆车就是为了省事，这可倒好，到景点附近的服务区，完全没心情看了，五彩池压根没去，问了工作人员，人家说坐缆车上来就是要走几公里，你要爬山上来600米就能看到景点了，我tm直接气笑了，直接下山，路过的池子看着就跟我家澡堂子的颜色一样，然后又走了几个小时，回来腿疼的几天都好不了，本想着带父母出来旅游，谁知道出来遭罪了，山上厕所好远一个，啥吃的也没有，服务区快餐土豆20，辣椒炒肉30，米饭6块，汤10块，一份下来66才几口菜，热水也没有，吸氧室全部不供氧气，高反头疼死了又走那么远山路，真的最坑人的景点，,,,,
zIE294842376,259,5,2021.02.13,黄龙风景名胜区门票+上行索道（成人票）,景区非常漂亮，己振憾到了我，让我想要留下来的感觉,,,,
腾飞XZQ,259,4,2021.02.13,黄龙风景名胜区门票+上行索道（成人票）,环境优美，设施维护，有局部在扩建中，景色别具一格。,,,,
tPN318891903,259,4,2021.02.15,黄龙风景名胜区门票+上行索道（成人票）,服务还可以，值的一去看一看，特别是玻璃栈道,,,,
upu266254528,259,4,2021.02.12,黄龙风景名胜区门票（成人票）,挺好的，方便,,,,
rJv427622922,259,4,2020.11.15,黄龙风景名胜区门票+上行索道（成人票）,去过九寨沟再来黄龙，感觉水就有点逊色了。但还是有他的独特之处。山上很冷，特别是结冰了以后走路千万要小心防滑，要选合适的鞋子，否则容易摔跤啊。五彩池要走到上面来看，在下面看不出什么，从上往下看还是非常漂亮的，可以看我的视频。,,,,
歌颂我,259,4,2021.02.10,黄龙风景名胜区门票+上行索道（成人票）,入园前均可购买,很漂亮的景区,,,
我的帅气嫩爸爸,259,1,2021.01.18,黄龙风景名胜区门票+上行索道（成人票）,浪费门票 和九寨沟比起来差远了 差远了,,,,
晨钟暮鼓1616,259,5,2021.01.23,黄龙风景名胜区门票+上行索道票（老人票，非法定节假日）,非常喜欢,,,,
肆意挥霍丶青春,259,5,2020.10.16,黄龙风景名胜区门票+上行索道（成人票）,堪称小九寨也不为过，国庆期间酒店才一百来块，景区外有免费公交接上下山点，只有景区门票必须购买，有览车5分钟上下山，身体好的可以完全步行，也可以步行上下山，一定要选择两种上下山模式才能把景区景色看完，值得一去的地方，景色宜人很美,,,,
foi410220959,259,3,2020.10.04,黄龙风景名胜区门票+上行索道（成人票）,【环境】从九寨沟过来就直奔黄龙了，阴雨绵绵～一直下着小雨，期望最大的五彩池，感觉，很失望，可能是最近雨水太多了，感觉与五彩池很浑浊但往景区下行，风景出乎意料，很好看，「金沙铺地」「飞瀑流辉」「盆景池」「莲台飞瀑」「娑罗映彩池」「迎宾池」都很不错～可能因为下雨还有疫情的原因，人没有很多，但寺院全部都是关闭的！！！挺遗憾的，感觉门票贵了,,,,
义渠李四,259,5,2021.01.14,黄龙风景名胜区门票+上行索道票（青少年票）,黄龙是我去过的，自然景色最好的，没有之一!,,,,
mBd966226022,259,5,2020.08.09,黄龙风景名胜区门票+上行索道（成人票）,黄龙风景名胜区位于阿坝州松潘县，总面积4万公顷，获得世界生物圈保护区和“绿色环球21”认证、国家地质公园、国家AAAAA级旅游景区等殊荣。秋日的阿坝州黄龙景区，婀娜多姿，是人间仙境，更是心灵放飞净土。黄龙本部主要由黄龙沟、丹云峡、雪宝顶等景区构成，牟尼沟部分主要是扎嘎瀑布和二道海两个景区。主要因佛门名刹黄龙寺而得名，以彩池、雪山、峡谷、森林“四绝”著称于世，是中国唯一的保护完好的高原湿地，这里山势如龙，又称“藏龙山相较于九寨沟，黄龙有自己独特的味道。蓝天白云，人间瑶池，净化心灵的圣地。美不胜收！五彩池超级漂亮。缆车上去后，景色不断。风景秀丽，值得一游！,,,,
sv660,259,5,2021.01.14,黄龙风景名胜区门票+上行索道（成人票）,一定要去的地方,,,,
小子叫我一声爸爸,259,5,2020.10.16,黄龙风景名胜区语音导览票（不含门票）,风景是真不错呀，平台买票还便宜了，就是下午才上山，去的时候刚好昨晚下了雪了，导致下午山上雾气相当浓厚，五彩池全部都被大雾笼罩住了，啥都看不清挺可惜的，但是模模糊糊的也能看出来很漂亮，晚上山上还挺冷的。,,,,
Tom鲨鱼辣椒,259,2,2020.07.28,黄龙风景名胜区门票+上行索道（成人票）,我真的服了，评论都是刷的还是有人控评？我真没觉得有多值。首先，捆绑售票这点我就无语，美团上买票必须是170门票加80上行索道一共250。要是你在景区售票中心买票的话，旺季门票170上行索道80下行索道40可以分开买。我听评论的买了套票250上山索道下山徒步，结果一路各种停停拍拍，连4个小时都没用到。什么高原反应更是扯淡，我当初就是看评论之后担心这一点才选择索道的，结果呢？索道没一会儿就到山上的时候我就预感可能被坑了。后来一查，松潘县城海拔2800多，五彩池海拔没记错旁边立的那个牌子的话也就3500多，这座山根本没多高，完全没感到什么高原反应，我从头到尾根本就没感觉累，所以①年轻人精力充沛②早上来的景区③自备干粮的话根本没有必要坐索道，徒步上山下山来回大约也就7个小时。这地方和青城山后山的唯一区别就是比青城山多了五彩池和各种池子，然后多了一百多门票，仅此而已。说真的，这些池子也就第一眼的时候比较惊艳，但是下山路上好多这种池子千篇一律，看多了就觉得没什么稀奇了。总之，170的门票我觉得贵了，至少对体力好的人来说，那80元的索道钱更是没必要，徒步上山，花个40块钱坐索道下山都比这个250强。,,,,
李某丶,259,4,2021.01.04,黄龙风景名胜区门票+上行索道（成人票）,风景很优美，去的时候到中午出太阳的时候确实很好看，就是累人呀,,,,
MQZ708263623,259,1,2020.10.05,黄龙风景名胜区门票+上行索道（成人票）, ,,,,
ems109921546,259,4,2020.10.16,黄龙风景名胜区门票+上行索道票（老人票，非法定节假日）,黄龙风景区很大 要仔细游览起码8个小时 景区门票加上行缆车的组合很合适游玩 就是天气不太好 阴天没下雨,,,,
Jenny崽,259,5,2020.10.20,黄龙风景名胜区门票+上行索道（成人票）, ,,,,
繁星蔓宇,259,3,2021.01.08,黄龙风景名胜区门票+上行索道（成人票）,还可以，还将就，还行，还不错，不算难玩,,,,
yy32449,259,5,2020.10.30,黄龙风景名胜区门票+上行索道（成人票）,套票价格与九寨沟差不多，但景色、设施与九寨沟相比要略逊一筹，景色虽有独特之处，但范围不大，门票加缆车价格偏高。,,,,
贝多芬的礼赞,259,4,2021.01.08,黄龙风景名胜区门票+上行索道（成人票）,好,,,,
匿名用户,259,4,2020.10.11,黄龙风景名胜区门票+上行索道（成人票）,我们上山的时候雾气很大，快走到五彩池的时候还下起了小雨，因为天气的原因五彩池拍的不是很漂亮，但是一路往下走真的是一路一景，越往下走天气越好，雨停了，真的是太漂亮了。只是可惜天气一直没有放晴，如果是大晴天会更美。,,,,
呵哈127,259,5,2020.10.05,黄龙风景名胜区门票+上行索道票（学生票）, ,,,,
PtG348905398,259,4,2021.01.04,黄龙风景名胜区门票+上行索道（成人票）,很不错的一次游玩，特别是水太美了！,,,,
z752536035,259,3,2020.12.30,黄龙风景名胜区门票+上行索道（成人票）,可以去一下，比较依赖于天气，阴天的黄龙和九寨真的差太多了。,,,,
DUs918539084,259,5,2020.10.05,黄龙风景名胜区门票+上行索道（成人票）,老板很热情给我升级成了豪华标间，房间干净宽敞，设施设备都很新，还设有地暖，床上用品高级卫生，窗外有高山流水，房间飘窗还备有茶台，酒店吃饭客人打7折，他家的牦牛肉汤河超级好吃，138元超大一锅，总的来说，非常满意！,,,,
EtI321046888,259,3,2020.10.29,黄龙风景名胜区门票+上行索道票(成人票）,幸运的我们遇上了雪后的黄龙！美得让你的呼吸都不自觉地放轻！,,,,
NeL915753149,259,4,2020.12.31,黄龙风景名胜区门票+上行索道（成人票）,很美，确实名不虚传,,,,
颖范儿,259,5,2020.10.03,黄龙风景名胜区门票+上行索道票（青少年票）, ,,,,
Oia803895991,259,5,2020.11.09,黄龙风景名胜区门票+上行索道（成人票）,美,,,,
妍一y1,259,3,2020.12.22,黄龙风景名胜区门票+上行索道（成人票）,就是累。非常累，风景漂亮，可是累的不要不要的,,,,
SCt205046892,259,5,2020.10.14,黄龙风景名胜区门票+上行索道（成人票）,瑶池本是在人间，堪笑凡夫安学仙；有路天堂通九寨，此中仙境任盘旋。,,,,
bDl846460031,259,4,2020.12.26,黄龙风景名胜区门票+上行索道（成人票）,习惯好评！,,,,
天际流星648,259,2,2020.11.29,黄龙风景名胜区门票+上行索道票（残疾人士）,去的时候是国庆，人也多天气也不好，最无奈的是排队，上的时候可以坐缆车，下的时候比想象中累多了，感觉像在爬山，整整一天累死了。景色一般般，但是也值得去一次,,,,
zjc0616,259,4,2020.11.08,黄龙风景名胜区门票+上行索道票（学生票）,国庆节人也不多，但是下索道后走的路太远了。,,,,
匿名用户,259,5,2020.10.16,黄龙风景名胜区门票+上行索道（成人票）,景区风景很美，美如画！其次设施齐全，游览体验很棒！,,,,
匿名用户,259,4,2020.10.07,黄龙风景名胜区门票+上行索道（成人票）,山上温度低，早上上山的时候我们都穿了羽绒服，当天天气很好，而且上山的风景很好看，尤其是下山的时候，路边随手一拍都是美景,,,,
UbQ35555654,259,5,2020.10.06,黄龙风景名胜区门票+上行索道（成人票）,黄龙这个地方真心不错，但是，自驾游的小伙伴，看天气，千万不要下雨去，因为兰墨线，泥石流，山体滑坡，封路堵车，会让你怀疑人生，从若尔盖绕过去路况还不错，但是时间非常久，晚上会下冰雹，而且缺氧，身体素质不好的小伙伴需要吸氧，再者黄龙和九寨沟是不同的景点，不要去一个放弃另一个，因为，风貌地质是完全不一样的！黄龙缆车上去的第一个景点其实不美，走下山的景色远远超过山顶的五彩池……,,,,
匿名用户,259,3,2020.10.31,黄龙风景名胜区门票+上行索道（成人票）,还可以，景色挺好的，值得来的地方，环境交通都还可以,,,,
HYd15230678,259,5,2020.10.12,黄龙风景名胜区门票+上行索道（成人票）,黄龙风景好。上去那天天气不能太好，看到雪山,,,,
匿名用户,259,4,2020.11.13,黄龙风景名胜区门票+上行索道（成人票）,风景很美，值得一游。,,,,
JHJ555,259,3,2020.10.16,黄龙风景名胜区门票+上行索道（成人票）,卫生很干净 风景很好 就是有点冷 海拔也高,,,,
老郭guo,259,4,2020.12.05,黄龙风景名胜区门票+上行索道（成人票）,很值得去，不一样的风景,,,,
墨染青衣颜Yn,259,2,2020.10.04,黄龙风景名胜区门票+上行索道（成人票）,风景不如九寨沟就算了。缆车到一个山脉，景点在另一个山脉！不喜欢徒步/爬山的就别来了！坐的缆车上山，想要看风景就只有走路下山，至少走7km！上下爬坡不是平路的7km！！唯一能看的就是这个五彩池，比起九寨沟的五彩池差多了！建议一定要走黄龙~九寨沟的国道，路上风景都比黄龙景区好看！,,,,
飓风传说,259,4,2020.10.06,黄龙风景名胜区门票+上行索道（成人票）,风景确实不错，非常漂亮，值得一看,,,,
YRd278522872,259,3,2020.10.08,黄龙风景名胜区门票+上行索道票（学生票）,天气不太好，老人走的有点累，和九寨沟两种风格，风景还是可以，值得一去,,,,
WOn787981191,259,3,2020.11.29,黄龙风景名胜区门票+上行索道（成人票）,不错不错，有机会还会去，这次是跟家人去的，下次跟朋友一起去,,,,
匿名用户,259,4,2020.10.11,黄龙风景名胜区门票+上行索道（成人票）,虽然天气不怎么好，但是景色真的很美，太值得了。,,,,
APL41284620,259,4,2020.10.05,黄龙风景名胜区门票+上行索道（成人票）,请至少当天的17点30分前购买,一家三口，第一次来黄龙，非常的幸运，在地震当天安全到达成都，极其幸运,,,
awW510295380,259,4,2020.10.02,黄龙风景名胜区门票+上行索道（成人票）,「争艳彩池」「金沙铺地」「莲台飞瀑」「五彩池」「娑罗映彩池」值得来一次，风景优美,,,,
迷失的旧梦,259,5,2020.11.21,黄龙风景名胜区门票+上行索道票（儿童票）,很美的景色，全家人去了都觉得非常漂亮，很值得一去，建议大家都去看看。,,,,
迷失的旧梦,259,5,2020.11.21,黄龙风景名胜区门票+上行索道（成人票）,不愧是5A级景区，景色非常迷人，我们全家都非常高兴，很值得一去。,,,,
APL41284620,259,4,2020.10.05,黄龙风景名胜区门票+上行索道（儿童/老人/学生票）,请至少当天的17点30分前购买,一家三口第一次去黄龙，接机小师傅给我们改变了行程，让我们地震时离开了黄龙，非常幸运,,,
BSA508701965,259,5,2020.10.05,黄龙风景名胜区门票+上行索道（成人票）,风景优美，非常喜欢，强烈推荐大家都去玩一圈,,,,
匿名用户,259,2,2020.10.02,黄龙风景名胜区门票+上行索道（成人票）,风景是可以，但是走路太累太累了，索道上去要走1.2个小时才到景点，五彩池还要爬个几百米才上得去，又高原反应的朋友上去真的很累，如果是阴天、五彩池一点也不好看、下面可以看图片，从这个景点往下走要走2.3个小时才能出去，如果想坐索道，要原路返回走个1.2个小时才能做，进退两难，太累太累了，下山路走得腰以下非常酸痛，体验感好差,,,,
微哥集团,259,1,2020.10.08,黄龙风景名胜区门票+上行索道（成人票）,很多道路封闭，景色也差，不如旁边牟尼沟，票价很贵，走路很远,,,,
匿名用户,259,3,2020.08.02,黄龙风景名胜区门票+上行索道票（学生票）,太累了，而且去的时候阴天下雨，没有太阳的折射反射，很不好看，什么颜色都没有。索道不修到五彩池附近，还要走很远。下山的时候已经累的怀疑人生了！学生票需要去售票处换票，没有提前告诉我们，跑了一个来回累死了。疫情期间吸氧处都不开放,,,,
SaJ474327812,259,5,2020.10.10,黄龙风景名胜区门票+上行索道（成人票）,刚好错过高峰期去的，风景超美的，很值得一看,,,,
zxd129012580,259,4,2020.10.09,黄龙风景名胜区门票+上行索道（成人票）,人间瑶池！相当漂亮！一生值得一去！,,,,
匿名用户,259,5,2020.10.05,黄龙风景名胜区门票+上行索道（成人票）,非常美丽！,,,,
awW510295380,259,5,2020.10.02,黄龙风景名胜区门票+上行索道票（青少年票）,值得来一次风景优美，来的时候一定要准备好吃的东西，上面的东西有点贵,,,,
K99999999999999,259,5,2020.08.18,黄龙风景名胜区门票+上行索道（成人票）,总体满意，就是想要来玩的朋友，建议别下雨天来，下雨天容易发生交通堵塞，泥石流，山体滑坡的情况，大晴天有太阳来好玩，景色好。出来玩跟团游或者自驾游，千万别在景点或者周围附近购物。价格太贵了，贵的离谱，这方面还请物价局好好查查,,,,
ZRQ768301768,259,3,2020.11.16,黄龙风景名胜区门票+上行索道（成人票）,国庆期间去的，还不错，但是比不上去九寨沟哈哈哈,,,,
rby694973988,259,5,2020.11.20,黄龙风景名胜区门票+上行索道（成人票）,好,,,,
banan小辣椒,259,1,2020.10.08,黄龙风景名胜区门票+上行索道（成人票）,没有啥服务，景区索道上去雾蒙蒙的啥也看不见，五彩池就黄黄的也没啥看头，走很远的路，特别累，主要来讲还是票价不值。真心不值。,,,,
rpp888969475,259,3,2020.10.28,黄龙风景名胜区门票+上行索道（成人票）,还可以，不过建议晴天去，我第二次去的，上一次是十多年前，那次夏天，下雨。这次阴天，雾气很重，五彩池的颜色不明显，水还不是很多,,,,
WQq504469549,259,1,2020.10.08,黄龙风景名胜区门票+上行索道（成人票）,五彩池，一半封路不让去，这么贵的门票结果就看这么个东西，还要走很远的路,,,,
ailulin糖果超甜,259,5,2020.08.14,黄龙风景名胜区门票+上行索道（成人票）,前几年去了九寨没到黄龙，今年没目的的旅行就转悠到这里了，只能说不虚此行！每个转弯都是美景，推荐路线是索道上山后从山上下来一路风景很美还一点不累，如果是爬上山，很多人就走不动了。,,,,
Angel龙,259,2,2020.10.12,黄龙风景名胜区门票+上行索道票（老人票，非法定节假日）,卫生间全部维修不让去，就游客中心一个？旅游巴士大马路上随便停没人管，来来网网车多很乱，免费缆车巴适排队随便加塞，还有黑车揽客，景点只顾挣钱没人维护。,,,,
dabo2133,259,5,2020.10.12,黄龙风景名胜区门票+上行索道（成人票）,还是很美的，秋季的颜色还是多彩的很漂亮,,,,
ZmX369250645,259,4,2020.10.02,黄龙风景名胜区门票+上行索道票(成人票）,景色还是非常好的，特别是在阳光下，水和树可观。,,,,
然然的妈2009,259,4,2020.10.09,黄龙风景名胜区门票+上行索道（成人票）,除了从茂县到松潘的国道要看运气外，里面景色很不错，值得一来，但一定要注意天气，和道路情况。,,,,
匿名用户,259,5,2020.11.16,黄龙风景名胜区门票+上行索道（成人票）,【环境】,,,,
ZZbaby711,259,5,2020.11.01,黄龙风景名胜区门票+上行索道（成人票）,风景不错，但去的那天是阴天，还下的小雨，没有看到好看的景色，有点可惜,,,,
XTz247221900,259,5,2020.10.31,黄龙风景名胜区门票+上行索道（成人票）,非常不错，乘索道上山，看五彩瑶池，走路下山，行程规划的不错,,,,
HiS886594223,259,5,2020.11.08,黄龙风景名胜区门票+上行索道（成人票）,挺好,,,,
lNN622013553,259,3,2020.10.18,黄龙风景名胜区门票+上行索道（成人票）,累，就是累，但是小松鼠很可爱，会找人来玩，记得带点坚果哦，一路上见了十几只松鼠，还有的爬到身上来，不认生，很可爱,,,,
Ly58983.,259,4,2020.11.02,黄龙风景名胜区门票+上行索道（成人票）,景区不错 票价不值,,,,
舍得居士,259,3,2020.10.28,黄龙风景名胜区门票+上行索道（成人票）,风景区还不错，但服务设施不行，周围只有大宾馆没有经济行酒店。,,,,
ktl461332376,259,5,2020.08.26,黄龙风景名胜区门票+上行索道（成人票）, ,,,,
bTU847128779,259,2,2020.10.03,黄龙风景名胜区门票+上行索道票（青少年票）,250的门票，其实就是坐个缆车到半山腰，再走上去，然后再从最顶再走下来。全程都在看溪水流和一些池子，关键是得走半天看半天！感觉不值这个价……没得毕棚沟好耍,,,,
wanggong78,259,5,2020.08.23,黄龙风景名胜区门票+上行索道票（学生票）,去的时候天气晴朗刚好赶上个好天气，前几天都一直在下雨，景色太美了！！！,,,,
kNC360673550,259,1,2020.10.03,黄龙风景名胜区门票+上行索道（成人票）,我为什么要这么耐心的给一个个差评，真的是被气到了，排队一小时坐缆车上来还要走路一小时才能看到景色，那你修缆车意义什么？骗钱？上来后要看风景加起来走个五公里。还没什么风景。,,,,
kNC360673550,259,1,2020.10.03,黄龙风景名胜区门票+上行索道（成人票）,黄龙和九寨是怎么配齐名的？一个天上一个地下，黄龙唯一能看的就是一个五彩池，还要坐缆车上来后走三公里。除此之外毫无景点可言。花了两百五你让我来上山健身呢？,,,,
VCP817727328,259,4,2020.10.25,黄龙风景名胜区门票+上行索道（成人票）,设施齐全，交通方便，走路也不算累，线路安排合理，景区很不错。,,,,
dabo2133,259,5,2020.10.12,黄龙风景名胜区门票+上行索道（成人票）,人间瑶池黄龙，有点高反了,,,,
swuplws,259,4,2020.10.29,黄龙风景名胜区门票+上行索道（成人票）,网上买黄龙票简单、快捷、方便。,,,,
匿名用户,259,4,2020.10.19,黄龙风景名胜区门票+上行索道（成人票）,国庆期间，人太多，一早就到达，排队一个多小时才坐上缆车，风景确实很美，不虚此行！,,,,
kNC360673550,259,1,2020.10.03,黄龙风景名胜区门票+上行索道（成人票）,只此一次，再也不想来第二次，就是山上一点树，和九寨景色以及服务完全没法比,,,,
kNC360673550,259,1,2020.10.03,黄龙风景名胜区语音导览票（不含门票）, ,,,,
sakuryhjm,259,4,2020.10.09,黄龙风景名胜区门票+上行索道（成人票）,运气不错，遇上今年第一场雪。,,,,
匿名用户,259,3,2020.10.04,黄龙风景名胜区门票+上行索道票（学生票）,五彩池确实漂亮，如果有阳光就更好了。在网上看海拔有5000多，赶紧去买了两氧气瓶，结果走到最高的五彩池也只有3000多，最后也没派上用场,,,,
kanshw,259,3,2020.10.21,黄龙风景名胜区门票+上行索道（成人票）,全程都是自助，没啥值得评论，就那样吧。,,,,
cdQ632969328,259,3,2020.10.05,黄龙风景名胜区门票+上行索道（成人票）,累。游黄龙走了两万多步，累惨了……景色还行吧。要是山上有免费开水就好了，那天生理期，肚子痛，又没有开水，太恼火了。,,,,
七七txt,259,3,2020.10.15,黄龙风景名胜区门票+上行索道票(成人票）,感觉没有十年前的好看。有点失望。厕所也太少，动不动就排长队等待。其他都还好,,,,
三字代码,259,5,2020.08.01,黄龙风景名胜区门票+上行索道（成人票）,我们坐索道上去，横着走翻过山才到五彩池，走路大概两公里，看到有工人已经在修轨道车了。然后一路下来，再加三公里！做好徒步全程六公里的心里准备！景色是真好，震撼！虽然人工做的池子有一半多，但是瑕不掩瑜，总的来说，值回票价！,,,,
eaa980610537,259,3,2020.10.20,黄龙风景名胜区门票+上行索道票(成人票）,黄龙美不美全靠两条腿，缆车上去2分钟，走路下来一下午,,,,
AzS291357021,259,4,2020.10.16,黄龙风景名胜区门票+上行索道（成人票）,乘缆车上去，往下走好多冤枉路，也没啥景点，因此还高原反应。,,,,
dBU137595707,259,3,2020.10.06,黄龙风景名胜区门票+上行索道（成人票）,十一去人比较多，上山索道等待时间比较长，也没有人维持秩序，总有人不排队插队，从索道到景点距离比较远，有点累。,,,,
有一双翅膀,259,5,2020.07.29,黄龙风景名胜区门票+上行索道（成人票）,景色很美的黄龙，大自然的鬼斧神工，自然雕砌的美景，水很清凉。美中不足去的时候一直下着雨，温度也是非常的低，很冷。景区内设施什么的很齐全，缆车上行，再步行约3公里到达五彩池，然后一路走下山，边走边赏景，游玩下来也不累。,,,,
Love安小白,259,3,2020.10.03,黄龙风景名胜区门票+上行索道（成人票）,去完九寨沟再去黄龙，就觉得很一般，全程走路很累，不像九寨沟那么人性化的每个景点都有观光车,,,,
墨染青衣颜Yn,259,1,2020.10.04,黄龙风景名胜区门票+上行索道（成人票）,缆车80元，排队一个多小时，根本不到景点！！在还要步行三公里过去景点！步行入口到景点也是三公里，所以坐缆车是为了什么？？,,,,
AKU680454332,259,5,2020.08.16,黄龙风景名胜区门票+上行索道（成人票）,风景区不错，很方便，刷卡坐索道，,,,,
烛米,259,3,2020.10.09,黄龙风景名胜区门票+上行索道（成人票）,很不错，可以错过国庆高峰期去就很好了，现在树叶还没红，色彩差异不大。,,,,
mvp_kobe,259,5,2020.10.17,黄龙风景名胜区门票+上行索道（成人票）,直接刷身份证就可以进去景区去坐缆车,,,,
DAC军临天下,259,4,2020.10.22,黄龙风景名胜区门票+上行索道（成人票）,好评！,,,,
pzy19969,259,3,2020.07.13,黄龙风景名胜区门票+上行索道（成人票）,五彩池很漂亮，就是索道价格太高，坐的时间太短，而且还不能直接到地方，居然要走将近一小时才到，到了上面休息的地方很少，氧吧的人自己在吃东西，却不准我们在里面休息吃东西，问题是上到上面后，外面带遮阳的亭子太少啊！让游客晒着太阳补充能量吗？不能多搭几个遮阳棚吗？,,,,
爱吃草的小猪,259,5,2020.09.17,黄龙风景名胜区门票+上行索道票(成人票）,黄龙风景区真的是太美了，从山顶一路走下去，都是彩池瀑布，强烈推荐！九寨沟里到处是都是滑坡和断树，震后恢复的不好，五年后再去应该更好点。,,,,
Da大大君,259,4,2020.07.09,黄龙风景名胜区门票+上行索道（成人票）,客观来说，风景还是不错的，就是个人觉得景区步道设置不合理，先去的九寨沟，再来的黄龙，确实就没有什么惊喜了。相比九寨沟的门票来说，这边250一人，稍微觉得有点点没有性价比呢！,,,,
ryc165575070,259,4,2020.10.07,黄龙风景名胜区门票+上行索道（成人票）,很喜欢黄龙的池子，不要和九寨比，不同的地方，不同的景，一个都不能少,,,,
liuyamingwan,259,3,2020.10.08,黄龙风景名胜区门票+上行索道（成人票）,感觉还可以，反正一大群人去的，景区嘛，都是这样,,,,
jJL569833175,259,5,2020.09.30,黄龙风景名胜区门票+上行索道（成人票）,服务设施比较完备，一路的栈道，卫生间、路边长椅相隔不远就有，景区的环境不错,,,,
FWK640670388,259,4,2020.10.02,黄龙风景名胜区门票+上行索道（成人票）,还可以 就是做了索道然后要走好大一圈才能到达五彩池，如果不做索道步行上去很远很远,,,,
kNC360673550,259,1,2020.10.03,黄龙风景名胜区门票+上行索道（成人票）,景区物价比别的景区高，还没什么可吃的，泡个面要收两块钱热水费,,,,
sVx840898190,259,2,2020.10.08,黄龙风景名胜区门票+上行索道（成人票）,风景挺美，运气好，刚到五彩池遇到好天气。缆车排队太久了。。。,,,,
bVj157199085,259,4,2020.08.17,黄龙风景名胜区门票+上行索道票（老人票，非法定节假日）,黄龙景区风景非常不错，基础设施建设比我二十年前来黄龙景区好多了。,,,,
Khv876875458,259,5,2020.10.13,黄龙风景名胜区门票+上行索道票(成人票）,设施完善，标准5A,,,,
舌尖上的好吃嘴,259,3,2020.10.08,黄龙风景名胜区门票+上行索道（成人票）,刚好前一天晚上下了雪，锦上添花。和九寨比还是差一点。,,,,
Xcp618773701,259,5,2020.10.08,黄龙风景名胜区门票+上行索道（成人票）,开始要排队坐缆车，后面风景真的很美，值得一去,,,,
rfg947767161,259,2,2020.10.05,黄龙风景名胜区门票+上行索道（成人票）,很多景区点并没有开放 但是收的是所有景点的费用 有点坑，不过十月一 也能理解！,,,,
Hbe731786470,259,3,2020.10.08,黄龙风景名胜区门票+上行索道（成人票）,排队太脑火了，但景区环境和景点都很好,,,,
wyk429058093,259,5,2020.10.03,黄龙风景名胜区门票+上行索道票(成人票）,环境，服务都很不错，凭身份证入内，先进不排队。疫情期间做的很好,,,,
见朕～奇迹,259,4,2020.10.08,黄龙风景名胜区门票+上行索道票（青少年票）,价格还是有点小贵。,,,,
p佳,259,4,2020.08.22,黄龙风景名胜区门票+上行索道（成人票）,天气好，拍照片才好看。阴天就没法。景点不多。5点多就开始降温，带够衣服，厚衣服穿上。没什么高反，海拔3500左右。,,,,
见朕～奇迹,259,4,2020.10.08,黄龙风景名胜区门票+上行索道（成人票）,价格小贵,,,,
IjE434072448,259,2,2020.10.05,黄龙风景名胜区门票+上行索道（成人票）,一般，景点一般。脚都走痛了，没什么看头,,,,
zfq752542059,259,5,2020.10.04,黄龙风景名胜区门票+上行索道票（儿童票）,景色极美，空气清新！是旅游的绝佳胜地！,,,,
PVx667680208,259,3,2020.10.05,黄龙风景名胜区语音导览票（不含门票）,设施齐全，环境优美，服务态度也不错！,,,,
kakaf_yi,259,4,2020.10.08,黄龙风景名胜区门票+上行索道+电子导览（成人票）,「五彩池」「金沙铺地」,,,,
夏天的夏海,259,3,2020.10.03,黄龙风景名胜区门票+上行索道（成人票）,设施好，景区干净，景色很美，以后还想来。,,,,
uTm444173952,259,3,2020.10.03,黄龙风景名胜区门票+上行索道票（儿童票）,景色确实很好，但是索道路线不科学,,,,
uTm444173952,259,3,2020.10.03,黄龙风景名胜区门票+上行索道票（老人票，非法定节假日）,景色好，但是索道不科学，需要走回头路,,,,
lBj763638924,259,4,2020.10.01,黄龙风景名胜区门票+上行索道（成人票）,非常方便，直接刷身份证不用换票排队,,,,
蝶374,259,5,2020.10.04,黄龙风景名胜区门票+上行索道+电子导览（成人票）,体验非常不错，去的那会儿人还不是特别多。,,,,
日行千里游遍大地,259,5,2020.10.02,黄龙风景名胜区门票+上行索道（成人票）,环境也很好，很好玩，知名度不错,,,,
谢小宝张大宝,259,5,2020.10.03,黄龙风景名胜区门票+上行索道（成人票）,风景很美，人很多,,,,
RCZ712380129,259,3,2020.10.03,黄龙风景名胜区门票+上行索道（成人票）, ,,,,
范玮01,259,5,2020.09.30,黄龙风景名胜区语音导览票（不含门票）,不错的地方,,,,
爱你思宝,259,2,2020.09.14,黄龙风景名胜区门票+上行索道（成人票）,真的感觉没有什么看的，而且上面高原气候，走得很辛苦，收费也非常高，感觉很不值得,,,,
匿名用户,259,4,2020.08.07,黄龙风景名胜区门票+上行索道票（学生票）,haokan henshufu wohenxh natianqudrsh 天不那么热刚刚好 jianwenshuishengchanchanerxiechuyuliangfengzhijian 那日去dezuowan刚好下雨,,,,
cQS487103643,259,1,2020.09.22,黄龙风景名胜区语音导览票（不含门票）,稀里糊涂就使用了？这么坑？？生气！,,,,
Ncd714844735,259,3,2020.09.17,黄龙风景名胜区门票+上行索道票(成人票）,黄龙洞看不了，遗憾！！！其他景点还好,,,,
匿名用户,259,5,2020.07.04,黄龙风景名胜区门票+上行索道（成人票）,坐索道上去，走路下来。山上有松鼠。天气好的时候，天很蓝，白云很近。,,,,
匿名用户,259,2,2020.09.12,黄龙风景名胜区门票+上行索道（成人票）,非常一般，价格还高，景色也一般，不建议去,,,,
星辰Lovell,259,3,2020.07.18,黄龙风景名胜区门票+上行索道（成人票）,刚开始以为就只有五彩池，从山上走下来的时候感觉很失望，觉得不值门票那个价！后面看到下面的景色，想想还是可以吧也不算贵就是要走三个小时的下坡路,,,,
qAO256638806,259,5,2020.09.13,黄龙风景名胜区门票+上行索道（成人票）,超美丽的地方，一定要去,,,,
qAO256638806,259,5,2020.09.13,黄龙风景名胜区门票+上行索道票（儿童票）,超美丽的地方，一定要去,,,,
cyzxy999,259,1,2020.08.13,黄龙风景名胜区门票+上行索道票（儿童票）,为什么美团240.付款变成250元了,,,,
cyzxy999,259,1,2020.08.13,黄龙风景名胜区门票+上行索道（成人票）,显示优惠10元，为什么付款还是250,,,,
pzy19969,259,3,2020.07.13,黄龙风景名胜区门票+上行索道票（学生票）,缆车性价比太低，时间短，又要走好长时间的路才能到地方，和别的地方同距离的缆车相比收费太高。,,,,
Hidog灬,259,5,2020.06.29,黄龙风景名胜区语音导览票（不含门票）,「五彩池」「金沙铺地」「争艳彩池」「迎宾池」「盆景池」「明镜倒映池」,,,,
Eue563324943,259,5,2020.07.27,黄龙风景名胜区门票+上行索道（成人票）,美到窒息，强烈推荐！,,,,
mao358083320,259,3,2020.08.11,黄龙风景名胜区门票+上行索道（成人票）,整体来说还可以吧！就是这个门票也太贵了！,,,,
Wlc10545164,259,5,2020.05.01,黄龙风景名胜区门票+上行索道票（儿童票）,坐索道上山的，错过了一些景点，有点遗憾。下了索道一路步行近一小时到了最高峰五彩池，五彩池绝对是人间仙境，再加上近在咫尺的黄龙雪峰巍峨耸立在五彩池边，绝对是绝配，让人流连忘返。一路步行下山，沿途风景美不胜收，下山的栈道也让人感觉很惬意。虽然是枯水季节依然能感受到秀丽的风光，下次一定要在夏季和秋季再来游玩。,,,,
mDP960639760,259,4,2020.08.22,黄龙风景名胜区门票+上行索道（成人票）,索道上山还要走很长一段路，大概走到景点又花了差不多一个小时。,,,,
JVF405485935,259,5,2020.08.07,黄龙风景名胜区门票+上行索道（成人票）,非常好，带着1岁半的臭儿子看到了小松鼠，好几只，还有不怕人的小鸟。空气质量超级好，特别满意的一次旅行,,,,
ktl461332376,259,5,2020.08.26,黄龙风景名胜区门票+上行索道票（儿童票）,非常喜欢，住了三个晚上，不错，老板也特别热情！,,,,
吃吃吃耍耍耍耍,259,3,2020.06.24,黄龙风景名胜区门票+上行索道（成人票）,因为去的时间雨水少，很多经典都已经干枯，只有五彩池可以，10月去应该是最好的,,,,
Zau184739571,259,1,2020.07.27,黄龙风景名胜区门票+上行索道票（学生票）,首先购票如果填错信息，申请退款还不能及时到帐，还不能再进行购买了！订票服务前台也特别差  买票时间就花了两个小时，然后进站却身份证又显示无效票，无语死！,,,,
obB546744986,259,5,2020.07.16,黄龙风景名胜区门票+上行索道（成人票）,环境好，景色好，景区里要一直走几公里的路，还有就是下雨了，鞋子打湿了,,,,
嘉陵桑梓人,259,5,2020.08.20,黄龙风景名胜区门票+上行索道票（老人票，非法定节假日）,可以，漂亮，以后有机会再去，就是下雨景色效果一般,,,,
bqV619414155,259,3,2020.07.23,黄龙风景名胜区门票+上行索道（成人票）,风景还是很好的，最不好的就是服务区没有热水，好不容易走出来，在售票大厅旁边那个服务站里找工作人员要点热水喝，明明看到她那里有炉子，有好几个温水壶，但她却说她没有热水，感觉很……,,,,
匿名用户,259,2,2020.08.08,黄龙风景名胜区门票+上行索道票（学生票）,不好耍，买票尽量不要在美团买，如果买错，是非常麻烦！一路上就是看树子，和流水，什么七彩池，没啥看头,,,,
嘉陵桑梓人,259,5,2020.08.20,黄龙风景名胜区门票+上行索道票（儿童票）,黄龙可以，风景优美，就是下雨，以后有机会再去,,,,
任凭、风浪起,259,5,2020.08.23,黄龙风景名胜区门票+上行索道（成人票）,111,,,,
zi190849155,259,4,2020.08.14,黄龙风景名胜区门票+上行索道（成人票）,风景优美，走的有些累啊！,,,,
fyC444875017,259,3,2020.08.14,黄龙风景名胜区门票+上行索道（成人票）, ,,,,
y,259,3,2020.08.14,黄龙风景名胜区门票+上行索道+电子导览（成人票）,还不错，记得那几天下雨去的有点不安逸,,,,
tanghailinthl,259,3,2020.07.25,黄龙风景名胜区门票+上行索道票（儿童票）,风景优美，但是感觉还是不太值得这个价位,,,,
匿名用户,259,4,2020.06.17,黄龙风景名胜区门票+上行索道（成人票）,劳动节去的，冰雪未消，只有黄龙寺后面的五彩池有水，山下的很多池子还没有蓄起水。但不得不说五彩池真的很美，78月份去风景应该会更美！,,,,
阿三哥1977,259,5,2020.08.14,黄龙风景名胜区门票+上行索道票（儿童票）,风景一流,,,,
lh1990516,259,4,2020.08.13,黄龙风景名胜区门票+上行索道（成人票）,入园前均可购买,风景非常好，简直就是青山绿水。,,,
Jns794498748,259,4,2020.08.15,黄龙风景名胜区门票+上行索道票（学生票）,还可以,,,,
Jns794498748,259,4,2020.08.15,黄龙风景名胜区门票+上行索道（成人票）,还可以,,,,
Qyd309407514,259,2,2020.08.09,黄龙风景名胜区门票+上行索道（成人票）,不怎么好玩，顶上还在装修，门票有点小贵,,,,
happy雁儿在林梢,259,5,2020.07.28,黄龙风景名胜区门票+上行索道（成人票）,请至少当天的17点30分前购买,很好。太值得一看了。虽然千山万水而来，但真的值得观赏。虽然评价晚太对了，但并不影响对这个自然景观的热爱和推荐。,,,
Chvivi263,259,1,2020.07.23,黄龙风景名胜区门票+上行索道（成人票）,必须捆绑上行索道，没有一分折扣，说明上必须提前一天订票，实际可以去售票处现场买当天且索道门票分开的票。,,,,
匿名用户,259,3,2020.07.13,黄龙风景名胜区门票+上行索道（成人票）,我说实话 总体还不错 但是我们就是奔着黄龙洞和五彩池才去的 结果黄龙洞在维修 买票又不说 真的特别不满意 建议要去的今年还是不要去了 一个字 差,,,,
XvS613816029,259,2,2020.08.06,黄龙风景名胜区门票+上行索道（成人票）,景区五彩池很漂亮，其他景点一般。,,,,
BFF930597049,259,1,2020.08.01,黄龙风景名胜区门票+上行索道（成人票）,坑！真的坑！索道很短，很贵，景色很差，还要走很远的路,,,,
面皮醪糟胡辣汤,259,5,2020.05.17,黄龙风景名胜区门票+上行索道（成人票）,枯水期去的 下面的坑都没水 尴尬  五彩池还是很美的  半路下大冰雹  然后又变成大晴天 一日四季,,,,
木0731木,259,3,2020.05.31,黄龙风景名胜区门票+上行索道（成人票）,干涸了，顶多看了20%的风景，没在正确的时间来。可惜了。海拔3600，有高反的要注意。,,,,
liuliguo_2001_0,259,3,2020.07.28,黄龙风景名胜区门票+上行索道（成人票）,还凑合吧，真心对不起200多这个价格,,,,
匿名用户,259,2,2020.05.02,黄龙风景名胜区门票+上行索道（成人票）,上黄龙坐索道，到了山上后走一个多小时到达五彩池，从五彩池下来就要自己走路，差不多3个半小时。这个季节还没有水，能看的也就只有五彩池，大家慎重考虑哟！,,,,
什么吖123,259,3,2020.07.24,黄龙风景名胜区门票+上行索道（成人票）,主要是心情不美丽，所以没玩好，风景还是不错的,,,,
Etang汨,259,4,2020.04.21,黄龙风景名胜区门票+上行索道（成人票）,我们去的那天下着大雪，山里的风景很美！栈道的雪我们都玩儿了一个多小时。路上还有很多出来找吃的小松鼠。特别可爱黄龙海拔较高，相对冷一些，我们带上了羽绒服。索道上去后三四公里全程走路，带小朋友需要注意带吃带水。因为疫情，游客很少，商店很多也没开的。现在属于枯水季，很多池子水都没有，但是也不虚此行，遇上大雪景也真的特别满足了,,,,
orm449577648,259,4,2020.05.28,黄龙风景名胜区门票+上行索道（成人票）,环境很好，服务也不错,,,,
匿名用户,259,3,2020.07.21,黄龙风景名胜区门票+上行索道票（儿童票）,「杜鹃林观赏区」「争艳彩池」「金沙铺地」「娑罗映彩池」「黄龙洞」「五彩池」,,,,
KUs584201058,259,2,2020.07.04,黄龙风景名胜区门票+上行索道（成人票）,门票不值这个价，一般吧除了五彩池没有什么特别的,,,,
丁建平7896,259,5,2020.07.24,黄龙风景名胜区门票+上行索道（成人票）,很好的景区，值得去玩,,,,
匿名用户,259,1,2020.05.08,黄龙风景名胜区门票+上行索道（成人票）,唯一可取之处就是有个免费大巴 可以从景区下山口到索道的地方 坐了一个索道上山 就全程一直走路 除了五彩池可以看看 因为枯水期其他的都看不了 全程一直下山超累 也没有其他可以下山的办法 超级不推荐 是很差的一次体验,,,,
匿名用户,259,2,2020.07.21,黄龙风景名胜区门票+上行索道（成人票）,下了一天雨，全身湿透了，还感冒了,,,,
Krx323469898,259,2,2020.07.19,黄龙风景名胜区门票+上行索道（成人票）,淡季去的，水太少了，除了五彩池可以看，其他的没有值得看的。,,,,
yzzhaobing,259,4,2020.05.21,黄龙风景名胜区门票+上行索道（成人票）,服务周到热情，雪山，彩池，松林，杜鹃，相映成趣，非常值得一游！,,,,
进击的瓜牛,259,4,2020.07.09,黄龙风景名胜区门票+上行索道（成人票）,看车有点点吓人，不敢往下看，路程挺远的，要准备好吃的喝的，五彩池非常漂亮,,,,
匿名用户,259,2,2020.07.12,黄龙风景名胜区门票+上行索道（成人票）,实在对不起200多这个价格，景点几乎一样，没什么耍头！不是在走路就是在走路的路上！！,,,,
xx的小叔叔,259,5,2020.05.06,黄龙风景名胜区门票+上行索道（成人票）,去过很多坑的地方，黄龙没这种感受，观光车虽然短但是还不错，五一去的时候大部分地方没水，只有五彩池有水，不过沿途的风景还不错，些许遗憾，小九寨名不虚传,,,,
玫瑰与猫＆6,259,5,2020.05.06,黄龙风景名胜区门票+上行索道（成人票）,很漂亮的地方..视频是九寨沟.. 都值得一去,,,,
Ozcl,259,3,2020.04.30,黄龙风景名胜区门票+上行索道（成人票）,感受了小学语文学的五彩池，很震撼，遗憾的是下面的景点都没有水，不过总体还好啦，途中遇见小松鼠讨吃的，很可爱,,,,
ULq767044286,259,4,2020.05.12,黄龙风景名胜区门票+上行索道（成人票）,设施配套齐全，环境优美，空气清新，很美,,,,
Mdh807471704,259,5,2020.05.15,黄龙风景名胜区门票+上行索道（成人票）,因为去的比较早。雪还没有化，不过还是很美。,,,,
小白兔保卫胡萝卜,259,1,2020.07.08,黄龙风景名胜区语音导览票（不含门票）,并没有什么用。真的。坑。。。。。。,,,,
wf文先生,259,2,2020.07.07,黄龙风景名胜区门票+上行索道（成人票）,还可以吧！只是媳妇不愿意爬太久，五彩石没看成。,,,,
QzZ751598190,259,4,2020.07.03,黄龙风景名胜区门票+上行索道（成人票）,景区内栈道平干净，洗手间和垃圾桶分布合适。,,,,
S石小姐Miss,259,5,2020.05.23,黄龙风景名胜区门票+上行索道（成人票）,比九寨沟美,,,,
xpv462861683,259,1,2020.05.15,黄龙风景名胜区门票+上行索道（成人票）,龙入浅水，水都干沽了！要爱护环境，不要过度开发！,,,,
TK波姐,259,4,2020.07.05,黄龙风景名胜区门票+上行索道（成人票）,值得来的一个地方,,,,
ABhi1170247542,259,3,2020.07.01,黄龙风景名胜区+上行索道（儿童/老人/学生票）,可以！比想象中要好，值得一游。有机会下次再游！,,,,
paultanya1002,259,1,2020.05.20,黄龙风景名胜区门票+上行索道（成人票）,完全是浪费时间，浪费钱，更重要的是浪费体力！上次是冬天来的，这次想来看一下夏景，结果夏天的水比冬天还少，所有的池子基本上都枯水了，风景太差了,,,,
哟喂，哆啦哆啦,259,2,2020.05.22,黄龙风景名胜区门票+上行索道（成人票）, ,,,,
亚洲宝宝,259,3,2020.06.27,黄龙风景名胜区门票+上行索道（成人票）,假期带家人去的，就是缺氧，风景美,,,,
vGG713194998,259,1,2020.05.21,None,真的很无聊，水也没有，纯粹浪费钱,,,,
nvY643512280,259,1,2020.06.17,黄龙风景名胜区语音导览票（不含门票）,弄不明白 到地方了还要自己打开不是自动的 比较麻烦,,,,
执nI之手与nI偕老,259,4,2020.06.18,黄龙风景名胜区门票+上行索道（成人票）,入园前均可购买,山顶五彩池很漂亮。,,,
gdry808,259,2,2020.05.05,黄龙风景名胜区语音导览票（不含门票）,开了5个小时的车到黄龙，山上温度很低。山上雪没有化完就一个五彩池能看，下面很多景点都看不了，有点失望。感觉有点坑 早知道就等黄金期再去了。,,,,
开心果7974,259,3,2020.06.09,黄龙风景名胜区门票+上行索道+电子导览（成人票）,风景不错，就是水太少了点，如果五彩池有很多水就好了,,,,
周1968,259,5,2020.05.02,黄龙风景名胜区门票+上行索道（成人票）,不愧是人间仙境，只可惜时间没选对，很多池子没水，甚感遗憾，一定选对时间后再来,,,,
WDF205432784,259,1,2020.06.09,黄龙风景名胜区语音导览票（不含门票）,没一点用，都不知道怎么听，一点用没有。,,,,
wKA677581738,259,5,2020.05.18,黄龙风景名胜区门票+上行索道（成人票）,我们4月份去的时候看雪不错，景点的流水类景色看不到，我们去早了。等6月去，景色应该很美丽。总的来说还是一次满意的旅程。,,,,
叶子家的小七,259,2,2020.05.25,黄龙风景名胜区门票+上行索道（成人票）,主要原因是没水只有五彩池才有点水，和我七月底八月初去玩完全不一样。,,,,
匿名用户,259,5,2020.06.02,黄龙风景名胜区门票+上行索道（成人票）,风景很好，徒步非常棒,,,,
一座城，一段殇,259,5,2020.05.24,黄龙风景名胜区门票+上行索道票(成人票),原本计划早上九寨沟，下午黄龙，最后没去成。,,,,
淡定邓,259,4,2020.05.01,黄龙风景名胜区门票+上行索道票(成人票),服务热情周到，硬件设施到位，风景优美，到此一游心情非常放松，很满意。【环境】「娑罗映彩池」「莲台飞瀑」「明镜倒映池」「迎宾池」「潋滟湖」「飞瀑流辉」,,,,
欧阳涵蕊,259,2,2020.05.11,黄龙风景名胜区门票+上行索道（成人票）,就是围着山顶走一圈，然后在下山，在山顶可以看到对面山顶的雪山，五彩池没水的比较多，在没什么了！,,,,
YuanLs1,259,5,2020.05.15,黄龙风景名胜区门票+上行索道（成人票）,建议这个季节不要去，除了五彩池其他池子的水基本上都干枯了,,,,
左手右手W,259,5,2020.05.08,黄龙风景名胜区门票+上行索道（成人票）,风景真的很漂亮，只是没去对时候，五一去的，结果除了五彩池有水，其他景点一点水都没有，建议还是7   8月份再去,,,,
Oyc850707404,259,4,2020.05.23,黄龙风景名胜区门票+上行索道票（学生票）,很漂亮，八月份左右来会更美,,,,
wasgsg,259,2,2020.05.18,黄龙风景名胜区门票+上行索道票(成人票),没有水就什么也没有了，虚假宣传,,,,
_qqvcw1344587063,259,3,2020.05.13,黄龙风景名胜区门票+上行索道（成人票）,时机不对。没水，基本都是干涸的，如果有水应该很漂亮。,,,,
小小饿死鬼儿,259,5,2020.02.08,黄龙风景名胜区门票+上行索道+电子导览（成人票）,下了小雨不过更增添了朦胧意境 总体感觉不错 就是路程太艰险，是从南京自驾到阿坝 正逢雨季又是山路 一路遇到的泥石流山体滑坡…还好有惊无险 景美水美 值得了,,,,
说好的狗肉呢,259,2,2020.04.18,黄龙风景名胜区门票+上行索道（成人票）,淡季的原因，两人花了300门票、缆车费去了只看到几个蓝色水坑，其他景点也不开放，早知道不去了，确实比九寨沟差很多。,,,,
BFW600053858,259,2,2020.05.08,黄龙风景名胜区门票+上行索道（成人票）,这段时间去的话没水得，满眼尽是枯草加干河沟,,,,
YuanLs1,259,5,2020.05.04,黄龙风景名胜区门票+上行索道票（学生票）,还不错，只是一把在这个季节其他池子水是干的,,,,
tnl535086088,259,3,2020.05.07,黄龙风景名胜区门票+上行索道（成人票）,去的季节不对，景点缺水，比较遗憾。,,,,
DRQ127640850,259,3,2020.05.04,黄龙风景名胜区语音导览票（不含门票）,可能去的季节不对，很多景点都没水，能看的景色不多,,,,
yto654637229,259,4,2020.04.15,黄龙风景名胜区门票+上行索道（成人票）,天然氧吧  景色怡人  值得一来的地方,,,,
gmL604325420,259,4,2020.04.22,黄龙风景名胜区门票+上行索道（成人票）,「娑罗映彩池」,,,,
FGr814963870,259,1,2020.05.03,黄龙风景名胜区门票+上行索道票（儿童票）,实际只看到了一个景点就是五彩池！太不划算,,,,
Isvee,259,5,2020.03.25,黄龙风景名胜区门票+上行索道（成人票）,黄龙非常值得去！！！,,,,
TpP341456737,259,4,2020.05.02,黄龙风景名胜区门票+上行索道（成人票）,不错不错,,,,
dpi652173809,259,3,2020.04.21,黄龙风景名胜区门票+上行索道（成人票）,景区人很少，五彩池也很好，就是有雾看的不清,,,,
BLx685155908,259,5,2020.04.04,黄龙风景名胜区门票+上行索道（成人票）,大自然给人类留下了美丽的景色，太美了,,,,
匿名用户,259,5,2020.04.25,黄龙风景名胜区门票+上行索道（成人票）,争取再去一次，挺好的,,,,
tks123！,259,5,2020.04.24,黄龙风景名胜区门票+上行索道（成人票）,有机会还会去,,,,
vwg258398935,259,3,2020.04.17,黄龙风景名胜区门票+上行索道（成人票）,「五彩池」「娑罗映彩池」【环境】【环境】「潋滟湖」「争艳彩池」「金沙铺地」,,,,
muT428222324,259,5,2020.04.10,黄龙风景名胜区门票+上行索道（成人票）,非常漂亮、非常值得一看。,,,,
Isvee,259,5,2020.03.25,黄龙风景名胜区门票+上行索道（成人票）,黄龙非常值得去！跟九寨沟是不同风格的美！有机会就一定要去一次！,,,,
帕米尔33,259,3,2020.03.23,黄龙风景名胜区门票+上行索道（成人票）,去的时间不好，人少，没水。很一般,,,,
左左木ZI,259,4,2020.03.28,黄龙风景名胜区门票+上行索道（成人票）,请至少当天的17点30分前购买,环境一流,,,
Lnn232345881,259,4,2020.03.19,黄龙风景名胜区门票+上行索道+电子导览（成人票）,服务到位，景色非常漂亮,,,,
dCW795687471,259,4,2020.03.16,黄龙风景名胜区门票+上行索道+电子导览（成人票）,环境好，不错，适合一家人去,,,,
wangqiang1971,259,4,2020.03.08,黄龙风景名胜区门票+上行索道（成人票）,很有特色,,,,
yNb976191231,259,4,2019.11.24,黄龙风景名胜区门票+上行索道（成人票）,还是很满意的，一开始缆车上去，走了很长的栈道，没什么风景，很失望，后来进到黄龙沟看到钙化池，才感觉不虚此行，钙化池规模很大，应该是国内规模最大的，所以才能获得世界自然遗产吧，人比九寨沟肯定是少不少的。,,,,
海盐焦米唐,259,3,2019.10.17,黄龙风景名胜区门票+上行索道（成人票）,从成都过去景区，单是车费和门票就花了1100，别的还没算一起，说实话有点贵，坐大巴来回12个小时左右，自由行。买完门票的当晚就后悔了觉得太贵怕不值得也怕赶不回成都的机票，但是今天早上打开窗一看竟然下雪了，作为南方人第一次见到那么多的雪，真是太幸运了加上天气也好，于是就出发了。那边的天气有点冷一定要注意保暖，还有物价很高。感谢一切！,,,,
一秒钟的思考,259,3,2020.01.29,黄龙风景名胜区门票+上行索道（成人票）,还可以风景 就是不是雨季水少的很,,,,
在线的小龙女,259,4,2019.10.02,黄龙风景名胜区门票+上行索道（成人票）,风景真是不错，整个景区绿、红、黄是最多的三个颜色，最令人难忘的当然是五彩池了，还有好多小瀑布，景区里流水潺潺，随手拍一个就是一幅油画，真的很美，下山时下起了小雨，另有一番情趣。,,,,
西b佩奇,259,4,2019.09.15,黄龙风景名胜区门票+上行索道（成人票）, ,,,,
骚猫儿,259,5,2019.11.05,黄龙风景名胜区门票+上行索道（成人票）,美到没朋友，从九寨沟一个人包车往返，400元，一路上山，美景不断！,,,,
胖胖虫的肉,259,4,2019.11.07,黄龙风景名胜区门票+上行索道（成人票）,下雪的黄龙感觉更美，,,,,
x.m萌萌,259,2,2019.10.09,黄龙风景名胜区门票+上行索道（成人票）,里面就一个五彩池能看了，其他地方都差不多，虽然叫不同的景点名字，景点名字起的可以实际就emmm，五彩池还是真心好看的，但是综合下来250的价格个人觉得不太值。。。。,,,,
Lfw85333952,259,5,2019.11.17,黄龙风景名胜区门票+上行索道（成人票）, ,,,,
JeE518020724,259,4,2019.09.29,黄龙风景名胜区门票+上行索道票（老人票，非法定节假日）,灵山秀水造物恩赐。养眼洗肺。最美的是天气很好，水的多彩完全展现。美中不足的是五彩斑斓的池水中竟然建了个厅庙在上面，破坏了自然和谐的美。栈道上结了冰、滑溜滑溜的，工作人员在上面铺了麻袋，很贴心。大美山水，值得观赏。,,,,
肖燕梅763,259,3,2019.10.04,黄龙风景名胜区门票+上行索道票（儿童票）,可以漂亮，值得一游，就是门票太贵了,,,,
丶萌豆豆,259,4,2019.12.04,黄龙风景名胜区门票+上行索道（成人票）,快入冬去的。景色还不错。,,,,
匿名用户,259,4,2019.10.19,黄龙风景名胜区门票+上行索道（成人票）,遇到下雪，风景美！,,,,
神秘人_辜,259,5,2019.10.10,黄龙风景名胜区门票+上行索道（成人票）,上山以后，走了好远好远才看到五彩池。就是去的早上雾很大拍不出那种美,,,,
SVR27958576,259,5,2019.10.02,黄龙风景名胜区门票+上行索道票（儿童票）,漂亮值得去！,,,,
Sunny丶步非烟,259,3,2019.10.09,黄龙风景名胜区门票+上行索道（成人票）,我们去的时候天气很好，景色不错，但是单单下山就近3个小时，真是可怜我的腿，没有出现高反,,,,
点心盒,259,4,2019.10.19,黄龙风景名胜区门票+上行索道（成人票）,风景如画,,,,
匿名用户,259,2,2019.10.03,黄龙风景名胜区门票+上行索道（成人票）,去第一次不想去第二次，门票还250真是醉了除了几个彩池没啥看头,,,,
匿名用户,259,5,2019.08.21,黄龙风景名胜区门票+上行索道（成人票）,【环境】非常非常潮湿！   各种蒙蒙小雨。会冷的！【交通】上行的索道，所以只有下山 很轻松！【项目】有一个五彩池的景点吧。其它都是在沿路！【餐饮】来回很快的，没吃东西！,,,,
KNU749222681,259,5,2019.10.07,黄龙风景名胜区门票+上行索道（成人票）,性价比比较高吧，走路走得不行，太远了,,,,
匿名用户,259,1,2019.10.03,黄龙风景名胜区门票+上行索道（成人票）,一次非常不愉快的旅行全毁在美团，设置了优惠票为什么不写明学生票购买，退票退不了，转客服电话也不接，，，，无语，几十块钱浪费人的心情，差评差评,,,,
JeE518020724,259,5,2019.09.29,黄龙风景名胜区门票+上行索道+电子导览（成人票）,美不胜收。自然奇观，神奇的造物，天赐美景，值得观赏。,,,,
匿名用户,259,4,2019.10.27,黄龙风景名胜区门票+上行索道（成人票）,购买很方便，使用直接刷身份证入园，方便极了。,,,,
匿名用户,259,5,2019.08.21,黄龙风景名胜区门票+上行索道（成人票）,景色还是美的～～～【环境】【交通】因为都是索道上行  全程就是些下山的 所有很适合老人游玩～,,,,
RIi222024697,259,4,2019.08.12,黄龙风景名胜区门票+上行索道（成人票）,很不错的，风景很美，索道很舒服！沿途可以看见一路向上的风景！索道上去不累，也为走下来观光沿途美景累计能量！我最喜欢的就是索道了！其次沿途美景也不少！五彩池是最出名的！一路都可以看到不同程度颜色的彩池！,,,,
yfmtr050,259,4,2019.10.02,黄龙风景名胜区门票+上行索道票（儿童票）,很好,,,,
blM867094444,259,5,2019.11.02,黄龙风景名胜区门票+上行索道（成人票）,景色秀丽，玫靡蝗,,,,
boy陈三,259,1,2019.10.29,黄龙风景名胜区门票+上行索道（成人票）,顶多4A，3个小时逛完，景区都一个样，250不值,,,,
TfL505589509,259,5,2019.10.25,黄龙风景名胜区门票+上行索道（成人票）,就是天气不给力 但景真的太美了 还是抵挡不住诱惑爬了上去,,,,
keL597134241,259,5,2019.10.28,黄龙风景名胜区门票+上行索道票（儿童票）,开始下着小雨，但一点也不影响前进的步伐,,,,
keL597134241,259,3,2019.10.28,黄龙风景名胜区门票+上行索道（成人票）,五彩池果然名不虚传，色彩斑斓，,,,,
匿名用户,259,3,2019.10.16,黄龙风景名胜区门票+上行索道（成人票）,景区秩序不错，卫生也很好，因为海拔高还设置了吸氧站。就是门票250略贵。,,,,
匿名用户,259,5,2019.10.20,黄龙风景名胜区门票+上行索道（成人票）,风景很美，只是我们4月去的很多地方已经干涸了，夏天应该更美,,,,
萧66,259,5,2019.08.16,黄龙风景名胜区门票+上行索道+电子导览（成人票）,值得票价，景色很美，一定要坐索道，从上往下看就不会累，也不会马上审美疲劳,,,,
匿名用户,259,5,2019.08.19,黄龙风景名胜区门票+上行索道+电子导览（成人票）,风景很好看,,,,
ZHN617185156,259,3,2019.10.13,黄龙风景名胜区门票+上行索道（成人票）,风景还可以，卫生做的特别好，第一次去居然没高原反应，真是谢天谢地,,,,
cool冰炫,259,2,2019.10.18,黄龙风景名胜区门票+上行索道（成人票）,有点失望，去过九寨沟再去这里失望太多了,,,,
MiKetang181201,259,5,2019.08.15,黄龙风景名胜区门票+上行索道+电子导览（成人票）,环境不错，非常漂亮，玩的很开心，网上定票直接刷身份证就可以了，非常方便！,,,,
匿名用户,259,5,2019.10.11,黄龙风景名胜区门票+上行索道（成人票）,很漂亮。服务质量很好，管理比九寨沟好很多。,,,,
睿敏装饰,259,3,2019.10.08,黄龙风景名胜区门票+上行索道票（儿童票）,景色确实不错！只是缆车才到半路,,,,
prU712968858,259,4,2019.10.09,黄龙风景名胜区门票+上行索道票（儿童票）,景色宜人，最美的景都在路上，耐心欣赏,,,,
匿名用户,259,2,2019.10.08,黄龙风景名胜区门票+上行索道（成人票）,可能预期过高，感觉不值这个价钱,,,,
xiaoyudianll17,259,5,2019.10.09,黄龙风景名胜区门票+上行索道（成人票）,自然景观美不胜收，值得一来,,,,
富贵多多,259,4,2019.10.06,黄龙风景名胜区门票+上行索道（成人票）,除了票价贵再没啥问题了,,,,
沧海9069,259,4,2019.10.07,黄龙风景名胜区门票+上行索道（成人票）,景区干净，景色很美，推荐大家去旅游！,,,,
QRl594251393,259,4,2019.10.05,黄龙风景名胜区门票+上行索道票（儿童票）,设施齐全景色优美，服务很好！,,,,
prU712968858,259,4,2019.10.09,黄龙风景名胜区门票+上行索道（成人票）,风景优美值得一去,,,,
黎洋923,259,5,2019.10.05,黄龙风景名胜区门票+上行索道（成人票）,索道很先***稳快速，境色也不错,,,,
UQN428294797,259,4,2019.08.19,黄龙风景名胜区门票+上行索道+电子导览（成人票）,还不错 很美，天气很好 很满意的一次旅行,,,,
VBd647360834,259,5,2019.10.05,黄龙风景名胜区门票+上行索道（成人票）,很好玩，很美丽！！！！！！！！,,,,
nHy822721749,259,1,2019.10.04,黄龙风景名胜区门票+上行索道（成人票）,不想说了！人差点累死了，什么也没看到,,,,
SVR27958576,259,5,2019.10.02,黄龙风景名胜区门票+上行索道（成人票）,漂亮，风景好,,,,
brnzyx,259,5,2019.08.06,黄龙风景名胜区门票+上行索道+电子导览（成人票）,黄龙真是太美了 大家有时间一定要去 值回票价,,,,
SVR27958576,259,5,2019.10.02,黄龙风景名胜区门票+上行索道（成人票）,非常不错，值得一去,,,,
fyp0517,259,5,2019.08.19,黄龙风景名胜区门票+上行索道+电子导览（成人票）,感觉比九寨沟好玩，风景很美，值得一去。,,,,
Yoly273589422,259,2,2019.08.13,黄龙风景名胜区门票+上行索道+电子导览（成人票）,走了一大段路  喜欢看山水还是可以！,,,,
lRc700914985,259,5,2019.10.03,黄龙风景名胜区门票+上行索道（成人票）,入园前均可购买,好评,,,
六道真人,259,4,2019.07.13,黄龙风景名胜区门票+上行索道+电子导览（成人票）,风景不错，值得推荐！小野花也很漂亮，还有很多小松鼠出没！,,,,
手中的玻璃杯,259,2,2019.07.19,黄龙风景名胜区门票+上行索道+电子导览（成人票）, ,,,,
焱悠飞舞的火花,259,5,2019.09.21,黄龙风景名胜区门票+上行索道（成人票）,请至少当天的17点30分前购买,很好玩，售前售后都很好，风景优美，都玩的不想走了,,,
viby0902,259,4,2019.09.03,黄龙风景名胜区门票+上行索道+电子导览（成人票）,景区很漂亮，网上买票和现在购买优惠力度太小了，感觉吸引力不够,,,,
_qq5wh1345647389,259,5,2019.09.15,黄龙风景名胜区门票+上行索道+电子导览（成人票）,【环境】【环境】【交通】,,,,
sukiGG,259,2,2019.08.14,黄龙风景名胜区门票+上行索道+电子导览（成人票）,风景是美但是一直走路，索道只能坐到中间，下山走太远了，应该加观光车,,,,
匿名用户,259,5,2019.09.08,黄龙风景名胜区门票+上行索道（成人票）,景色非常美丽,,,,
XZW648033447,259,4,2019.08.09,黄龙风景名胜区门票+上行索道（成人票）, ,,,,
郭慧茹19,259,2,2019.08.24,黄龙风景名胜区门票+上行索道（成人票）,很一般，还没九寨沟漂亮门票加索道比九寨沟还贵，就看水，每个景点水都一样，没别的,,,,
匿名用户,259,1,2019.05.03,黄龙风景名胜区门票+上行索道（成人票）,去了一次就不想去了，一个字（差），首先要说一下51小长假肯定是有很多去玩，早上一早去买票只有两个现金窗口在售票现在都是互联网时代了谁还会带这么多现金出门然后又在网上买，还以为在网上买了就可以直接进去了然而不是这么回事还是要去窗口换票，好不容易坐索道进了景区到了山顶走了很长一段路到达黄龙风景区的五彩池，游玩了这个地方往下走基本上下面就只能看树了，有的瀑布没有水或是水比较少了门票比九寨沟的贵感觉没有九寨沟漂亮这是真心话,,,,
yu_桂花飘香,259,4,2019.09.01,黄龙风景名胜区门票+上行索道+电子导览（成人票）,风景很美，非常喜欢。,,,,
yu_桂花飘香,259,4,2019.09.01,黄龙风景名胜区门票+上行索道+电子导览（成人票）,风景很美，非常喜欢。,,,,
诉秋心11,259,4,2019.08.20,黄龙风景名胜区门票+上行索道（成人票）,景区还可以，都在景点都在一条线上。就是感觉票价略贵,,,,
wwuu9999,259,2,2019.08.21,黄龙风景名胜区门票+上行索道（成人票）,索道距离短，不值这个价。。。。。。。,,,,
jxl白茶,259,3,2019.08.23,黄龙风景名胜区门票+上行索道+电子导览（成人票）,推荐推荐推荐不错不错不错的。可以去,,,,
zxC839163058,259,4,2019.08.15,黄龙风景名胜区门票+上行索道+电子导览（成人票）,设施完善，只是景点有点重复，来回几公里看的都是相似的景点,,,,
VrV175017951,259,4,2019.08.15,黄龙风景名胜区门票+上行索道票（学生票）,服务态度好，风景好,,,,
咖啡秋秋,259,4,2019.08.15,黄龙风景名胜区门票+上行索道+电子导览（成人票）,不错,,,,
iaM676864577,259,1,2019.08.12,黄龙风景名胜区门票+上行索道票（学生票）,服务很差特别是工作人员，态度很差，景区一般，,,,,
gMN522185308,259,1,2019.06.20,黄龙风景名胜区门票+上行索道（成人票）,可能是我去的时间不太对，所以里面没什么特别的照片都是ps过的,,,,
如一时花香,259,3,2019.06.14,黄龙风景名胜区门票+上行索道+电子导览（成人票）,景区说实在也没什么好玩的 就看看几个池子  上去是坐的缆车  没想到下来走了好几个小时  缆车站到景点也要走几十分钟  等到了景点也就懒的再上山坐缆车下去了  腿都走断了,,,,
匿名用户,259,5,2019.07.11,黄龙风景名胜区门票+上行索道+电子导览（成人票）,索道上去之后离景点走的路程太远了，平时不运动的有点吃不消，走了四个小时多，不过风景确实很棒。,,,,
Wl19891024,259,1,2019.04.28,黄龙风景名胜区门票+上行索道（成人票）,差差差，劝各位还是六月以后再来，不然也是浪费钱，好多地方不准进，而且水基本都是干涸的，除了五彩池有点点颜色，,,,,
背时倒灶,259,3,2019.05.02,黄龙风景名胜区门票+上行索道（成人票）,一大早排队 打印机坏了 等了半个多小时！ 然后坐索道上山，但是处于枯水期，又是旺季门票！始终感觉划不来！建议大家七八月份再来,,,,
匿名用户,259,5,2019.05.20,黄龙风景名胜区门票+上行索道（成人票）,很美，最近只是水少，6月后应该更好看,,,,
匿名用户,259,1,2019.05.04,黄龙风景名胜区门票+上行索道（成人票）,5.1去的，只有五彩池可看，其他景色都没有。都不知道它用什么依据这个时间段按照旺季收费的,,,,
Wlu915999032,259,2,2019.05.10,黄龙风景名胜区门票+上行索道（成人票）,景色很一般，不好看门票还贵，不值,,,,
小熊8月,259,3,2019.05.07,黄龙风景名胜区门票+上行索道（成人票）,时间没来对。听说夏天最美！五彩池还是很漂亮的,,,,
虎牙哥84,259,5,2019.05.03,黄龙风景名胜区门票+上行索道票（学生票）,「杜鹃林观赏区」「五彩池」【环境】优美【交通】便利，隧道通后十分方便,,,,
reg1986,259,4,2019.03.16,黄龙风景名胜区门票+上行索道（成人票）,入园前均可购买,景色很美，赶时间，索道上去的，,,,
Jjz359506627,259,3,2019.05.01,黄龙风景名胜区门票+上行索道（成人票）,昨天景区刚刚下完雨山上有点冷一路缆车上去 山上还有雪 风景不错,,,,
虎牙哥84,259,5,2019.05.03,黄龙风景名胜区门票+上行索道（成人票）,没有水的黄龙依旧很美，只需要一个好天气,,,,
Ibc766800604,259,3,2019.05.03,黄龙风景名胜区门票+上行索道（成人票）, ,,,,
Nmm1994,259,3,2019.04.16,黄龙风景名胜区门票+上行索道（成人票）,现在基本上只有五彩池有水，这个套票就是个坑，写着无语换票，凭码入园，结果不行，又返回售票厅换的票,,,,
达文西429,259,1,2018.11.08,黄龙风景名胜区门票+上行索道（成人票）,入园前均可购买,首先我给差评是因为我怕别人看不到～我强烈推荐这个地方本人跑遍大半个中国真的觉得这个景区很赞～服务态度不差没有捆绑消费，那些说风景不好的是选的时候与季节不对罢了，如果黄龙都是垃圾那么我想稻城亚丁就是全中国最垃圾的景区了！强烈推荐真的很值得这个价格，而且游玩起来没有任何压力，如果有家庭的带着孩子家里老人出来看看最合适了，风景美如画，建议游玩时间8月到11月，衣服穿厚实一些 虽然每个季节有每个季节的风景，我最推荐这段时间来 基本春夏秋冬你都可以亲身感受到，路上还能遇到许多小鸟小松鼠出来寻找吃的，真真切切的感受大自然带来的喜悦。,,,
匿名用户,259,3,2019.04.10,黄龙风景名胜区门票+上行索道（成人票）,入园前均可购买,很累，做车上去，必须强行走下来,,,
she19961970,259,4,2019.03.23,黄龙风景名胜区门票+上行索道（成人票）,请至少当天的17点30分前购买,基本满意,,,
或五年,259,5,2018.11.18,（法定节假日）黄龙风景名胜区（60岁-64岁老人票）,我们是全程步行的，上山大概3D4小时（加全程拍照）下山就一直走，没有停留。差不多50分钟就下来了。去阿坝几次也去了不同的地方，还是很推荐黄龙的，比较安静，而且风景的却不错。,,,,
vaD599716607,259,3,2019.02.18,黄龙风景名胜区门票+上行索道（成人票）,请至少当天的17点30分前购买,不错，必竟是风景名胜区嘛，风光挺好的。,,,
Biong.邹,259,3,2018.11.25,黄龙风景名胜区门票+上行索道（成人票）,入园前均可购买,还可以吧，除了水比较有特色外别的都觉得一般般。跑了几百公里过来的。这种景区一生应该只会去一次吧。景区门口再往前有一两公里有个小镇，里面吃的住的都物美价廉,,,
云层之上更精彩,259,5,2018.10.04,黄龙风景名胜区门票+上行索道（成人票）,入园前均可购买,10月1日从重庆出发，途经四川广元剑门关，甘肃文县、四川九寨沟、松潘县、历经2天，10月2日晚上到达，网上购票，和景区一样价格，主要是网上方便，不用排队，门票170加上行索道80案鋈耍我们5人共1165元（含半价一张），风景至美，有清水、白云，积雪，10月3日上午到下午一共花了6个小时走完全程。真心感觉很不错。强烈推荐！下午15:30出发汶川、晚上休息，10月4日上午参观汶川博物管（其他景区没时间去了）3小时，11点出发都江堰玩5小时，17:00回成都吃晚饭，19:00回重庆。旅途完成。真心爽。,,,
沛汐122,259,5,2018.11.04,黄龙风景名胜区门票+上行索道（成人票）,入园前均可购买,上了年纪的老人，一定坐缆车上去在慢慢走到景区门口，才会看完整的黄龙，值得游玩的景区。淡季去人少  淡季去人少  淡季去人少  重要的事说三遍。                           单刀残躯饮寒风,今朝有酒醉黄龙,                                     昔日鹏翼盖古今,再论侠刀蜀道行！                                   毕生难忘的旅行！
逍遥紫敖,259,2,2019.02.14,黄龙风景名胜区门票+上行索道（成人票）,入园前均可购买,太贵了，，，，，巴图，？。？我在学校里,,,
cgh266611727,259,4,2018.10.06,黄龙风景名胜区门票+上行索道（成人票）,入园前均可购买,十一期间人并不算太多，我一早就到了景区，手续很简单，第一个拿到了网络订票。坐着景区的索道，到了半山腰。这里的栈道上面有一层薄薄的冰，走起来很滑。后来，工作人员铺上了一层毡布，才可以放心大胆的走了。景区景色很漂亮，远处的山峰都是积雪，看着很圣洁。黄龙洞没有对游人开放。景区人很少，我边走边看，不到四个小时就走出了景区。全五分好评。,,,
letianzhong,259,2,2019.01.14,黄龙风景名胜区门票+上行索道（成人票）,入园前均可购买,景点不是很多，值得看的地方也没多少，最好的就是空气好，门票价格高了,,,
匿名用户,259,1,2019.01.07,黄龙风景名胜区门票+上行索道（成人票）,入园前均可购买,真是太坑人了，景区内也没啥好看的。,,,
积攒一身正气,259,4,2018.11.08,黄龙风景名胜区门票+上行索道（成人票）,入园前均可购买,美景呀，世界遗产,,,
狗屎最丑,259,3,2018.12.24,黄龙风景名胜区+上行索道（儿童/老人/学生票）,风景确实很棒，只是去的时候路很滑，希望景区能够在这方面加强一下，毕竟老人和小孩很多,,,,
HUv615094225,259,3,2018.12.28,黄龙风景名胜区门票+上行索道（成人票）,入园前均可购买,景区里各种配套设施还不错，环境也很好。,,,
KEe495717487,259,2,2018.12.31,黄龙风景名胜区门票+上行索道（成人票）,入园前均可购买,价钱高，没看头，有点遗憾！，，,,,
匿名用户,259,3,2018.12.29,黄龙风景名胜区门票+上行索道（成人票）,入园前均可购买,一般吧，门票偏贵一般吧，门票偏贵,,,
阳帆远航998,259,5,2018.12.26,黄龙风景名胜区门票+上行索道（成人票）,请至少当天的17点30分前购买,景色不是一般的好,,,
阳帆远航998,259,5,2018.12.26,黄龙风景名胜区门票+上行索道（成人票）,请至少当天的17点30分前购买,景色不是一般的美,,,
娜娜姐姐06,259,5,2018.10.25,黄龙风景名胜区门票+上行索道（成人票）,入园前均可购买,不愧是五a级的，景区太大了，腿都快走断了，风景很好，只是这个月去的话很冷,,,
可以取的名字真少,259,3,2018.09.24,黄龙风景名胜区门票+上行索道（成人票）,入园前均可购买,好看！索道差评！又贵而且要走很远，从山下走上去的话就能一路看风景，有点冷建议穿厚点，裙子真的遭不住。,,,
云层之上更精彩,259,5,2018.10.04,黄龙风景名胜区+上行索道（儿童/老人/学生票）,服务好，景区风景超美，像画中一样,,,,
euz553584686,259,5,2018.11.03,黄龙风景名胜区门票+上行索道（成人票）,入园前均可购买,「明镜倒映池」「盆景池」「黄龙中寺」「黄龙后寺」「接仙桥」「迎宾池」「飞瀑流辉」「潋滟湖」「莲台飞瀑」「争艳彩池」「金沙铺地」「娑罗映彩池」「黄龙洞」「五彩池」,,,
fSJ355883472,259,4,2018.11.04,（法定节假日）黄龙风景名胜区（60岁-64岁老人票）,全程走上去走下来的。也不是很远。风景很美。,,,,
Njo672975035,259,5,2018.11.10,黄龙风景名胜区+上行索道（儿童/老人/学生票）,美啊，惊叹大自然的鬼斧神工。美啊，惊叹大自然的鬼斧神工。,,,,
遇见3483,259,3,2018.09.21,黄龙风景名胜区+上行索道（儿童/老人/学生票）,爬山很累 景色也还好 但是个人不建议去最高的那个景点 不值得 真的好累 下山还好 去九寨沟都没这么累 因为每一站都有车,,,,
匿名用户,259,5,2018.10.04,黄龙风景名胜区门票+上行索道（成人票）,入园前均可购买,风景好的很，我感觉没白来,,,
Y小银子乖乖,259,5,2018.10.04,黄龙风景名胜区门票+上行索道（成人票）,入园前均可购买,景色很好，不带孩子可以自己走路上去，一路风景，我们带老人孩子坐的缆车，也走了很久才到五彩池。,,,
匿名用户,259,4,2018.10.07,黄龙风景名胜区门票+上行索道（成人票）,入园前均可购买,还可以的 最高的景点不推荐去 太高了,,,
Smile1837,259,4,2018.10.14,黄龙风景名胜区门票+上行索道（成人票）,入园前均可购买,售票处只现金售票、无法网付，所以美团团购的。还行吧，出票挺快的。景区还是一顶一的好,,,
马玲勇闯江湖,259,3,2018.11.23,黄龙风景名胜区门票+上行索道（成人票）,入园前均可购买,最顶上确实不错，去的那天天气刚刚好,,,
leiluo1921,259,4,2018.07.20,黄龙风景名胜区门票+上行索道（成人票）,入园前均可购买,2012年时去过九寨沟和黄龙论山水的秀美，矿物质带来水质的多姿多彩和瀑布的宽度黄龙都不如九寨九寨是山水画意，黄龙是广阔，敞开，不被约束的美如今再次前往，山水已不是我的重点如今我喜欢在山水之间不停行走，听鸟鸣，看鹰翔，目光所及皆是绿意，流水潺潺将心放空一切很美，喜欢在路上。,,,
匿名用户,259,4,2018.10.03,黄龙风景名胜区+上行索道（儿童/老人/学生票）,我们上去的时候刚好在下雪，一片白的，很漂亮的雪景。,,,,
jyc110052684,259,4,2018.11.12,黄龙风景名胜区门票+上行索道（成人票）,入园前均可购买,风景很漂亮，去的时候天气也不错。就是小贵,,,
双双gxy,259,4,2018.08.11,黄龙风景名胜区门票+上行索道（成人票）,请至少当天的17点30分前购买,黄山风景名不虚传，一路游下来，不会走路了，腿疼得不行。索道和小火车人太多，排队一个多小时，有的路又陡又险，不敢拍照只顾走路,,,
有钱难挣,259,5,2018.09.18,黄龙风景名胜区门票+上行索道（成人票）,入园前均可购买,不错我们是做，缆车上的顶，然后绕下去先去的五彩池，反正这边景色很不，这你拍照很爽的。,,,
MZs973005647,259,3,2018.08.09,黄龙风景名胜区门票+上行索道（成人票）,入园前均可购买,黄龙景区值得一去，但是如果选择自驾游的话，一定要找个老司机来开车，因为这里的路塌方很多，而且没有高速，弯路要走三百公里才能到黄龙景区！,,,
哥屋恩919,259,4,2018.09.08,黄龙风景名胜区门票+上行索道（成人票）,入园前均可购买,风景确实漂亮 唯一遗憾的是黄龙洞没有开放,,,
toi514788581,259,5,2018.11.04,黄龙风景名胜区门票+上行索道（成人票）,入园前均可购买,设施完善，景色太美了，强烈推荐,,,
rTI349087700,259,5,2018.08.18,黄龙风景名胜区门票+上行索道（成人票）,入园前均可购买,「五彩池」「黄龙洞」「娑罗映彩池」「金沙铺地」「争艳彩池」「莲台飞瀑」「潋滟湖」「飞瀑流辉」「迎宾池」「盆景池」「明镜倒映池」,,,
AAg311049836,259,5,2018.11.04,黄龙风景名胜区门票+上行索道（成人票）,入园前均可购买,非常方便，凭身份证在窗口直接取票,,,
唐hou,259,4,2018.10.08,黄龙风景名胜区+上行索道（儿童/老人/学生票）, ,,,,
周生薏,259,4,2018.10.31,黄龙风景名胜区门票+上行索道（成人票）,入园前均可购买, ,,,
qinhuang41,259,5,2018.09.12,黄龙风景名胜区+上行索道（儿童/老人/学生票）,风景如画。人仿佛走在画卷中。一尘不染。去过的分。当时天气特别好，去过的最漂亮的景区。,,,,
峨眉本地人,259,3,2018.08.11,黄龙风景名胜区门票+上行索道（成人票）,入园前均可购买,风景确实很值得看，就是门票稍贵了点，确实值得去了,,,
峨眉本地人,259,3,2018.08.11,黄龙风景名胜区+上行索道（儿童/老人/学生票）,可以去，值得看，真的值得看，就是门票有点贵,,,,
小七哥哥leo,259,4,2018.08.24,黄龙风景名胜区门票+上行索道（成人票）,入园前均可购买,还不错 空气清新 就是很多地方都封了不让进 总的来说还行吧,,,
wrN589106089,259,1,2018.10.05,黄龙风景名胜区门票+上行索道（成人票）,入园前均可购买,除了水清，还有啥，不值这个价位,,,
我本枫雅c,259,4,2018.08.27,黄龙风景名胜区门票+上行索道（成人票）,入园前均可购买,第二次去啦，女朋友玩儿的很开心，各种拍照，就是太阳很烈，晒人,,,
星星点灯820,259,5,2018.10.05,黄龙风景名胜区门票+上行索道（成人票）,入园前均可购买,不愧是5A级景区，风景极美,,,
秦人在燕,259,3,2018.09.29,黄龙风景名胜区门票+上行索道（成人票）,入园前均可购买,挺好的，上面风景不错的。值得去一次,,,
镜颖,259,5,2018.09.23,黄龙风景名胜区门票+上行索道（成人票）,入园前均可购买,景色很美，景区管理的非常好，连垃圾桶都擦得很干净。推荐去。,,,
DH九流闲人,259,4,2018.10.03,黄龙风景名胜区门票+上行索道（成人票）,入园前均可购买,凭身份证简单快捷。,,,
qinhuang41,259,4,2018.09.12,黄龙风景区手机智能导游讲解（不含门票）,入园前均可购买,解说很不错。既看景又听景。,,,
gMz479665131,259,2,2018.09.27,黄龙风景名胜区门票+上行索道（成人票）,入园前均可购买,去早了，没看到什么东西！以后晚点再去一次,,,
zs810,259,4,2018.08.18,黄龙风景名胜区+上行索道（儿童/老人/学生票）,因为九寨沟关闭所以去的黄龙，我去的时候人不多，全程下行走路~风景不错，但是索道收80一个人确实有点坑…如果年轻人推荐从山下走上去~有个什么争艳池的水在阳光下很漂亮~,,,,
LaZ746789769,259,5,2018.09.22,黄龙风景名胜区门票+上行索道（成人票）,请至少当天的17点30分前购买,设施非常好，风景如画，非常完美。,,,
giH426605637,259,4,2018.07.19,黄龙风景名胜区门票+上行索道票（成人票）,请至少提前1天的22点前购买,走在路上，经常会有小松鼠走过，我们去时是6月，人不太多，挺好玩。,,,
ABhi1170247542,259,4,2018.09.16,黄龙风景名胜区+上行索道（儿童/老人/学生票）,我的同事都说黄龙比九寨沟风景好,,,,
匿名用户,259,5,2018.07.30,黄龙风景名胜区门票+上行索道票（成人票）,请至少提前1天的22点前购买,黄龙风景非常好，缆车非常的爽，我们包车去了黄龙。黄龙的水非常清澈见底。树木郁郁葱葱，绿草成茵，灌木丛中是潺潺的流水。各种小鸟叽叽喳喳，各种蝴蝶翩翩起舞。两岸高山耸立，最美的是雪山。但是要注意，提防山上小石头滚下，游客非常多。,,,
匿名用户,259,4,2018.09.08,黄龙风景名胜区门票+上行索道（成人票）,入园前均可购买,遗憾的是没有走完，因为怀孕走不了几步路，一上去就下来了,,,
pqB818298204,259,3,2018.08.18,黄龙风景名胜区门票+上行索道（成人票）,入园前均可购买,黄龙不愧为五A景区，景色非常美丽，但是花80块钱坐轨道就有点坑了，只能到半山腰，到五彩池还要走很远一段，而且是非常没意思的一段山路！,,,
giH426605637,259,4,2018.07.19,黄龙风景名胜区门票+上行索道票（学生票）,请至少提前1天的22点前购买,环境保护不错，经常可以与小动物来个近距离接触哦,,,
刘江元,259,3,2018.07.30,黄龙风景名胜区+上行索道（儿童/老人/学生票）,景区还可以，服务有点跟不上，下山后5点，班车就没有了，很无奈走到索道站取车。五彩池真的没必要去了，建议大家把车停在正门，然后公交车坐索道上山。步行下山，带够吃的和水。,,,,
ZnC404512566,259,4,2018.08.18,黄龙风景名胜区门票+上行索道（成人票）,入园前均可购买,网上购票，不需要提前预约，随买随用，这一点很方便。买了上行的缆车，然后转着走下来，一路上景色没的说,,,
闵昌瑞,259,3,2018.08.27,黄龙风景名胜区门票+上行索道（成人票）,入园前均可购买,风景很不错，就是走的有点远，太累了,,,
y369206800,259,3,2018.08.17,黄龙风景名胜区门票+上行索道（儿童/老人/学生票）,请至少当天的17点30分前购买,人很多，景色一般，一圈下来一般人累的够呛 九寨沟还能坐车这个必须走完全程。,,,
_qqf4v1333121043,259,4,2018.08.27,黄龙风景名胜区门票+上行索道（成人票）,入园前均可购买,没啥好说的，景区门票，索道上行,,,
CQh415033301,259,1,2018.08.19,黄龙风景名胜区门票+上行索道（成人票）,入园前均可购买,不是5a景区吗？280的门票和缆车一点不值得，岁月不仅可以摧残人，还可以摧残美景。,,,
sVC557695060,259,2,2018.08.15,黄龙风景名胜区门票+上行索道（儿童/老人/学生票）,请至少当天的17点30分前购买,门票和索道偏贵，里面配套服务不太好，如果还打算去九寨沟，黄龙就不建议去了。,,,
y369206800,259,2,2018.08.17,黄龙风景名胜区门票+上行索道（成人票）,请至少当天的17点30分前购买,贵很贵  距离很近根本不值，黄龙里面无价很黑,,,
heqing680414,259,5,2018.08.19,黄龙风景名胜区门票+上行索道（成人票）,入园前均可购买,风景区真的很美，设施完善，宛若人间仙境，不虚此行,,,
kqH311905738,259,3,2018.08.19,黄龙风景名胜区门票+上行索道（成人票）,入园前均可购买,还不错 总的来说还是比较漂亮，适合情侣出行,,,
匿名用户,259,4,2018.08.22,黄龙风景名胜区门票+上行索道（成人票）,入园前均可购买,网上买的，方便，快捷，还是有优惠的,,,
zhoucong717,259,3,2018.08.19,黄龙风景名胜区门票+上行索道（成人票）,入园前均可购买,12年前去过，现在真没意思了，哎。。,,,
PKN52500689,259,5,2018.08.15,黄龙风景名胜区门票+上行索道（成人票）,入园前均可购买,这次说实在的购票的时候有些忐忑，没成想十分顺利！赞！,,,
dTu744659684,259,4,2018.08.18,黄龙风景名胜区+上行索道（儿童/老人/学生票）,挺好的，可以去看看！特漂亮,,,,
zy887794814,259,4,2018.08.16,黄龙风景名胜区门票+上行索道（成人票）,入园前均可购买,太漂亮啦，天然氧吧,,,
匿名用户,259,2,2018.08.06,黄龙风景名胜区门票+上行索道（成人票）,入园前均可购买,工作人员服务态度是真的差，特别是卖票那里，不过也有个别很热心。,,,
姗san,259,4,2018.08.16,黄龙风景名胜区门票+上行索道（成人票）,入园前均可购买,非常可以，买了就立马取了,,,
匿名用户,259,5,2018.07.30,黄龙风景名胜区门票+上行索道票（成人票）,请至少提前1天的22点前购买,黄龙景区的设施非常的新，清洁人员很负责任游人很多，垃圾很少，风景很美，这是人间的天堂。,,,
姗san,259,4,2018.08.16,黄龙风景名胜区+上行索道（儿童/老人/学生票）,非常可以，,,,,
DtS887831934,259,5,2018.06.24,黄龙风景名胜区+上行索道（儿童/老人/学生票）,漂亮的不行，可惜今天下雨，不然感觉景色更美,,,,
灬胡萝卜灬,259,5,2018.08.09,黄龙风景名胜区门票+上行索道（成人票）,请至少当天的17点30分前购买,环境好,,,
七竹叶,259,5,2018.08.10,黄龙风景名胜区+上行索道（儿童/老人/学生票）,真的特别美来一次无憾,,,,
沈彤彤,259,5,2018.04.17,黄龙风景名胜区门票+上行索道（成人票）,入园前均可购买,本想去九寨沟，但是因为不接受散客，就改了去黄龙，到了黄龙后遇见东北老乡，他去了九寨沟，他说黄龙比九寨沟好多了，一下子我心里平衡了很多，黄龙确实很美，五彩池好漂亮！就是这个季节去有点早，谁还很少，不过已经到成都，就一定要去哦！不然很可惜,,,
灬胡萝卜灬,259,5,2018.08.09,黄龙风景名胜区门票+上行索道（儿童/老人/学生票）,请至少当天的17点30分前购买,美,,,
匿名用户,259,1,2018.05.03,黄龙风景名胜区门票+上行索道（成人票）,入园前均可购买,差差差！！黄龙本来就是看水的，结果水都没有，门票还贵得要死，对我感觉这里真不如雪山好耍，好看，建议大家耍黄龙去雪山垭口耍，风景漂亮，积雪如云,,,
太阳花1056,259,4,2018.07.29,黄龙风景名胜区门票+上行索道（成人票）,请至少当天的17点30分前购买,除了觉得门票贵其他都很好，很佩服带到小奶娃去的路人，给赞,,,
mmH822252753,259,4,2018.07.31,黄龙风景名胜区门票+上行索道（成人票）,请至少当天的17点30分前购买,风景不错，就是有点小贵！,,,
mmH822252753,259,4,2018.07.31,黄龙风景名胜区门票+上行索道（儿童/老人/学生票）,请至少当天的17点30分前购买,风景倒是好，就是有点小贵,,,
匿名用户,259,3,2018.07.22,黄龙风景名胜区门票+上行索道（成人票）,入园前均可购买,环境不错，很干净，好好，就是没有卖饭的,,,
JFJ976774255,259,3,2018.07.18,黄龙风景名胜区门票+上行索道（成人票）,入园前均可购买,还不错，就是夏天来杜鹃花没开，七彩池漂亮的很,,,
qoO514905977,259,4,2018.07.01,黄龙风景名胜区门票+上行索道票（老人票）,请至少提前1天的22点前购买,黄龙景区是我们玩的最好的一次，自助游人又少，时间宽裕，而且当地的藏族司机很热情，非常棒的一次旅行,,,
匿名用户,259,1,2018.05.04,黄龙风景名胜区门票+上行索道（成人票）,入园前均可购买,这个季节去除了雪啥也看不到。坐索道上去走下来用了3个多小时。什么景都没有。就一个五彩池。 200多真心不值得。一路走下来累的不行。上去缺氧。爬楼梯更是累的不行。,,,
pCo662760064,259,1,2018.04.08,黄龙风景名胜区门票+上行索道（成人票）,入园前均可购买,景区啥子不说  要问的是的是管理方   冬天水都被冻住了  只有冰雪     只能看到一点点五彩池   为什么不在网上说明？  到了售票厅才说   人这么大老远的慕名而来  容易吗！？   到了门口才知道情况   不去看看  这么远都来了    去看吧   又没有看到梦寐以求的风景    而且门票还照旺季价格收   真的是人心黑了美景  拍照片的心情都没有,,,
沉默的羔羊beso,259,2,2018.06.22,黄龙风景名胜区门票+上行索道（成人票）,入园前均可购买,去的太早了，基本都没有水，要去玩的朋友一定要等到秋季去,,,
a梦一样的人,259,2,2018.06.24,黄龙风景名胜区门票+上行索道（成人票）,入园前均可购买,去的时候天气不好，所以感觉一般,,,
水煮鱼呦,259,3,2018.06.23,黄龙风景名胜区门票+上行索道（成人票）,入园前均可购买,挺好的，感觉特别美，天高林阔的,,,
kep835854908,259,3,2018.05.13,黄龙风景名胜区门票+上行索道（成人票）,入园前均可购买,还不错，只是去的时候刚好下雪，太冷了，,,,
蓝yejun魔,259,4,2018.06.18,黄龙风景名胜区门票+上行索道（成人票）,入园前均可购买,环境很好，转转挺好,,,
wanikoy,259,4,2018.05.29,黄龙风景名胜区门票+上行索道（成人票）,入园前均可购买,风景不错，弥补九寨沟的遗憾去了黄龙，没失望，就是索道太短，不值票价，去的人一定要穿多点,,,
L天下王,259,5,2018.06.02,黄龙风景名胜区门票+上行索道（成人票）,入园前均可购买,确认不错，景色迷人！值得我们去一次,,,
匿名用户,259,1,2018.04.06,黄龙风景名胜区门票+上行索道（成人票）,入园前均可购买,今天才去了，280元含门票和上行索道，说实话，50元我都不会去，宣传图和现实的对比！一万点伤害,,,
Jyq.1996,259,4,2018.04.19,黄龙风景名胜区门票+上行索道（儿童/老人/学生票）,请至少当天的17点30分前购买,挺美的哦。,,,
团了个团001,259,4,2018.05.27,黄龙风景名胜区门票+上行索道（成人票）,入园前均可购买,挺不错的风景区。就是去得稍微早了点。,,,
liuyang19830603,259,5,2018.04.28,黄龙风景名胜区门票+上行索道（成人票）,入园前均可购买, ,,,
沈彤彤,259,4,2018.04.17,黄龙风景区手机智能导游讲解（不含门票）,入园前均可购买,很有用，自驾游还是很有必要的，了解更多关于黄龙的背景，也不贵，很好,,,
ngM44596048,259,1,2018.04.18,黄龙风景名胜区门票+上行索道（成人票）,入园前均可购买,很不爽！枯水期这么点景色还原价？现在是淡季啊大姐？？？还原价。。。,,,
yangmei0321,259,1,2018.04.13,黄龙风景名胜区门票+上行索道（成人票）,入园前均可购买,既然景色还没不是季节，就不要开放，门票价格这么高，坑有游客,,,
匿名用户,259,5,2018.04.20,黄龙风景名胜区门票+上行索道（成人票）,入园前均可购买,环境优美，景色迷人，不错。,,,
Rom619446093,259,4,2018.04.14,黄龙风景名胜区门票+上行索道（成人票）,入园前均可购买,其实应该很美的，就是去的不是时候，应该6～10月份去，那个时候是丰水期，更好看,,,
pCo662760064,259,1,2018.04.08,黄龙风景名胜区+上行索道（儿童/老人/学生票）,差的不是景   是只管赚钱的人   人心黑了景,,,,
qoO514905977,259,4,2018.02.16,黄龙风景名胜区门票+上行索道票（学生票）,请至少提前1天的22点前购买,真是人间仙境，大家去九寨一定要去黄龙，没有想象中的高原反应，只要身体健康，不去的话绝对后悔,,,
yOG922062830,259,4,2018.02.05,黄龙风景名胜区门票+上行索道（成人票）,请至少当天的17点30分前购买,我们是暑期去玩的，当天晚上发生的地震，非常幸运平安回来，美丽的九寨沟美丽的黄龙，非常希望能再去一次,,,
ayk328212663,259,1,2018.03.19,黄龙风景名胜区门票+上行索道票（成人票）,请至少提前1天的22点前购买,上去有缆车，下来腿走断。走好几个小时，一直在下坡，回来腿疼了好久,,,
yelaiblog,259,5,2018.03.22,黄龙风景名胜区门票+上行索道（儿童/老人/学生票）,请至少当天的17点30分前购买,九寨沟地震前2天去的，美极了，无法形容。,,,
海角蜀叶,259,4,2018.03.23,黄龙风景名胜区门票+上行索道（成人票）,请至少当天的17点30分前购买,幸好做的索道，太累了,,,
高冷的数学,259,4,2017.10.09,黄龙风景名胜区门票+上行索道（成人票）,请至少当天的17点30分前购买,七彩池颜色太漂亮了，值得爬上顶一看，可是往下的风景就一般般了。一路上遇见很多松鼠，明显不怕人，还一个劲儿的伸长脖子闻你，所以零时从身上找了几颗甜食，居然吃的很香。一路走来总体来说很好，卫生很干净，每隔一段都有工作人员打扫卫生，也设有氧吧，就是没有小卖部，需要自己带齐饮用水和吃的。,,,
沉淀676,259,1,2017.07.30,黄龙风景名胜区门票+上行索道（儿童/老人/学生票）,请至少当天的17点30分前购买,景区哪都好，就是交通设计不合理，我都怀疑是景区和交警部门专门设计坑害游客，事情经过是这样的，一进沟内先到正门，但是正门跟前停车场又小放不下几辆车，所以老是满的，继续往里走走到头是缆车入口，而且缆车入口可以买票，大部分游客都是坐缆车上去然后步行游玩下来，关键就在这里，去的时候把车停到缆车入口跟前停车场，游玩出来在正门口这里，正门口离缆车停车场15公里，这就变相的逼着游客要么走15公里去取车，要么在正门口路边等，一个人去取车反正要出景区肯定要路过正门口，试想一路从山上走下来肯定很累，所以老婆孩子就在路边等我去开车，没想到交警一队人马就在这条路上往返巡逻，我开车返回正门口路边老婆孩子上车，几秒钟上车时间，交警上来不由分说就拍车号，说我逆行违章了，我操，完成罚款任务也不能这样啊，抢劫呢？而且不能辩解，口气强硬，一口一个马上走，不然扣车口人，瞧瞧黄龙景区的交警多牛逼，这条路上往返罚款这么多外地车，摆明是欺负游客嘛，我见被坑的都是游客外地车，没有一辆本地车！很说明问题！太坏了这帮孙子，看这种坑游客的手段不是一天两天了，居然没人管管！有些部门有些领导装聋作哑，为了创收选择性的失声，知道你游客出门在外不敢吭声，就坑你，当地*****，非得新闻媒体曝光舆论参与才能解决，像我们这样的老百姓向哪反应都没用，我只是想提醒一下广大游客们，再去黄龙景区切记就是累死也不能在路边上下车，一个单子就二百呀，有这钱还不如雇个车保险呢！不说了，被坑又投诉无门，自认倒霉吧！所以自己小心吧！别让狗有机会咬你一口就是了！最后这张照片是景区图，在图的右下角是正门口，图的左下角是缆车入口，自己看看有多远！,,,
雀斑先生,259,5,2017.10.02,黄龙风景名胜区门票+上行索道（成人票）,请至少当天的17点30分前购买,天公不作美，飘着下雨，气温又低，索道上去然后上山，一路没有什么特色的风景，直到邂逅了五彩池，之后便是一个接着一个的彩池，水真的很清澈，不同角度呈现不一样的美～一路也有氧吧，因为感冒加上有点高原反应，后面大脑一片空白，建议大家穿暖和点，别冻着～总体来说还是值得哈，全程花了六个小时，照了很多美照，满足的～,,,
why7201,259,3,2018.01.24,黄龙风景名胜区门票+上行索道（成人票）,请至少当天的17点30分前购买,人气旺，卫生好，夏天去风景更好看些。,,,
独为伊人醉倾城,259,5,2017.10.02,黄龙风景名胜区门票+上行索道（成人票）,请至少当天的17点30分前购买,风光秀美，美景怡人，环境清幽，空气清新，沿途风景十分迷人，尤其是五彩池更是令人陶醉其中，水质清澈见底，旅游的人很多，我和同事坐索道上山，全程花了5个小时，五彩池海拔高度4500米，爬山过程中会出现高原反应，不过过段时间就会回复，值得去的好地方！！！,,,
海王星rhhxf,259,4,2017.08.30,黄龙风景名胜区门票+上行索道（成人票）,请至少当天的17点30分前购买,我是从川主寺镇方向到黄龙，开车到景区后在停车场停好车，在售票处取票，然后乘坐景区的免费摆渡车到东面的上行缆车点上山，下缆车后步行，先途步约1.5公里的平坦栈道后就到了核心景点，选择左上右下，池水真心好看，大自然精心雕琢之作，然后就开始一路下山，延途各种池水纷至沓来，让人眼接不暇。最后出山。出山后要到青城山，时间来不及，所以住宿在景区东面约3公里的小镇(村)的农家宾馆里(也是团的)，条件不错，干净卫生。,,,
_qq6kw1333155653,259,4,2017.11.24,黄龙风景名胜区门票+上行索道（儿童/老人/学生票）,请至少当天的17点30分前购买,漂亮的很，一家人一起去的！,,,
匿名用户,259,2,2017.11.15,黄龙风景名胜区门票+上行索道（成人票）,请至少当天的17点30分前购买,不怎么样，不值得去，11月15日前算旺季，门票200，索道80，以后算淡季60元，,,,
amy10182011,259,5,2017.12.31,黄龙风景名胜区门票+上行索道（成人票）,请至少当天的17点30分前购买,好评！,,,
amy10182011,259,5,2017.12.31,黄龙风景名胜区门票+上行索道（儿童/老人/学生票）,请至少当天的17点30分前购买,好评,,,
XPP728251943,259,2,2017.12.22,黄龙风景名胜区门票+上行索道（儿童/老人/学生票）,请至少当天的17点30分前购买,也就是那样吧。不过和家人在一起的日子很好,,,
神彩飞扬0814,259,5,2017.08.10,黄龙风景名胜区门票+上行索道（成人票）,请至少当天的17点30分前购买,这次来赶上了地震了，马上就要离开月亮湾假日酒店，真心的感谢老板和老板娘。是他们在地震发生的第一时间给了我们安慰和帮助，让我们这些在地震中惊慌失措的游客感到安全和希望。在震后停电时，老板娘点着蜡烛为我们做饭，一日三餐，温暖着我们的心。临走之时还要给我们带吃的，我们想表达一下我们的心意，留下饭钱和住宿费，被老板娘婉言谢绝了，她朴实的话语和行动深深的感染着我们，我们会将这份爱传递下去，像你们一样，伸出双手去帮助需要帮助的人！,,,
XPP728251943,259,2,2017.12.22,黄龙风景名胜区门票+上行索道（成人票）,请至少当天的17点30分前购买,性价比低  没有物有所值那一说！！,,,
hcc0703,259,5,2017.08.15,黄龙风景名胜区门票+上行索道（成人票）,请至少当天的17点30分前购买,千层碧水走黄龙，比九寨沟好玩和惊艳，我和妈妈花了6个小时，还是自由行比较随性，跟团一般给4个小时。坐缆车上行后还要走2、3公里才能到五彩池，缆车是鸡肋啊!现在景区都在拉长产业链，自驾游的朋友不要把车停在第一和第二停车场，一定要往下和往前开，把车开到缆车附近的停车场，在一个大酒店里面收费10元。,,,
秋叶草77,259,3,2017.12.20,黄龙风景名胜区门票+上行索道（成人票）,请至少当天的17点30分前购买,一般，朋友没去过想去。去了比较后悔,,,
lixuejie824,259,1,2017.08.08,黄龙风景名胜区门票+上行索道票（老人票）,请至少提前1天的22点前购买,本来以为用美团买票很方便，但其实不是那么回事儿啊。本来定的7月30号的票，7月29号就收到短信说出票成功，但是还挺纳闷不知道怎么回事。第二天三张票中有张老人票不能用，老人出现高反要退票，但是已经出票根本没有退票选项，取另外两张票也取不了，要三张一起取。总之就是各种麻烦。溜溜等了1个小时，就是现场买票也早就买好了。幸亏美团的客服帮着协调总算退了一张取出另外两张。但是耽误了整个行程。导致从黄龙下来赶上车祸堵车，又导致赶上雷震雨泥石流堵车，本来晚上7点应该回到成都后来半夜12点才到，一路上还心惊胆战，而这一切都是因为商家提前出票，导致退不了票取不出票，简直无语！,,,
孜孜小姐么么哒,259,5,2017.10.23,黄龙风景名胜区门票+上行索道票（学生票）,请至少提前1天的22点前购买,因为海拔太高，所以很多人去了九寨沟就不再去黄龙了。但是为了看课本里的原景，我还是去了哈哈哈。诚心建议大家，一定一定一定要在雨季去，这样坑坑里才会有水！有水才好看！我没有高反，感觉海拔高人又少风景又美的不行，实在是觉得比九寨沟给我的感觉要好。真的随手一拍都美得令人心旷神怡！,,,
闻莺柳浪,259,5,2017.12.11,黄龙风景名胜区门票+上行索道（成人票）,请至少当天的17点30分前购买,累个半死，但是环境是真的好，值了,,,
XOy400191321,259,5,2017.08.07,黄龙风景名胜区门票+上行索道（成人票）,请至少当天的17点30分前购买,虽然这里没有九寨沟大，但是，同样的让人惊艳，五彩池，真的好美，我们是坐缆车上行的，直接走到了五彩池，然后一路走下来，沿途景色相当漂亮，可惜天公不作美，下雨，以致有点赶路的感觉，很多景点匆匆而过，值得一去，话说这里比九寨景区内买吃的要厚道，完全可以景区里吃,,,
斐儿乖,259,4,2017.10.08,黄龙风景名胜区门票+上行索道（成人票）,请至少当天的17点30分前购买,风景优美！就是带孩子去累惨，全是山路，他还不走,,,
o子亦o,259,5,2017.10.21,黄龙风景名胜区门票+上行索道票（成人票）,请至少提前1天的22点前购买,翻越高海拔垭口，没有高反！黄龙美不美，全靠两条腿！,,,
dOe487888032,259,3,2017.12.02,黄龙风景名胜区门票+上行索道票（成人票）,请至少提前1天的22点前购买,还不错嘛！！索道太不安逸了，太贵了，自己上去好,,,
lxtyqh,259,3,2017.11.29,黄龙风景名胜区门票+上行索道（成人票）,请至少当天的17点30分前购买,不错，有点远，有点累，景点太远,,,
宝贝yy莹莹,259,5,2017.07.31,黄龙风景名胜区门票+上行索道（成人票）,请至少当天的17点30分前购买,说实话，这个门票真的有点贵，性价比不高，索道80一位一会就到了，一点也不值，门票要200也不知道为啥这么贵，停车要二十，可以停一天，做索道下去以后走到五彩池要好久，景点人也多，要走出去景区要下好多台阶，如果膝盖不好的千万别去，景色还好，但听说去完九寨这里也没啥看的了。,,,
shion8,259,4,2017.10.21,黄龙风景名胜区门票+上行索道（成人票）,请至少当天的17点30分前购买,黄龙最佳路线是步行上去到了中间然后返回。不去最顶端哪里看那个五彩池，因为中间距离五彩池实在太远了。如果你坐电梯上去，到了最顶端。当你走路下来的时候已经走累了。你已经没有心情看沿途的风景了。,,,
Cbh315072952,259,4,2017.07.17,黄龙风景名胜区门票+上行索道（儿童/老人/学生票）,请至少当天的17点30分前购买,头一天去过九寨了，听住店店家说黄龙更美，去过黄龙都说去九寨也就没啥意思，于是坚定的订了门票，开始坐很陡的索道到了山顶，徒步森林栈道走好远好远，一路只是森林，几乎想要放弃了，结果终于坚持到五彩池，一路下山，伴着金沙铺地的流水，各种钙华的小池子，各种小瀑布，太美了，虽然是旱期，水量不是很大，有的小池子都干涸了，但是并不影响她的美丽，完美,,,
sdh_xy52,259,4,2017.11.21,黄龙风景名胜区门票+上行索道（成人票）,请至少当天的17点30分前购买,票价合适，价格实惠，特别方便。,,,
sdh_xy52,259,4,2017.11.21,黄龙风景名胜区门票+上行索道票（学生票）,请至少提前1天的22点前购买,票价一样，方便,,,
凡H心,259,5,2017.10.08,黄龙风景名胜区门票+上行索道（成人票）,请至少当天的17点30分前购买,这可能是黄龙最冷清的十一了，很漂亮，值得一行。,,,
Cbh315072952,259,4,2017.07.17,黄龙风景名胜区门票+上行索道（成人票）,请至少当天的17点30分前购买,一家三口带公公婆婆一路自驾游，我跟老公俩人全票，公公婆婆跟儿子半票，很合适，公公婆婆60＋岁，走得有些累，我跟儿子很兴奋，做索道跟陡峭，过瘾，只是从下索道走到五彩池这段路程又长又累又无聊，从五彩池往下山走就一路好水美景，真的好美，天气很晴朗，听人说头两天下冰雹得租羽绒服，结果穿好多，结果热坏了，穿半袖都热，总之，一切非常顺利,,,
kLQ470102658,259,5,2017.11.19,黄龙风景名胜区门票+上行索道（儿童/老人/学生票）,请至少当天的17点30分前购买,很不错,,,
ding983,259,5,2017.11.08,黄龙风景名胜区门票+上行索道（成人票）,请至少当天的17点30分前购买,风景还是不错的，和老公的蜜月旅行，回来半个月就地震了,,,
W...樱,259,5,2017.11.12,黄龙风景名胜区门票+上行索道（成人票）,请至少当天的17点30分前购买,风景不错 取票方便,,,
Elu26,259,5,2017.11.16,黄龙风景名胜区门票+上行索道（成人票）,请至少当天的17点30分前购买,很美,,,
Elu26,259,5,2017.11.16,黄龙风景名胜区门票+上行索道（成人票）,请至少当天的17点30分前购买,美滋滋,,,
匿名用户,259,3,2017.10.06,黄龙风景名胜区门票+上行索道（成人票）,请至少当天的17点30分前购买,门票索道真的贵  感觉不值  首先那里的售票员态度不是很好 多问两句有点不耐烦 售票中心，连个热水都没有。 那些景色彩池九寨沟都有。相对九寨沟，要大气，漂亮些 。 去了一次不想去二次,,,
ZT8526,259,3,2017.11.03,黄龙风景名胜区门票+上行索道（成人票）,请至少当天的17点30分前购买,人太少了，很冷清，很多景点都去不了,,,
没错又是你,259,5,2017.08.03,黄龙风景名胜区门票+上行索道（成人票）,请至少当天的17点30分前购买,黄龙真的很美，虽然今年雨量少，有的池子干了，但也抵不住它的美，就是交通不太便利，不通班车，除非自驾游或者跟团，不然自由行的只能包车去，川主寺过去的话往返最少都要200，马上隧道要通车了，如果通班车了肯定人气更高过,,,
_qq4mk1337395848,259,5,2017.10.27,黄龙风景名胜区门票+上行索道（成人票）,请至少当天的17点30分前购买,就是没看见雪景，有点遗憾，冬天有时间再来一次,,,
chengyao0131,259,5,2017.10.27,黄龙风景名胜区门票+上行索道（成人票）,请至少当天的17点30分前购买,还不错，很好哦，只是出口离停车的地方太远了,,,
Fse769142831,259,1,2017.10.26,黄龙风景名胜区门票+上行索道（儿童/老人/学生票）,请至少当天的17点30分前购买,没意思，景区自动取票机就是摆设没有一个能用的。,,,
_qqh231444536329,259,5,2017.09.11,黄龙风景名胜区门票+上行索道（成人票）,请至少当天的17点30分前购买,取票方便但是人品不太好，来的当天下雨，在山上特别冷,,,
_qqh231444536329,259,5,2017.09.11,黄龙风景名胜区门票+上行索道票（学生票）,请至少提前1天的22点前购买,取票方便，景色也特别美   这是第二次来九寨沟了,,,
hJc845134206,259,5,2017.07.24,黄龙风景名胜区门票+上行索道（成人票）,请至少当天的17点30分前购买,停车方便，按照坐索道上山，步行下山的行程很好，步行下山路上很多景点，然后乘景区免费大巴到索道入口处，离停车场很近。就是自助取票机都不好用了，还要在窗口排队取票,,,
sJb890197994,259,5,2017.08.07,黄龙风景名胜区门票+上行索道（成人票）,请至少当天的17点30分前购买,整个景区卫生非常好，栈道很宽，不愧是5A景区！风景确实没得说，太棒了，我大四川的骄傲！！！,,,
匿名用户,259,3,2017.10.17,黄龙风景名胜区门票+上行索道（成人票）,请至少当天的17点30分前购买,就是上山好累啊，里面挺大的，不过就五彩池最好看。其他的都千篇一律。,,,
DQL562476294,259,5,2017.07.21,黄龙风景名胜区门票+上行索道票（学生票）,请至少提前1天的22点前购买,我们去时运气好极啦，本来到处池子都枯起的，遭遇一场夏日里的大雨，涨水了，这才是真正的黄龙！随便分享几张，你们随意感受下！,,,
ruiruithease,259,4,2017.10.17,黄龙风景名胜区门票+上行索道（成人票）,请至少当天的17点30分前购买,整体可以，只有五彩池好看，里面风景也还不错。,,,
kCJ543888225,259,4,2017.10.12,黄龙风景名胜区门票+上行索道（成人票）,请至少当天的17点30分前购买,风景的确很没，不过网上买票和现场一样的价格，感觉没优势啊,,,
黑色丶耀光,259,2,2017.10.01,黄龙风景名胜区门票+上行索道（儿童/老人/学生票）,请至少当天的17点30分前购买,不知道为什么网上买的票也要排长队去售票窗口取，没有自动取票机，窗口就两个人，效率太慢，体验很不好！,,,
FFT279933277,259,4,2017.08.06,黄龙风景名胜区门票+上行索道（儿童/老人/学生票）,请至少当天的17点30分前购买,夏天的黄龙，水美，还有个黄龙古门头上有三个方向看不同的字，,,,
洳嗳N夭,259,5,2017.08.19,黄龙风景名胜区门票+上行索道（成人票）,请至少当天的17点30分前购买,五彩池确确实实太漂亮了！一定推荐朋友去。。。,,,
msL374440244,259,3,2017.10.10,黄龙风景名胜区门票+上行索道（成人票）,请至少当天的17点30分前购买,门票价位偏高，高原反应的人还是不适合去,,,
ajD273574817,259,5,2017.10.14,黄龙风景名胜区门票+上行索道（成人票）,请至少当天的17点30分前购买,挺好的，挺方便,,,
ajD273574817,259,5,2017.10.14,黄龙风景名胜区门票+上行索道（儿童/老人/学生票）,请至少当天的17点30分前购买,挺好的，挺方便,,,
ajD273574817,259,5,2017.10.14,黄龙风景名胜区门票+上行索道（成人票）,请至少当天的17点30分前购买,挺好的，挺方便,,,
ajD273574817,259,5,2017.10.14,黄龙风景名胜区门票+上行索道（成人票）,请至少当天的17点30分前购买,挺好的，挺方便,,,
ajD273574817,259,5,2017.10.14,黄龙风景名胜区门票+上行索道（儿童/老人/学生票）,请至少当天的17点30分前购买,挺好的，挺方便,,,
ajD273574817,259,5,2017.10.14,黄龙风景名胜区门票+上行索道（成人票）,请至少当天的17点30分前购买,挺好的，挺方便,,,
Wzq722233092,259,5,2017.08.14,黄龙风景名胜区门票+上行索道（成人票）,请至少当天的17点30分前购买,五彩池非常漂亮，景区内空气非常好，在里面游玩很轻松。,,,
匿名用户,259,5,2017.08.07,黄龙风景名胜区门票+上行索道（儿童/老人/学生票）,请至少当天的17点30分前购买,取票方便快速，省去很多时间和精力，能好好去欣赏沿途的风景。省时省力方便快捷,,,
wRB494068008,259,5,2017.07.11,黄龙风景名胜区门票+上行索道（成人票）,请至少当天的17点30分前购买,真的不错好地方，值得多去几次，就是基础配套设施欠缺，指示牌不明显，找的晕头转向，有高原反应的人不建议去，几个景点大同小异，在路上走的时间太久了，老人小孩也不建议去，我们坐的缆车上去的，不坐缆车是实在受不了。,,,
hmz23341736,259,5,2017.10.06,黄龙风景名胜区门票+上行索道（成人票）,请至少当天的17点30分前购买,我已经为九寨黄龙捐款了。景色漂亮收费贵。,,,
dTS542512268,259,5,2017.08.08,黄龙风景名胜区门票+上行索道（成人票）,请至少当天的17点30分前购买,缆车上山的路线可以看到黄龙钙化瀑布的全貌，然后再仔细欣赏，从容下山。直接上山再坐缆车下山的话，有苦尽甘来的幸福感，路程四公里多，也不算太远。两种方式都不错，站点间有免费公交车往返，不用费尽心思考虑到底把车停在哪里。唯一的遗憾是，夏季水虽然大，但是色彩稍显单调，秋天会更漂亮！,,,
黑色丶耀光,259,2,2017.10.01,黄龙风景名胜区门票+上行索道（成人票）,请至少当天的17点30分前购买,网上买的票依然要排长队取票，没有自动取票机，效率太慢,,,
xierhepan1111,259,5,2017.08.19,黄龙风景名胜区门票+上行索道（儿童/老人/学生票）,请至少当天的17点30分前购买,景色宜人，确实不虚此行！,,,
GMY122901902,259,5,2017.10.05,黄龙风景名胜区门票+上行索道（成人票）,请至少当天的17点30分前购买,人间仙境，环境真的不错，夏天去的话，估计更美,,,
匿名用户,259,1,2017.08.05,黄龙风景名胜区门票+上行索道（儿童/老人/学生票）,请至少当天的17点30分前购买,价格和景区门口买票是一样一样一样的！没任何优惠！说送10元优惠券也没有送！黄龙景区是非常美的！一分给景区！景区里氧气瓶很便宜15一瓶，千万别在外面买！,,,
匿名用户,259,5,2017.08.07,黄龙风景名胜区门票+上行索道（成人票）,请至少当天的17点30分前购买,方便快捷，服务周到，节省时间，风景漂亮！,,,
匿名用户,259,5,2017.07.30,黄龙风景名胜区门票+上行索道（成人票）,请至少当天的17点30分前购买,美到极至，环境特别好,,,
lanqfr,259,5,2017.10.01,黄龙风景名胜区门票+上行索道（成人票）,请至少当天的17点30分前购买,景色大不如以前了,,,
TaD847683504,259,5,2017.06.14,黄龙风景名胜区门票+上行索道票（老人票）,请至少提前1天的22点前购买,很好，海拔3000多米，缺氧的话沿途都要卖便携氧气瓶。上山缆车，下山山谷走了几公里，很累，加上开车脚都走疼了，不步行又看不到风景。缆车点跟正门有免费公交，建议停车在正门处，大些也正规，还便宜5块，缆车处20。,,,
哼，我是胖子,259,4,2017.09.22,黄龙风景名胜区门票+上行索道（成人票）,请至少当天的17点30分前购买,感觉风景还行吧！遇到了下雨，没玩好,,,
金榜教育_圈圈,259,5,2017.09.24,黄龙风景名胜区门票+上行索道票（老人票）,请至少提前1天的22点前购买,美得不要不要的，建议一定要去,,,
孙孟来88,259,5,2017.08.04,黄龙风景名胜区门票+上行索道（儿童/老人/学生票）,请至少当天的17点30分前购买,风景很美，就是没有自动取票机，取票还的排队，到了景区才知道到买票处，扫支付宝和***还能优惠10元钱。,,,
输不烂,259,4,2017.07.30,黄龙风景名胜区门票+上行索道（成人票）,请至少当天的17点30分前购买,感觉没有以前水那么多了     黄龙的水     有的地方已经氧化了     再过几年不知会如何,,,
火焰绅士2008,259,4,2017.08.03,黄龙风景名胜区门票+上行索道（成人票）,请至少当天的17点30分前购买,环境还不错，空气清新。就是带着小孩徒步走五个小时有点累！要去的朋友要准备好，另记得带雨具。山上的雨说来就来！,,,
金榜教育_圈圈,259,5,2017.09.24,黄龙风景名胜区门票+上行索道票（成人票）,请至少提前1天的22点前购买,美得不要不要的，一定要去,,,
purplenut,259,5,2017.08.09,黄龙风景名胜区门票+上行索道（成人票）,请至少当天的17点30分前购买,黄龙的池子确实很有特点，大部分都是钙化池，是九寨沟没有的，乳白色的池底配上蓝绿色的池水让人真切的感受到大自然的鬼斧神工。不过偌大的景点里池子过于分散，走起来超级累，而且可看的景点不多，比起九寨沟，票价略显贵了点。,,,
WiI15977285,259,2,2017.08.05,黄龙风景名胜区门票+上行索道（儿童/老人/学生票）,请至少当天的17点30分前购买,我能说，280花一次永远没有第二次吗？水小的可怜。人还多200的门票80的缆车。比起九寨沟，我只能说：真心不用看黄龙。现在只剩了几个小水坑。老爸说现在的黄龙，跟18年前的黄龙，，，完全没有的比！！！！我去过九寨沟，我也说。黄龙的门票，跟他的景点，，完全，特么没法成正比！上当就这一次。,,,
北极熊鲜森,259,5,2017.07.21,黄龙风景名胜区门票+上行索道票（学生票）,请至少提前1天的22点前购买,整体来看我觉得黄龙的景色反而要比九寨沟更美，黄龙的水是碧蓝色，而九寨沟的水是淡蓝色，只有两者对比，才会发现黄龙的独特之处。,,,
好159,259,5,2017.07.21,黄龙风景名胜区门票+上行索道（成人票）,请至少当天的17点30分前购买,黄龙景区真的是很值得一看！尽管有点小小的高反但是也阻挡不了欣赏美景的步伐！,,,
花海的追寻,259,4,2017.08.16,黄龙风景名胜区门票+上行索道票（成人票）,请至少提前1天的22点前购买,我们在九寨沟的时候手机短信提示票已经被取了，打了客服电话，黄龙的工作人员还是挺热情的，我们最后还是成功的取到了票，进入到了景区，不过美团的客服也是棒棒哒,,,
倒打立桩,259,3,2017.09.17,黄龙风景名胜区门票+上行索道（成人票）,请至少当天的17点30分前购买,就是走路太累了！围着山转圈圈，太累了,,,
ygB852292548,259,5,2017.07.23,黄龙风景名胜区门票+上行索道（成人票）,请至少当天的17点30分前购买,景区价格偏高，完全不是很值，毕竟九寨沟的景色差不多,,,
Sis754018000,259,5,2017.08.01,黄龙风景名胜区门票+上行索道（儿童/老人/学生票）,请至少当天的17点30分前购买,非常美的景点，全家自驾游，终身难忘。,,,
神婆丢了魔球,259,5,2017.09.09,黄龙风景名胜区门票+上行索道（成人票）,请至少当天的17点30分前购买,风景确实很不错，就是爬山好累。,,,
哩呀_,259,5,2017.07.28,黄龙风景名胜区门票+上行索道（成人票）,请至少当天的17点30分前购买,空气清新，干净清爽，美美哒景色，美美的照片！,,,
vZt35790449,259,3,2017.09.03,黄龙风景名胜区门票+上行索道票（成人票）,请至少提前1天的22点前购买,有一个朋友临时有事，去不了，退了一张，两个多月了，但并没退到卡上，不知为什么,,,
匿名用户,259,5,2017.09.09,黄龙风景名胜区门票+上行索道（儿童/老人/学生票）,请至少当天的17点30分前购买,只是可惜了，我们出来后一天就地震了。,,,
lyoyowy,259,5,2017.07.11,黄龙风景名胜区门票+上行索道（成人票）,请至少当天的17点30分前购买,风景好 尽管累又下雨又轻度缺氧 还是值的,,,
匿名用户,259,5,2017.07.14,黄龙风景名胜区门票+上行索道票（成人票）,请至少提前1天的22点前购买,真的值得一去 比九寨沟游客少一些 所以玩的更痛快 风景美 五彩池漂亮 就是不太习惯高原地区 刚下车时有点不舒服 适应一下就好了,,,
JLF蓝天彩云,259,3,2017.07.11,黄龙风景名胜区门票+上行索道票（成人票）,请至少提前1天的22点前购买,我们是看过九寨沟再到黄龙游玩的，所以黄龙的风景比九寨沟差得太多了。,,,
姜饼人2011,259,4,2017.07.24,黄龙风景名胜区门票+上行索道（成人票）,请至少当天的17点30分前购买,不开后悔，来了更后悔，可能也是因为我去的是阴天而且昨天刚去了九寨沟，所以根本没怎么玩，一直不停的赶路怕错过回程的车，没看到什么有意思的景色,,,
Ern576012072,259,5,2017.06.25,黄龙风景名胜区门票+上行索道票（成人票）,请至少提前1天的22点前购买,风景很美，坐缆车五分钟到山顶，但是走下山走了三个半小时，也挺累了,,,
匿名用户,259,5,2017.09.04,黄龙风景名胜区门票+上行索道（成人票）,请至少当天的17点30分前购买,我们去的时候基本没人，景区太美了,,,
匿名用户,259,5,2017.08.06,黄龙风景名胜区门票+上行索道（成人票）,请至少当天的17点30分前购买,挺好的可能下次还会来吧向往的地方,,,
匿名用户,259,5,2017.09.04,黄龙风景名胜区门票+上行索道票（成人票）,请至少提前1天的22点前购买,电子票取票方便。,,,
FXr430265373,259,4,2017.07.16,黄龙风景名胜区门票+上行索道（成人票）,请至少当天的17点30分前购买,门票价格贵，景色不错，服务也还可以，,,,
田甜635,259,4,2017.07.11,黄龙风景名胜区门票+上行索道票（成人票）,请至少提前1天的22点前购买,这个季节去黄龙真心避暑呀，一路有惊喜，途中能看见雨后彩虹，入园后一面走一面拍照，和九寨沟的美不一样，确实没有白来，海拔很高，需慢行，想要去玩的最好自己多带点吃的，途中没有啥好吃的，唯一不足的是有几个工作员，即使别人随地丢垃圾，喊别人捡起来不是好言相劝，而是大喝谩骂，这个不好,,,
匿名用户,259,5,2017.08.27,黄龙风景名胜区门票+上行索道（儿童/老人/学生票）,请至少当天的17点30分前购买,去四川必须要游览的景点，此次游览九寨黄龙红原，幸运躲过地震。,,,
天水雨,259,4,2017.09.03,黄龙风景名胜区门票+上行索道（成人票）,请至少当天的17点30分前购买,美景以后有时间还会去溜达,,,
匿名用户,259,5,2017.08.10,黄龙风景名胜区门票+上行索道（儿童/老人/学生票）,请至少当天的17点30分前购买,方便快捷，黄龙很漂亮。跟九寨的景不是一种风格,,,
刘倩likai,259,1,2017.08.04,黄龙风景名胜区门票+上行索道（儿童/老人/学生票）,请至少当天的17点30分前购买,坑人的地方……团好的票售票大厅也出票了结果进不去大厅也不退，这是有多坑人……人家还说了你去投诉也没有用……给孩子买个票把人折腾的10几次，结果钱给了票出了人却没进去我们10几个人也就没心情了,,,
_qqskh1407920066,259,5,2017.08.17,黄龙风景名胜区门票+上行索道（儿童/老人/学生票）,请至少当天的17点30分前购买,停车场多。配套完美，坐索道上山后一路缓缓步行，很轻松，三百米左右就有干净厕所。值！,,,
天水雨,259,4,2017.09.03,黄龙风景名胜区门票+上行索道（儿童/老人/学生票）,请至少当天的17点30分前购买,美景   以后还会去的,,,
咕噜咕噜蛐蛐,259,5,2017.06.23,黄龙风景名胜区门票+上行索道票（成人票）,请至少提前1天的22点前购买,还不错，也不是很冷，钙化池很美丽！不虚此行！,,,
咕噜咕噜蛐蛐,259,5,2017.06.23,黄龙风景名胜区门票+上行索道票（成人票）,请至少提前1天的22点前购买,环境不错，美丽的钙化池，景区很大！,,,
匿名用户,259,4,2017.07.27,黄龙风景名胜区门票+上行索道（儿童/老人/学生票）,请至少当天的17点30分前购买,基础设施完善，原始风貌保护好，值得一看！,,,
ffL830519341,259,4,2017.07.18,黄龙风景名胜区门票+上行索道（成人票）,请至少当天的17点30分前购买,五彩池的风景不错，比九寨沟景区稍逊一些，不同的景观！上山一定要坐缆车啊，几分钟就到了，看风景不重复，也没有那么累。不然走上山要花三四个小时，都是爬山，容易产生高原反应，说不定没等到看到最漂亮的五彩池就无功而返了。,,,
匿名用户,259,4,2017.07.18,黄龙风景名胜区门票+上行索道票（成人票）,请至少提前1天的22点前购买,一定要先来黄龙后去九寨沟，要不后悔死。,,,
水木南南,259,5,2017.04.24,黄龙风景名胜区门票+上行索道票（成人票）,请至少提前1天的22点前购买,景区干净整洁，没有任何垃圾。缆车舒适，安全，卫生。SSSSS级别。景区工作人员素质高。景区有吸氧间。1块钱一次。一次一大袋子。便捷，价格公道。景区景色美如画，名不虚传。要是旺季来的话，就更美了。下次还会来。值得推荐。不到黄龙非好汉。,,,
waN785954316,259,4,2017.08.07,黄龙风景名胜区门票+上行索道（成人票）,请至少当天的17点30分前购买,网上购票换票太麻烦，站很长时间的队，与导游，购票一起站队，自动取票机6台都不能使用，没有九寨沟用身份证刷方便。,,,
羽雨羽雨,259,3,2017.08.17,黄龙风景名胜区门票+上行索道（儿童/老人/学生票）,请至少当天的17点30分前购买,缆车售票服务态度特别差，去过这么多景区，只有这个给差评,,,
沉淀676,259,1,2017.07.30,黄龙风景名胜区门票+上行索道（成人票）,请至少当天的17点30分前购买,交警部门和景区联手坑害游客，莫须有的抓外地游客违章，几秒钟上车就定你逆行违章！太**了！跟抢劫没啥区别！,,,
输不烂,259,3,2017.07.30,黄龙风景名胜区门票+上行索道（成人票）,请至少当天的17点30分前购买,自驾游去了好多人    也没有优惠       一路走来     感觉有点贵       可恶的是   阿坝藏族自治州区域     交警躲在草旁边偷拍     开罚单      我也是无语,,,
WvS184821344,259,4,2017.08.17,黄龙风景名胜区门票+上行索道（成人票）,请至少当天的17点30分前购买,门票价格有点贵，当然没有九寨的好看，基本半天可以游完！,,,
黄玫瑰蒋,259,5,2017.07.23,黄龙风景名胜区门票+上行索道（成人票）,请至少当天的17点30分前购买, ,,,
匿名用户,259,5,2017.08.07,黄龙风景名胜区门票+上行索道（儿童/老人/学生票）,请至少当天的17点30分前购买,带父母和宝宝去的，老的老，小的小，几个小时走下来，确实累人，有带老人或小孩的提前做好准备！,,,
DbA80796839,259,5,2017.08.20,黄龙风景名胜区门票+上行索道（儿童/老人/学生票）,请至少当天的17点30分前购买,黄龙景区管理的非常棒，不愧5A,,,
匿名用户,259,5,2017.06.23,黄龙风景名胜区门票+上行索道票（学生票）,请至少提前1天的22点前购买,真的炒鸡好看，值得一去！,,,
tmo434767791,259,5,2017.07.25,黄龙风景名胜区门票+上行索道（成人票）,请至少当天的17点30分前购买,感觉黄龙景区做的比较成熟，整个景区环境干净整洁，不虚此行！,,,
PSx626763813,259,5,2017.08.06,黄龙风景名胜区门票+上行索道（成人票）,请至少当天的17点30分前购买, ,,,
URb261897215,259,5,2017.08.01,黄龙风景名胜区门票+上行索道（成人票）,请至少当天的17点30分前购买,水很美，环境不错。近期水量要小些，但温度合适！美团订票还是需要排队在窗口取票，有些麻烦！,,,
匿名用户,259,5,2017.08.07,黄龙风景名胜区门票+上行索道（成人票）,请至少当天的17点30分前购买,景色怡人，就是带着宝宝，从山顶走下来四个小时，一个字，累！,,,
purplenut,259,5,2017.08.12,黄龙风景名胜区门票+上行索道（儿童/老人/学生票）,请至少当天的17点30分前购买,性价比略低，比九寨沟要差，顶多100块门票差不多,,,
匿名用户,259,5,2017.07.26,黄龙风景名胜区门票+上行索道（儿童/老人/学生票）,请至少当天的17点30分前购买,上面的东西真的是不能买，买个香飘飘奶茶，老板在下面操作，把奶茶粉放一半，果肉不放，声称有些人不要，对游客的尊重一点也没有！,,,
ufU70979195,259,2,2017.08.05,黄龙风景名胜区门票+上行索道（成人票）,请至少当天的17点30分前购买,在网上买的自动取票机坏了，还要排队取票，黄龙门票太贵了，不值,,,
lyoyowy,259,5,2017.07.11,黄龙风景名胜区门票+上行索道（儿童/老人/学生票）,请至少当天的17点30分前购买,风景优美 可惜天公不作美 中途下起大雨,,,
匿名用户,259,5,2017.07.04,黄龙风景名胜区门票+上行索道票（学生票）,请至少提前1天的22点前购买,很漂亮，很赞！下次会再来！只是劝大家，不要买氧乐啥的了，年轻人不会有啥反应的！,,,
fWO710374751,259,5,2017.08.13,黄龙风景名胜区门票+上行索道（儿童/老人/学生票）,请至少当天的17点30分前购买,还不错，就是还是要在卖票窗口一样排队！,,,
URb261897215,259,5,2017.08.01,黄龙风景名胜区门票+上行索道（儿童/老人/学生票）,请至少当天的17点30分前购买,环境好，主要看水，很是特别！美团订票需要到窗口排队换票，不是介绍的那么快！,,,
龙_晓晓,259,3,2017.08.11,黄龙风景名胜区门票+上行索道（成人票）,请至少当天的17点30分前购买,凑合，没得九寨好看，全是走路，没有什么特色,,,
BHA663413885,259,1,2017.08.10,黄龙风景名胜区门票+上行索道（成人票）,请至少当天的17点30分前购买,保安像**一样辱骂游客太差了自驾游的要考虑了！！！,,,
ybxixi,259,4,2017.08.02,黄龙风景名胜区门票+上行索道（成人票）,请至少当天的17点30分前购买,买票方便，取票还要和现金买票的一起排队，建议设置自动取票机,,,
vmV885006098,259,5,2017.08.01,黄龙风景名胜区门票+上行索道（成人票）,请至少当天的17点30分前购买,非常便捷，把身份证递给售票处工作人员一刷，票就到手上了。,,,
皇四,259,5,2017.08.01,黄龙风景名胜区门票+上行索道（成人票）,请至少当天的17点30分前购买,太冷了.没太阳的地方只有几度.早上八点进去的.穿的短裤短袖.建议带厚衣服.,,,
JSI997151838,259,5,2017.08.06,黄龙风景名胜区门票+上行索道（成人票）,请至少当天的17点30分前购买,可以，没有取票机，还是要跟现金买票的一起排队，只是快一点。,,,
mali7373,259,5,2017.08.08,黄龙风景名胜区门票+上行索道（儿童/老人/学生票）,请至少当天的17点30分前购买,很漂亮，坐缆车直接上去，去路走下来，水很美,,,
zKs251808603,259,4,2017.08.06,黄龙风景名胜区手机智能导游（不含门票）,入园前均可购买,还行吧！用起比较方便，对景区的景点分布也方便了解,,,
匿名用户,259,5,2017.08.04,黄龙风景名胜区门票+上行索道（儿童/老人/学生票）,请至少当天的17点30分前购买,值得一去，景色很美，景点设施齐全，记得要天气好的时候去啊！,,,
马胜培,259,5,2017.08.08,黄龙风景名胜区门票+上行索道（儿童/老人/学生票）,请至少当天的17点30分前购买,好评吧，景区卫生挺好，人超多,,,
ufU70979195,259,2,2017.08.07,黄龙风景名胜区门票+上行索道（儿童/老人/学生票）,请至少当天的17点30分前购买,取票机坏了，还要人工窗口排队取票,,,
Nwn857920000,259,4,2017.08.07,黄龙风景名胜区门票+上行索道（儿童/老人/学生票）,请至少当天的17点30分前购买,和九寨沟比起来性价比不高，就看一样的景点,,,
旋转反演,259,4,2017.08.06,黄龙风景名胜区门票+上行索道（成人票）,请至少当天的17点30分前购买,现在去水不是很多！花也谢了！春秋季可能好一点！,,,
Nwn857920000,259,4,2017.08.07,黄龙风景名胜区门票+上行索道（成人票）,请至少当天的17点30分前购买,感觉一般般，有点贵，索道一下到了，3分钟，还要80元,,,
马胜培,259,5,2017.08.08,黄龙风景名胜区门票+上行索道（成人票）,请至少当天的17点30分前购买,看过以后，感觉不错，不虚此行。,,,
xaj912657424,259,5,2017.08.08,黄龙风景名胜区门票+上行索道（成人票）,请至少当天的17点30分前购买,景色还是值得一看的，就是要走很长的路。,,,
gsj110,259,4,2017.08.08,黄龙风景名胜区门票+上行索道（儿童/老人/学生票）,请至少当天的17点30分前购买,黄龙徒有虚名，走了这么多路就这点景。,,,
古博1,259,1,2017.08.06,黄龙风景名胜区门票+上行索道（成人票）,请至少当天的17点30分前购买,价格好贵，一点都不值。项目太少了，,,,
vmV885006098,259,5,2017.08.01,黄龙风景名胜区门票+上行索道（儿童/老人/学生票）,请至少当天的17点30分前购买,老妈觉得很方便，很满意。就是今天排队等车太久。,,,
黑崖001,259,3,2017.08.07,黄龙风景名胜区门票+上行索道（成人票）,请至少当天的17点30分前购买,没什么意思！还是去九寨沟比较好！,,,
LaZ746789769,259,5,2017.07.24,黄龙风景名胜区门票+上行索道（儿童/老人/学生票）,请至少当天的17点30分前购买,设施非常完善，道路路况良好，景区也非常干净，比九寨沟强多了。风景自不必多说美不胜收。,,,
匿名用户,259,5,2017.08.01,黄龙风景名胜区门票+上行索道（成人票）,请至少当天的17点30分前购买,景区设施设备齐全，建议上去坐索道，不然会导致体力不支。,,,
JA772949627,259,4,2017.08.06,黄龙风景名胜区门票+上行索道（成人票）,请至少当天的17点30分前购买,一般吧，旺季人挺多的,,,
mali7373,259,5,2017.08.08,黄龙风景名胜区门票+上行索道（成人票）,请至少当天的17点30分前购买,很美的景色,,,
Tek610542101,259,5,2017.08.05,黄龙风景名胜区门票+上行索道（成人票）,请至少当天的17点30分前购买,确实不错，想往已久，这次终于自驾实现了愿望。,,,
爱臭屁的小邓崽,259,5,2017.07.07,黄龙风景名胜区门票+上行索道票（学生票）,请至少提前1天的22点前购买,天气好，水好，山好，走走放放松。,,,
fiL906833499,259,5,2017.08.06,黄龙风景名胜区门票+上行索道（成人票）,请至少当天的17点30分前购买,缆车距景点太远，毫无必要！,,,
长春阿梁,259,5,2017.08.05,黄龙风景名胜区门票+上行索道（成人票）,请至少当天的17点30分前购买,方便，实惠，非常好,,,
cRe56272015,259,5,2017.08.06,黄龙风景名胜区门票+上行索道（成人票）,请至少当天的17点30分前购买,hey 方便，位置也好找到，值得推荐,,,
吃货宝宝123456,259,4,2017.08.04,黄龙风景名胜区门票+上行索道票（学生票）,请至少提前1天的22点前购买,风景不错，就是走的有点累,,,
eUh506496949,259,3,2017.07.31,黄龙风景名胜区门票+上行索道（儿童/老人/学生票）,请至少当天的17点30分前购买,黄龙的吃住玩是我本次安排的线路中最差的。体验非常不好！,,,
Yxa973216274,259,3,2017.07.28,黄龙风景名胜区门票+上行索道（成人票）,请至少当天的17点30分前购买,有点不值，门票太贵，看了九寨沟，再来这里，很失望，相对这个景色，贵！,,,
匿名用户,259,1,2017.08.02,黄龙风景名胜区门票+上行索道（成人票）,请至少当天的17点30分前购买,辣鸡就两个景点。一直走。厕所比景点还多。,,,
Jy牧羊人,259,5,2017.08.01,黄龙风景名胜区门票+上行索道（成人票）,请至少当天的17点30分前购买,风景不错，索道上，下山徒步比较好。,,,
MPz280994942,259,5,2017.08.01,黄龙风景名胜区门票+上行索道（儿童/老人/学生票）,请至少当天的17点30分前购买,景区风景不错，值得旅游一下。,,,
nFU714522331,259,4,2017.08.04,黄龙风景名胜区门票+上行索道（儿童/老人/学生票）,请至少当天的17点30分前购买,有点难走，其他都好！,,,
JbS730496220,259,3,2017.07.25,黄龙风景名胜区门票+上行索道（成人票）,请至少当天的17点30分前购买,和九寨沟比起来，票价太贵了，不值。如果去过九寨沟了，这里就可以不看。,,,
Invisible6432,259,4,2017.08.05,黄龙风景名胜区门票+上行索道（儿童/老人/学生票）,请至少当天的17点30分前购买,还行吧,,,
丶阿修_,259,5,2017.07.25,黄龙风景名胜区门票+上行索道票（成人票）,请至少提前1天的22点前购买,大家都是九寨黄龙，可想黄龙是跟九寨沟同一水平，也很好玩，风景如画。,,,
okn708450818,259,5,2017.07.03,黄龙风景名胜区门票+上行索道票（学生票）,请至少提前1天的22点前购买,景色很美呀！值得一去！,,,
飞鱼1129,259,5,2017.07.21,黄龙风景名胜区门票+上行索道（儿童/老人/学生票）,请至少当天的17点30分前购买,五星级的景区服务设施很好，景区风景优美，适合自驾游前往，美团购票很便捷。,,,
wRB494068008,259,5,2017.07.11,黄龙风景名胜区门票+上行索道（儿童/老人/学生票）,请至少当天的17点30分前购买,真的不错就是景点基础设施需要增加,,,
匿名用户,259,3,2017.07.28,黄龙风景名胜区门票+上行索道（成人票）,请至少当天的17点30分前购买,觉得不值那个价格，风景也挺美的不过太单一,,,
Limerance球,259,1,2017.08.01,黄龙风景名胜区门票+上行索道（儿童/老人/学生票）,请至少当天的17点30分前购买,有窗口买的价格一样，一点也不优惠,,,
eUh506496949,259,1,2017.07.31,黄龙风景名胜区门票+上行索道（成人票）,请至少当天的17点30分前购买,不会再去了！不好！体验很差！很差的！,,,
ffL830519341,259,4,2017.07.18,黄龙风景名胜区门票+上行索道（儿童/老人/学生票）,请至少当天的17点30分前购买,风景还行，门票太贵，下山碰到下雨，雨停后看到了云雾缭绕仙境一般的景色，不虚此行！,,,
UWJ876708590,259,5,2017.07.26,黄龙风景名胜区门票+上行索道（儿童/老人/学生票）,请至少当天的17点30分前购买,风景如画，很震撼，走了14公里，体力也是个挑战。,,,
uLy895304726,259,5,2017.07.18,黄龙风景名胜区门票+上行索道（成人票）,请至少当天的17点30分前购买,景区整体环境不错，而且里面的餐饮价格比起一般景区也要亲民一些,,,
am19850518,259,5,2017.07.25,黄龙风景名胜区门票+上行索道（成人票）,请至少当天的17点30分前购买,景色美，但是要走好多路，有高原反应。,,,
笑她,259,2,2017.07.22,黄龙风景名胜区门票+上行索道（成人票）,请至少当天的17点30分前购买,景区只有两个比较好看的景点 半天就耍完了 门票太贵,,,
匿名用户,259,2,2017.07.24,黄龙风景名胜区门票+上行索道（成人票）,请至少当天的17点30分前购买,没必要去感觉，性价比超低，没什么好看,,,
VyX780507013,259,5,2017.07.24,黄龙风景名胜区门票+上行索道（成人票）,请至少当天的17点30分前购买,还不错，坐索道上去，转一圈下来，四五个小时。,,,
飞鱼1129,259,5,2017.07.21,黄龙风景名胜区门票+上行索道（成人票）,请至少当天的17点30分前购买,景区很好，开车方便，非常适合自驾游，一路风光无限。,,,
Mini_BB,259,5,2017.06.19,黄龙风景名胜区门票+上行索道票（学生票）,请至少提前1天的22点前购买,风景很好看，和九寨沟风景完全不同，走路有点多，有点累,,,
王白玛曲珍,259,3,2017.07.19,黄龙风景区手机智能导游讲解（不含门票）,入园前均可购买,不是很好，只有五彩池和下山的地方风景不错 ，但走了很久的路,,,
zId852791462,259,4,2017.06.01,黄龙风景名胜区门票+上行索道票（成人票）,请至少提前1天的22点前购买,可惜了，去的时候没有什么水，能看的很少。不过去的路上遇上大雪，5月26号，哈哈，不错不错。,,,
gy410,259,3,2017.05.31,黄龙风景名胜区门票+上行索道票（成人票）,请至少提前1天的22点前购买,可惜这个时间是枯水期，一些景点没有水。一路上的氧吧极为方便，给个赞。,,,
h159753258,259,5,2017.07.12,黄龙风景名胜区门票+上行索道票（学生票）,请至少提前1天的22点前购买,风景好，喝了产氧水，太坑了，就是一瓶矿泉水，卖100元，有点不厚道，其他还好。,,,
笑她,259,1,2017.07.22,黄龙风景名胜区门票+上行索道票（学生票）,请至少提前1天的22点前购买,景区不大 风景差不多 感觉门票不值,,,
我的翘宝贝,259,5,2017.07.19,黄龙风景名胜区门票+上行索道票（学生票）,请至少提前1天的22点前购买,换票很方便，景很美，非常喜欢。,,,
王晓兵1111,259,5,2017.07.22,黄龙风景名胜区门票+上行索道（成人票）,请至少当天的17点30分前购买,不错，出票很快,,,
afl476392079,259,5,2017.07.22,黄龙风景名胜区门票+上行索道（成人票）,请至少当天的17点30分前购买,管理到位，风景优美,,,
afl476392079,259,5,2017.07.22,黄龙风景名胜区门票+上行索道（成人票）,请至少当天的17点30分前购买,管理到位，风景优美,,,
afl476392079,259,5,2017.07.22,黄龙风景名胜区门票+上行索道（成人票）,请至少当天的17点30分前购买,管理到位，风景优美,,,
uLy895304726,259,5,2017.07.18,黄龙风景名胜区门票+上行索道票（学生票）,请至少提前1天的22点前购买,换票方便，景色优美，值得一去,,,
wxV797646750,259,4,2017.07.03,黄龙风景名胜区门票+上行索道票（成人票）,请至少提前1天的22点前购买,从上山就开始下雨一直到山底还在下，五彩池挺好看的就是下雨天拍不出效果，水特别清，还看到了小松鼠！,,,
W15136372,259,4,2017.05.26,黄龙风景名胜区门票+上行索道票（成人票）,请至少提前1天的22点前购买,哎 去了九寨沟发现再去黄龙没有什么看的，好多池子水都已经干了。,,,
Zmq879680864,259,2,2017.07.13,黄龙风景名胜区门票+上行索道票（成人票）,请至少提前1天的22点前购买,一般吧，性价比不高，没有九寨沟好看,,,
小怪兽打奥特曼9,259,2,2017.05.28,黄龙风景名胜区门票+上行索道票（成人票）,请至少提前1天的22点前购买,环境挺干净 可能来的不是时节 没有水 走那么远 就几个池有水 枯水期建议就不要开放 或者票价调整一下 简直都没有自己家附近的公园景色好 就是大 花那么多钱 座那么远的车从九寨沟出发 在里面走好几个小时山路看大叔,,,
许九斤,259,5,2017.07.15,黄龙风景名胜区门票+上行索道票（成人票）,请至少提前1天的22点前购买,黄龙还是很美的,,,
董馥宁,259,5,2017.07.13,黄龙风景名胜区门票+上行索道票（成人票）,请至少提前1天的22点前购买,非常好看，非常值得，越走越兴奋的景点,,,
孟美琴1314,259,4,2017.07.02,黄龙风景名胜区门票+上行索道票（成人票）,请至少提前1天的22点前购买,空气不错，但是去的时候是枯水期，没有什么看的，有些失望,,,
小晴天里的大太阳,259,5,2017.05.21,黄龙风景名胜区门票+上行索道票（成人票）,请至少提前1天的22点前购买,虽然是枯水期去的，但还是被黄龙的景色吸引到了！五彩池果然名不虚传～～另外，一定要注意温度！黄龙比九寨沟的海拔还高，所以去之前查好温度，做好防寒、防晒措施！黄龙人很朴实，酒店旁边的超市藏族阿妈很热情,,,
xVD599472347,259,5,2017.06.04,黄龙风景名胜区门票+上行索道票（成人票）,请至少提前1天的22点前购买,水还不够多，希望有机会未来七八九月份能再去。,,,
孟美琴1314,259,4,2017.07.02,黄龙风景名胜区门票+上行索道票（成人票）,请至少提前1天的22点前购买,建议大家6月份以后再去，6月前是枯水期，没有啥好看的,,,
comrobot,259,5,2017.07.02,黄龙风景名胜区门票+上行索道票（学生票）,请至少提前1天的22点前购买,环境优美，交通便利，就是景区无就餐地方。,,,
SunshineDMY,259,5,2017.06.29,黄龙风景名胜区门票+上行索道票（学生票）,请至少提前1天的22点前购买,很漂亮，值得一去。游览时间大概多半天，早起比较冷。,,,
Bdd24882867,259,2,2017.05.03,黄龙风景名胜区门票+上行索道票（成人票）,请至少提前1天的22点前购买,完全没水，没到丰水期去的，景区景色简直贬值到无法忍受，就只看看了水池子！一下索道的那条路特别滑滑滑！好多人都摔倒了，这样感觉很危险啊，毕竟在山上，希望景区改善，还有没有水应该在景区门口写明或者有水了再开放啊，搞不懂景区里没有水的黄龙让大家看什么，光走路了，感觉就去里面散了个步就回了，门票好不值啊…,,,
李姐17A06,259,2,2017.04.29,黄龙风景名胜区门票+上行索道票（成人票）,请至少提前1天的22点前购买,淡季的景色收旺季的价钱，非常不合理，只有五彩池有点点水，其余地方系非常干旱，索道离五彩池还要很耐体力又远的距离，不科学的设计,,,
yPS209150778,259,5,2017.07.01,黄龙风景名胜区门票+上行索道票（成人票）,请至少提前1天的22点前购买,黄九归来不看水！,,,
zQY190627494,259,5,2017.06.25,黄龙风景区手机智能导游讲解（不含门票）,入园前均可购买,五彩池很神奇，可以拍照的景色很多，就是走的有点累哦！,,,
yPS209150778,259,5,2017.07.01,黄龙风景名胜区门票+上行索道票（成人票）,请至少提前1天的22点前购买,非常好，不柱此行！,,,
dKw810098279,259,5,2017.05.18,黄龙风景名胜区门票+上行索道票（成人票）,请至少提前1天的22点前购买,黄龙景区附近的雪山还是很美的，坐索道上去到观景台，可以看到雪宝鼎峰，只是我们来的季节不对，一到五月是黄龙景区的枯水期，很多池里都是没有水的，杜鹃花也都没有开，有些小遗憾…有机会的话，要在六到十月的丰水期再来一次,,,
CLH730422,259,5,2017.06.17,黄龙风景名胜区门票+上行索道票（成人票）,请至少提前1天的22点前购买,风景太美了，用身份证可直接入景区，又有优惠，美团网太好了,,,
CLH730422,259,5,2017.06.17,黄龙风景名胜区门票+上行索道票（成人票）,请至少提前1天的22点前购买,美景，拿身份证直接入内，正赶上优惠券赠送，太划算了,,,
tmW278716077,259,5,2017.06.23,黄龙风景名胜区门票+上行索道票（学生票）,请至少提前1天的22点前购买,炒鸡好看，值得一去！以后会再来！,,,
匿名用户,259,5,2017.06.23,黄龙风景名胜区门票+上行索道票（成人票）,请至少提前1天的22点前购买,黄龙的水是真没,水彩更艳。,,
Smllzhe,259,5,2017.05.06,黄龙风景名胜区门票+上行索道票（成人票）,请至少提前1天的22点前购买,好美的风景，不虚此行,,,
李蓓79,259,1,2017.05.05,黄龙风景名胜区门票+上行索道票（成人票）,请至少提前1天的22点前购买, ,,,
羌州人qzeman,259,5,2017.05.07,黄龙风景名胜区门票+上行索道票（成人票）,请至少提前1天的22点前购买, ,,,
NLN970377544,259,5,2017.06.04,黄龙风景名胜区门票+上行索道票（学生票）,请至少提前1天的22点前购买,这个季节不是观看黄龙的最美季节。水太少了，很多地方水都木有。,,,
鞋跋子,259,1,2017.06.05,黄龙风景名胜区门票+上行索道票（成人票）,请至少提前1天的22点前购买,只有五彩池好看 其他好多地方都没水 也敢收旺季门票 ！ 坑 ！！！,,,
TaD847683504,259,5,2017.06.14,黄龙风景名胜区门票+上行索道票（成人票）,请至少提前1天的22点前购买,人间美景，已评价过,,,
繁A痴,259,4,2017.06.01,黄龙风景名胜区门票+上行索道票（成人票）,请至少提前1天的22点前购买,应该是去的不是时候吧。感觉就那个五彩池很好。其它很多地方都没有水,,,
miq467007552,259,5,2017.05.31,黄龙风景名胜区门票+上行索道票（成人票）,请至少提前1天的22点前购买,在售票窗口 评身份证取票 方便快捷 风景秀丽,,,
Peng0621佳艳,259,3,2017.05.28,黄龙风景名胜区门票+上行索道票（成人票）,请至少提前1天的22点前购买,景区好多景点水都干了  不是想象中的样子,,,
miq467007552,259,5,2017.05.31,黄龙风景名胜区门票+上行索道票（成人票）,请至少提前1天的22点前购买,取票方便 风景优美,,,
原来世界如此美丽,259,1,2017.05.25,黄龙风景名胜区门票+上行索道票（成人票）,请至少提前1天的22点前购买,不建议大家前往！环境不好！就是不停的爬山什么风景都没有,,,
GmO180776077,259,1,2017.05.28,黄龙风景名胜区门票+上行索道票（成人票）,请至少提前1天的22点前购买,8停车场保安态度恶劣。其他满分，建议丰水期去。,,,
CZ1262,259,5,2017.04.07,黄龙风景名胜区门票+上行索道票（老人票）,请至少提前1天的22点前购买,现在去看的是冬季黄龙，不一样的黄龙风景。就是门票价格在这个季节有点高,,,
匿名用户,259,5,2017.03.04,黄龙风景名胜区门票+上行索道票（成人票）,请至少提前1天的22点前购买,风景很美，下小雪，让景色更好看，就是水给冻住了，哈哈，有点小失望。太晚了，要选季节却，看到的可能会更美，就是不同的季节风景不一样，下次还会再去玩，没有高原反应。和朋友一起去旅游，爬山爬得好累，但是看到美丽的景色也值了,,,
某鸡,259,5,2017.05.27,黄龙风景名胜区门票+上行索道票（成人票）,请至少提前1天的22点前购买,水比较干净 还不错 看水的地方,,,
CZ1262,259,5,2017.04.01,黄龙风景名胜区门票+上行索道票（成人票）,请至少提前1天的22点前购买,冬季的黄龙，不一样的景色。很棒！就是门票在这个季节能便宜点就更完美了,,,
Vrg681630586,259,1,2017.05.21,黄龙风景名胜区门票+上行索道票（成人票）,请至少提前1天的22点前购买,太一般般了。那么贵的门票。不划算。跟九寨沟没法比。,,,
小晴天里的大太阳,259,5,2017.05.21,黄龙风景名胜区门票+上行索道票（成人票）,请至少提前1天的22点前购买,6--10沣水期，黄龙景色会更美！明年还会来哦！,,,
Vrg681630586,259,1,2017.05.21,黄龙风景名胜区门票+上行索道票（成人票）,请至少提前1天的22点前购买,建议大家别去。累成狗不好玩。门票又贵,,,
Vrg681630586,259,1,2017.05.21,黄龙风景名胜区门票+上行索道票（成人票）,请至少提前1天的22点前购买,环境一般。也不好玩。门票死贵。,,,
Vrg681630586,259,1,2017.05.21,黄龙风景名胜区门票+上行索道票（成人票）,请至少提前1天的22点前购买,不好玩。上当了。浪费体力又费钱,,,
Vrg681630586,259,1,2017.05.21,黄龙风景名胜区门票+上行索道票（成人票）,请至少提前1天的22点前购买,不好玩。不好玩。上当了上当了。,,,
Zql2017,259,5,2017.05.14,黄龙风景名胜区门票+上行索道票（成人票）,请至少提前1天的22点前购买,很美，但是其实不需要团购，在当地买票就好！,,,
TDG244157907,259,5,2017.05.09,黄龙风景名胜区门票+上行索道票（成人票）,请至少提前1天的22点前购买,环境好，要在热点去看，太多冰块了，时间没对，枯水季节,,,
癞蛤蟆要吃肉,259,3,2017.05.05,黄龙风景名胜区门票+上行索道票（学生票）,请至少提前1天的22点前购买,枯水期，全程就五彩池有水，这个时候去不值得，不过丰水期应该很好看，值得去,,,
zhang茵,259,3,2017.05.04,黄龙风景名胜区门票+上行索道票（成人票）,请至少提前1天的22点前购买,枯水期，只有山顶上的五彩池有水，还是挺好看，建议过2个月再去。,,,
谭洁1980,259,5,2017.05.07,黄龙风景名胜区门票+上行索道票（成人票）,请至少提前1天的22点前购买,风景很美！有水就更好了！（枯水期）,,,
Lkf626019247,259,2,2017.05.06,黄龙风景名胜区门票+上行索道票（成人票）,请至少提前1天的22点前购买,枯水季，景色一般，不值这个价钱,,,
zhang茵,259,3,2017.05.04,黄龙风景名胜区门票+上行索道票（成人票）,请至少提前1天的22点前购买,联系过2个月去，花也开了，水也多。,,,
WaP540159396,259,3,2017.05.03,黄龙风景名胜区门票+上行索道票（成人票）,请至少提前1天的22点前购买,6月以前的黄龙就是垃圾，没有水一点意思也没有...,,,
Lkf626019247,259,5,2017.05.06,黄龙风景名胜区门票+上行索道票（成人票）,请至少提前1天的22点前购买,枯水季，景色一般,,,
blueshine001,259,5,2017.05.02,黄龙风景名胜区门票+上行索道票（学生票）,请至少提前1天的22点前购买,买了2张学生票用了减20的优惠券，很不错啊,,,
旷野的呼唤645,259,5,2017.04.29,黄龙风景名胜区门票+上行索道票（成人票）,请至少提前1天的22点前购买,设施还好，不是汛期去的水少，下次再来,,,
匿名用户,259,3,2017.04.02,黄龙风景名胜区门票+上行索道票（成人票）,请至少提前1天的22点前购买,这个季节算是白去了，月底会好些吧！,,,
Epn996046045,259,5,2016.12.05,黄龙风景名胜区门票+上行索道票（成人票）,请至少提前1天的22点前购买,美不胜收，中秋去的，这会儿来评价我也是醉了，不好意思哈！！我们去的很赶，周五下午五点从成都出发一心奔往黄龙，到了黄龙凌晨两点，松潘到黄龙的路上，因为已经深夜了，我们不顾一切的前进，在山上的时候只有我们一辆车，相当危险，前路茫茫全是雾，还时不时的遇见一群牦牛压马路！想想都后怕，第二天看到景色的时候，觉得所有的一切都是值得的。由于我们时间紧迫，我们进去得早，人还不算很多，中午点就出来了，然后赶往九寨，人间的天堂！！,,,
qdy713046648,259,5,2017.02.06,黄龙风景名胜区门票+上行索道票（成人票）,请至少提前1天的22点前购买,景区的风景不错，门票有点偏贵,,,
青果旧巷,259,4,2017.03.05,黄龙风景名胜区门票+上行索道票（成人票）,请至少提前1天的22点前购买,好喜欢 风景很好 心情很愉悦 希望下次有机会再去,,,
青果旧巷,259,4,2017.03.05,黄龙风景名胜区门票+上行索道票（学生票）,请至少提前1天的22点前购买,希望下次能再去 人还挺多的 那天天气还不错 注意防晒,,,
匿名用户,259,5,2016.11.19,黄龙风景名胜区门票+上行索道票（成人票）,请至少提前1天的22点前购买, ,,,
Qid350886142,259,5,2017.01.30,黄龙风景名胜区门票+上行索道票（成人票）,请至少提前1天的22点前购买,景区风景秀丽，服务好，非常适合年轻人旅游，推荐这家购票，比景点购票优惠好多。,,,
KBu506488082,259,5,2016.10.19,黄龙风景名胜区门票+上行索道票（成人票）,请至少提前1天的22点前购买,风景不错，很值得一去，都是自然景观，虽然海拔4000多米但是觉得还好没有什么高原反应，上山直接坐索道，下山一路可以拍拍照看看沿途的风景，沿途的风景也很不错，还有小松鼠，可以味吃的给它，和九寨沟是不同的感觉，有机会可以自己体会一下*^_^*,,,
匿名用户,259,5,2017.01.31,黄龙风景名胜区门票+上行索道票（成人票）,请至少提前1天的22点前购买,国庆节到的，听说排索道要2小时以上，赶时间，放弃……遗憾，下次再来,,,
ELF阿布,259,5,2016.10.03,黄龙风景名胜区门票+上行索道票（成人票）,请至少提前1天的22点前购买,黄龙~~不一样的美好。神圣的雪宝顶，多彩绚丽的水，挺拔的雪松~不枉在高海拔地区浪费的体力。植被好，高原反应没来！沿途路上的风景也美的一塌糊涂图。景区各种服务设施都很不错！换票也超级方便！建议缆车上去，慢慢匀速走。,,,
匿名用户,259,5,2016.10.19,黄龙风景名胜区门票+上行索道票（成人票）,请至少提前1天的22点前购买,风景不错，很值得一去，都是自然景观，虽然海拔4000多米但是觉得还好没有什么高原反应，上山直接坐索道，下山一路可以拍拍照看看沿途的风景，沿途的风景也很不错，还有小松鼠，可以味吃的给它，和九寨沟是不同的感觉，有机会可以自己体会一下,,,
qsI719280296,259,4,2016.10.29,黄龙风景名胜区门票+上行索道票（成人票）,请至少提前1天的22点前购买,上山是坐缆车…很快很稳比较成熟…跟着一直往五彩池走…地面很滑真得要小心慢走…地面有铺防滑垫还是比较好…不过一路过来都没有开水装…无奈只可以买冰水…感觉给钱有开水打都好…但是就系没有人愿意。一路有氧吧可以休息…我们还是比较正常游行了5小时结束,,,
aaL322038188,259,5,2016.10.04,黄龙风景名胜区门票+上行索道票（成人票）,请至少提前1天的22点前购买,黄龙~~不一样的美好。神圣的雪宝顶，多彩绚丽的水，挺拔的雪松~不枉在高海拔地区浪费的体力。植被好，高原反应没来！沿途路上的风景也美的一塌糊涂图。景区各种服务设施都很不错！换票也超级方便！建议缆车上去，慢慢匀速走。,,,
xSw610051123,259,1,2017.01.08,黄龙风景名胜区门票+上行索道票（成人票）,请至少提前1天的22点前购买,很快，很好，服务好，就是位置不好找。,,,
